S01B0000776966695F687474705F636C69656E745F736F632E73333789
S31500000000010000000D900D901C8C01000100000005
S31500000010001020004FBE02FD00000000000000009E
S3150000002000000000000000000000000000000000CA
S315000000300000000000000000000000000D900D9080
S31500000040A55A0000002020080000008000000000E3
S31500000050000000000000000000000000000000009A
S31500000060000000000000000000000000000000008A
S31500000070000000000000000000000000000000007A
S31500000080000000000000000000000000000000006A
S31500000090000000000000000000000000000000005A
S315000000A0000000000000000000000000000000004A
S315000000B0000000000000000000000000000000003A
S315000000C0000000000000000000000000000000002A
S315000000D0000000000000000000000000000000001A
S315000000E0000000000000000000000000000000000A
S315000000F000000000000000000000000000000000FA
S3150000010000000000000000000000000000000000E9
S3150000011000000000000000000000000000000000D9
S3150000012000000000000000000000000000000000C9
S3150000013000000000000000000000000000000000B9
S3150000014000000000000000000000000000000000A9
S315000001500000000000000000000000000000000099
S315000001600000000000000000000000000000000089
S315000001700000000000000000000000000000000079
S315000001800000000000000000000000000000000069
S315000001900000000000000000000000000000000059
S315000001A00000000000000000000000000000000049
S315000001B00000000000000000000000000000000039
S315000001C00000000000000000000000000000000029
S315000001D00000000000000000000000000000000019
S315000001E00000000000000000000000000000000009
S315000001F000000000000000000000000000000000F9
S3150000020000000000000000000000000000000000E8
S3150000021000000000000000000000000000000000D8
S3150000022000000000000000000000000000000000C8
S3150000023000000000000000000000000000000000B8
S3150000024000000000000000000000000000000000A8
S315000002500000000000000000000000000000000098
S315000002600000000000000000000000000000000088
S315000002700000000000000000000000000000000078
S315000002800000000000000000000000000000000068
S315000002900000000000000000000000000000000058
S315000002A00000000000000000000000000000000048
S315000002B00000000000000000000000000000000038
S315000002C00000000000000000000000000000000028
S315000002D00000000000000000000000000000000018
S315000002E00000000000000000000000000000000008
S315000002F000000000000000000000000000000000F8
S3150000030000000000000000000000000000000000E7
S3150000031000000000000000000000000000000000D7
S3150000032000000000000000000000000000000000C7
S3150000033000000000000000000000000000000000B7
S3150000034000000000000000000000000000000000A7
S315000003500000000000000000000000000000000097
S315000003600000000000000000000000000000000087
S315000003700000000000000000000000000000000077
S315000003800000000000000000000000000000000067
S315000003900000000000000000000000000000000057
S315000003A00000000000000000000000000000000047
S315000003B00000000000000000000000000000000037
S315000003C00000000000000000000000000000000027
S315000003D00000000000000000000000000000000017
S315000003E00000000000000000000000000000000007
S315000003F000000000000000000000000000000000F7
S3150000040000000000000000000000000000000000E6
S3150000041000000000000000000000000000000000D6
S3150000042000000000000000000000000000000000C6
S3150000043000000000000000000000000000000000B6
S3150000044000000000000000000000000000000000A6
S315000004500000000000000000000000000000000096
S315000004600000000000000000000000000000000086
S315000004700000000000000000000000000000000076
S315000004800000000000000000000000000000000066
S315000004900000000000000000000000000000000056
S315000004A00000000000000000000000000000000046
S315000004B00000000000000000000000000000000036
S315000004C00000000000000000000000000000000026
S315000004D00000000000000000000000000000000016
S315000004E00000000000000000000000000000000006
S315000004F000000000000000000000000000000000F6
S3150000050000000000000000000000000000000000E5
S3150000051000000000000000000000000000000000D5
S3150000052000000000000000000000000000000000C5
S3150000053000000000000000000000000000000000B5
S3150000054000000000000000000000000000000000A5
S315000005500000000000000000000000000000000095
S315000005600000000000000000000000000000000085
S315000005700000000000000000000000000000000075
S315000005800000000000000000000000000000000065
S315000005900000000000000000000000000000000055
S315000005A00000000000000000000000000000000045
S315000005B00000000000000000000000000000000035
S315000005C00000000000000000000000000000000025
S315000005D00000000000000000000000000000000015
S315000005E00000000000000000000000000000000005
S315000005F000000000000000000000000000000000F5
S3150000060000000000000000000000000000000000E4
S3150000061000000000000000000000000000000000D4
S3150000062000000000000000000000000000000000C4
S3150000063000000000000000000000000000000000B4
S3150000064000000000000000000000000000000000A4
S315000006500000000000000000000000000000000094
S315000006600000000000000000000000000000000084
S315000006700000000000000000000000000000000074
S315000006800000000000000000000000000000000064
S315000006900000000000000000000000000000000054
S315000006A00000000000000000000000000000000044
S315000006B00000000000000000000000000000000034
S315000006C00000000000000000000000000000000024
S315000006D00000000000000000000000000000000014
S315000006E00000000000000000000000000000000004
S315000006F000000000000000000000000000000000F4
S3150000070000000000000000000000000000000000E3
S3150000071000000000000000000000000000000000D3
S3150000072000000000000000000000000000000000C3
S3150000073000000000000000000000000000000000B3
S3150000074000000000000000000000000000000000A3
S315000007500000000000000000000000000000000093
S315000007600000000000000000000000000000000083
S315000007700000000000000000000000000000000073
S315000007800000000000000000000000000000000063
S315000007900000000000000000000000000000000053
S315000007A00000000000000000000000000000000043
S315000007B00000000000000000000000000000000033
S315000007C00000000000000000000000000000000023
S315000007D00000000000000000000000000000000013
S315000007E00000000000000000000000000000000003
S315000007F000000000000000000000000000000000F3
S3150000080000000000000000000000000000000000E2
S3150000081000000000000000000000000000000000D2
S3150000082000000000000000000000000000000000C2
S3150000083000000000000000000000000000000000B2
S3150000084000000000000000000000000000000000A2
S315000008500000000000000000000000000000000092
S315000008600000000000000000000000000000000082
S315000008700000000000000000000000000000000072
S315000008800000000000000000000000000000000062
S315000008900000000000000000000000000000000052
S315000008A00000000000000000000000000000000042
S315000008B00000000000000000000000000000000032
S315000008C00000000000000000000000000000000022
S315000008D00000000000000000000000000000000012
S315000008E00000000000000000000000000000000002
S315000008F000000000000000000000000000000000F2
S3150000090000000000000000000000000000000000E1
S3150000091000000000000000000000000000000000D1
S3150000092000000000000000000000000000000000C1
S3150000093000000000000000000000000000000000B1
S3150000094000000000000000000000000000000000A1
S315000009500000000000000000000000000000000091
S315000009600000000000000000000000000000000081
S315000009700000000000000000000000000000000071
S315000009800000000000000000000000000000000061
S315000009900000000000000000000000000000000051
S315000009A00000000000000000000000000000000041
S315000009B00000000000000000000000000000000031
S315000009C00000000000000000000000000000000021
S315000009D00000000000000000000000000000000011
S315000009E00000000000000000000000000000000001
S315000009F000000000000000000000000000000000F1
S31500000A0000000000000000000000000000000000E0
S31500000A1000000000000000000000000000000000D0
S31500000A2000000000000000000000000000000000C0
S31500000A3000000000000000000000000000000000B0
S31500000A4000000000000000000000000000000000A0
S31500000A500000000000000000000000000000000090
S31500000A600000000000000000000000000000000080
S31500000A700000000000000000000000000000000070
S31500000A800000000000000000000000000000000060
S31500000A900000000000000000000000000000000050
S31500000AA00000000000000000000000000000000040
S31500000AB00000000000000000000000000000000030
S31500000AC00000000000000000000000000000000020
S31500000AD00000000000000000000000000000000010
S31500000AE00000000000000000000000000000000000
S31500000AF000000000000000000000000000000000F0
S31500000B0000000000000000000000000000000000DF
S31500000B1000000000000000000000000000000000CF
S31500000B2000000000000000000000000000000000BF
S31500000B3000000000000000000000000000000000AF
S31500000B40000000000000000000000000000000009F
S31500000B50000000000000000000000000000000008F
S31500000B60000000000000000000000000000000007F
S31500000B70000000000000000000000000000000006F
S31500000B80000000000000000000000000000000005F
S31500000B90000000000000000000000000000000004F
S31500000BA0000000000000000000000000000000003F
S31500000BB0000000000000000000000000000000002F
S31500000BC0000000000000000000000000000000001F
S31500000BD0000000000000000000000000000000000F
S31500000BE000000000000000000000000000000000FF
S31500000BF000000000000000000000000000000000EF
S31500000C0000000000000000000000000000000000DE
S31500000C1000000000000000000000000000000000CE
S31500000C2000000000000000000000000000000000BE
S31500000C3000000000000000000000000000000000AE
S31500000C40000000000000000000000000000000009E
S31500000C50000000000000000000000000000000008E
S31500000C60000000000000000000000000000000007E
S31500000C70000000000000000000000000000000006E
S31500000C80000000000000000000000000000000005E
S31500000C90000000000000000000000000000000004E
S31500000CA0000000000000000000000000000000003E
S31500000CB0000000000000000000000000000000002E
S31500000CC0000000000000000000000000000000001E
S31500000CD0000000000000000000000000000000000E
S31500000CE000000000000000000000000000000000FE
S31500000CF000000000000000000000000000000000EE
S31500000D0000000000000000000000000000000000DD
S31500000D1000000000000000000000000000000000CD
S31500000D2000000000000000000000000000000000BD
S31500000D3000000000000000000000000000000000AD
S31500000D40000000000000000000000000000000009D
S31500000D50000000000000000000000000000000008D
S31500000D60000000000000000000000000000000007D
S31500000D70000000000000000000000000000000006D
S31500000D80000000000000000000000000000000005D
S31500000D90000000000000000000000000000000004D
S31500000DA0000000000000000000000000000000003D
S31500000DB0000000000000000000000000000000002D
S31500000DC0000000000000000000000000000000001D
S31500000DD0000000000000000000000000000000000D
S31500000DE000000000000000000000000000000000FD
S31500000DF000000000000000000000000000000000ED
S31500000E0000000000000000000000000000000000DC
S31500000E1000000000000000000000000000000000CC
S31500000E2000000000000000000000000000000000BC
S31500000E3000000000000000000000000000000000AC
S31500000E40000000000000000000000000000000009C
S31500000E50000000000000000000000000000000008C
S31500000E60000000000000000000000000000000007C
S31500000E70000000000000000000000000000000006C
S31500000E80000000000000000000000000000000005C
S31500000E90000000000000000000000000000000004C
S31500000EA0000000000000000000000000000000003C
S31500000EB0000000000000000000000000000000002C
S31500000EC0000000000000000000000000000000001C
S31500000ED0000000000000000000000000000000000C
S31500000EE000000000000000000000000000000000FC
S31500000EF000000000000000000000000000000000EC
S31500000F0000000000000000000000000000000000DB
S31500000F1000000000000000000000000000000000CB
S31500000F2000000000000000000000000000000000BB
S31500000F3000000000000000000000000000000000AB
S31500000F40000000000000000000000000000000009B
S31500000F50000000000000000000000000000000008B
S31500000F60000000000000000000000000000000007B
S31500000F70000000000000000000000000000000006B
S31500000F80000000000000000000000000000000005B
S31500000F90000000000000000000000000000000004B
S31500000FA0000000000000000000000000000000003B
S31500000FB0000000000000000000000000000000002B
S31500000FC0000000000000000000000000000000001B
S31500000FD0000000000000000000000000000000000B
S31500000FE000000000000000000000000000000000FB
S31500000FF000000000000000000000000000000000EB
S31500001000D096010081212008092E2008092E2008EB
S31500001010092E2008092E2008092E200800000000AD
S31500001020000000000000000000000000F167000062
S31500001030092E20080000000041680000234100003E
S31500001040092E2008092E2008092E2008092E20081E
S31500001050092E2008092E2008092E2008092E20080E
S31500001060092E2008092E2008C5190000F55520086C
S31500001070A9372008092E2008092E2008092E200845
S31500001080092E2008092E2008092E2008092E2008DE
S31500001090092E2008092E2008092E2008092E2008CE
S315000010A0092E2008092E2008092E2008092E2008BE
S315000010B0092E2008092E2008D0960100092E2008A6
S315000010C0812120081D190000092E2008092E20085C
S315000010D0092E2008092E2008913720089D37200860
S315000010E0A9320000092E2008092E200847EA328A74
S315000010F0092E2008092E2008092E2008092E20086E
S31500001100092E2008092E2008092E2008092E20085D
S31500001110092E2008092E2008092E2008092E20084D
S31500001120092E2008092E2008092E2008092E20083D
S31500001130092E2008092E2008092E2008092E20082D
S31500001140092E2008092E2008092E2008092E20081D
S31500001150092E2008092E2008092E2008092E20080D
S31500001160092E2008092E2008690E00000000000044
S315000011700000000000000000000000000000000069
S3150000118010B500F043FE084C00F052FE074BA16874
S315000011904FF4B67218460AF0B3FFA06000F018FFCD
S315000011A0BDE8104000F091BC00ED00E00004000036
S315000011B00348044B834202D0034B03B118477047E0
S315000011C03075000030750000000000000548064B31
S315000011D01B1AD90F01EBA301491002D0034B03B12F
S315000011E01847704730750000307500000000000099
S315000011F010B5064C237843B9FFF7DAFF044B13B159
S315000012000448AFF300800123237010BD3075000041
S31500001210000000009023210808B5054B1BB10549C5
S315000012200548AFF30080BDE80840FFF7CFBF00BF19
S3150000123000000000347500009023210810B5144604
S31500001240114B1268218A11481A600AF01BFE2168A8
S315000012500F480AF017FE218919B162680D480AF095
S3150000126011FE206828B9238AA3F5C8739BB2C72B41
S3150000127003D8094B02221A7010BDE368002BFBD07D
S31500001280054B0122F7E700BFBC750000E0F320081C
S3150000129000F4200817F42008C1750000024A03482C
S315000012A000210DF019B800BF08F7200855282008BE
S315000012B038B5044640F6B835237833B12378012B88
S315000012C006BF00202070012008E00A200CF0DCFF99
S315000012D0013DF1D102480AF045FE072038BD00BFA6
S315000012E02FF420082DE9F04F8FB0144605468846A6
S315000012F03022002101A81F460AF091FE354B0D93BE
S3150000130040F2BB13ADF81030DFF8ECA0324BDFF83B
S31500001310EC90029403930026089B13B101A807F0F2
S3150000132057FF00232D490893524601A807F000FFF6
S31500001330044630B1284607F06FFF20460FB0BDE8DF
S31500001340F08F012338468DF8043006970AF0E6FE42
S31500001350234A0790234901A807F0C4FE0446002843
S31500001360E8D1DFF89CB0C9F800008BF8000001A9AD
S31500001370284607F083FF0528044603D15846FFF7A1
S3150000138097FF0446184B9C4203D0D9F800209A4296
S3150000139013D101361E22314614480AF073FD4FF46C
S315000013A07A700CF071FF284607F036FF2946404652
S315000013B007F03CFE1E2EAFD10B4C0D4A00231360E6
S315000013C00C4A1370089B002BB7D001A807F000FF4A
S315000013D0B3E700BF49F4200877F4200897F4200803
S315000013E0A4F420083D222008D2BB0100B3F4200853
S315000013F0C4750000C075000086F42008BC750000A6
S31500001400C175000008B5074A074903460748FFF7B4
S3150000141069FF20B90648BDE808400AF033BD054813
S31500001420F9E700BF8D750000AE750000B8750000C5
S31500001430E6F4200807F52008F7B504200AF0B6F907
S315000014400646002858D02D4D012200210823AA70F7
S31500001450EA702A7102220160AB716A700423297056
S31500001460024609214FF4C0606B7108F005FE044680
S3150000147028B130460AF0A2F9204603B0F0BD204F4D
S315000014804FF4FA600CF000FF1E491F480AF0FAFC00
S31500001490224642F210711B483B4605F053FF0446B4
S315000014A001461A480AF0EEFC24B1214618480AF013
S315000014B0E9FCDEE7FB780193BB7800937B783A780A
S315000014C0144915480AF0EAFB134914480AF0DAFCF5
S315000014D01349284607F0AAFD124B0F4A1048294621
S315000014E0FFF700FF044618B10D4807F095FEC0E768
S315000014F00D480AF037FDBFE71924BDE7AE750000B9
S315000015009D75000049F4200825F5200841F52008BE
S3150000151061F5200882F520088D7500008EF52008FB
S31500001520B8750000A4F52008C6F5200870B518485F
S315000015300AF018FD0821174A40F287734FF400702D
S3150000154008F09AFD014620B11348BDE870400AF044
S3150000155099BC12480AF006FDFFF76EFF014608B176
S315000015600F48F2E70F48104C104E114D0AF0FAFCE6
S3150000157064200CF089FE2378002BF9D00023304636
S3150000158023700AF0EFFC2868FFF73CFFF0E700BF86
S31500001590E3F520082CF720082DF6200856F620083B
S315000015A06FF62008A7F620084C750000DCF6200828
S315000015B08405000008B500F091FAFFF76FFE00F011
S315000015C0E1FA00B908BD00F088FAF8E710B5054C55
S315000015D0206818B10AF0F2F800232360024B0122BA
S315000015E01A7010BDC8750000CC75000038B50446E9
S315000015F04518AC4204D1BDE8384004480AF0B2BCF4
S3150000160014F8010B0AF050FCF3E700BF240121088F
S31500001610F8B50C461348144F0AF034FCA189A068AB
S31500001620FFF7E4FFD4E90401FFF7E0FF66692169EB
S3150000163038683F2E28BF3F2632460AF061FD3B68D8
S3150000164000259D55094B0A4E01221A706369AB426B
S3150000165000D8F8BD3B683046595D0AF013FC0135E9
S31500001660F4E700BF89FF2008840500004C750000E0
S31500001670A5FF200808B5044809780AF003FCBDE870
S315000016800840FFF7A3BF00BFAAFF200830B50546F4
S3150000169085B01C46062933D8DFE801F0043F213225
S315000016A02B344500234C244B019300230093214601
S315000016B002940123092208F0C9F90528014607D03A
S315000016C01E480AF0DFFB05B0BDE83040FFF77EBFDD
S315000016D01B48214605B0BDE830400AF0D3BB194887
S315000016E00AF0D0FBA189A06805B0BDE83040FFF73D
S315000016F07DBF154821460AF0C5FB144B01221A701E
S3150000170005B030BD214612480AF0BCFB0021284630
S3150000171005B0BDE8304007F0DDBF0E4805B0BDE8B6
S3150000172030400AF01FBC114605B0BDE83040FFF757
S31500001730A1BF00BF4C08210811262008CBFF2008B6
S31500001740E9FF20080E00210838002108CC750000AA
S31500001750520021087000210810B52B4A88B040F2CB
S315000017606F63082140F2012008F086FC044630B180
S31500001770014626480AF086FB204608B010BD2448DC
S315000017800AF0F0FB2349244807F094FF044630B1E1
S31500001790014622480AF076FBFFF718FFECE7112214
S315000017A0014603A80AF03BFC4FF4FA600CF06CFD0E
S315000017B01B491C480AF066FB224642F21071184883
S315000017C003AB05F0BFFD0446014617480AF05AFB75
S315000017D014B116482146DDE71549039B0B60042327
S315000017E00B74144A0094144B0B4807F0CBFF0528E2
S315000017F0044602D001461148CCE711480AF0B2FB74
S315000018000CF0AAFDFCE700BFDC0121088F002108CF
S31500001810B40021088D262008D0750000D4FE2008CB
S31500001820C900210825F5200841F5200861F52008A2
S31500001830B0050000880500009C050000DB002108BB
S315000018400501210808B5FFF787FF4FF0FF300CF0C0
S315000018501BFDFAE730B5002344499DB01A4608201F
S3150000186008F084FA044630B1014641481DB0BDE88F
S3150000187030400AF007BB3F480AF074FB21460820B7
S3150000188008F094FB044610B101463B48EEE73B489E
S315000018900AF068FB182221460DEB02000AF0BFFB96
S315000018A001AD21463C220DA80C940AF0B8FB224655
S315000018B02B4643F69821324805F044FD02238DF865
S315000018C01C3042F2107143F6982306A88DF820408A
S315000018D00695ADF81E3008F031FF044620B10146EA
S315000018E028480AF0CFFA0FE042F2107240210CA805
S315000018F008F09AFF044650B1014623480AF0C2FA9E
S315000019004FF4FA6008F093FF20482146AEE70CA991
S315000019101F480AF0B7FA4FF4FA6008F088FF044649
S3150000192010B101461B48DCE74FF4FA600CF0ACFC42
S31500001930194A1A4821460CF0CFFC90B918480AF00B
S3150000194011FB42F210700CF09FFC164A164800215B
S315000019500CF0C2FC38B915480AF004FB0CF0FCFC8C
S31500001960FCE71348EBE71248F6E700BF180A210820
S315000019706208210892082108A8082108DB08210826
S31500001980F5082108050921082209210870092108FE
S315000019904209210854092108540A21082D25200846
S315000019A08C092108B801210845282008E5092108E5
S315000019B0B7092108704770477047704708B500F0AF
S315000019C0E9FD03F0E1FF05F073F900F0DDF8BDE88D
S315000019D0084000F0B3BB70470CF046BC7047704738
S315000019E070477047EFF3108072B6704710B962B651
S315000019F0BFF36F8F7047EFF311800C2383F31188C9
S31500001A00704780F31188BFF36F8F7047034638B174
S31500001A100020814204D01A5C02B970470130F8E711
S31500001A2070474FF0FF31FFF7F1BF000040B1054AA4
S31500001A301378012B04D8037001331370002070470C
S31500001A4001207047E875000008B50CF015FC002071
S31500001A5008BD70B5B0B1ABB14C4204F003042144EB
S31500001A6089B2C0E90033018142811C460025501E1F
S31500001A70A842264607DC002A08BF002048434FF04C
S31500001A80FF321A5070BD0C4434600135F0E738B5AA
S31500001A90044630B1FFF7AFFF25686B1C04D1FFF792
S31500001AA0B0FF0025284638BD2B682360FFF7A9FF45
S31500001AB0F8E738B504460D46FFF79DFF23682B600F
S31500001AC02560BDE83840FFF79CBF08B500F013F865
S31500001AD000F056F8FEE770477047704708B5FFF705
S31500001AE06DFFFFF77BFFFFF77AFFFFF779FFBDE892
S31500001AF00840FFF776BF08B5FFF7EDFF00F0AAF93B
S31500001B00FFF7EAFF0CF0F0FB00F007F8FFF763FFC2
S31500001B10BDE8084000F01AB8704708B5FFF74AFF5D
S31500001B20FFF749FFFFF748FFFFF747FFFFF7F4FF0F
S31500001B3008BD000008B5FFF73DFD034B1868BDE87A
S31500001B4008400CF08DBB00BFEC75000030B5094DA8
S31500001B500FCD8BB001AC0FC40FCD0FC42B68064858
S31500001B60236001AA00210CF0B7FB044B18600BB0F0
S31500001B7030BD00BF780A2108352B2008EC7500001F
S31500001B80FFF72ABF0020704770B5134C134D23682A
S31500001B905E6C0023194628460222B04723681E6859
S31500001BA00023194602222846B04723680C4DD3F875
S31500001BB0C0300520984723685E6C002319462846E6
S31500001BC00A22B04723681C6800232846A4460A2236
S31500001BD0BDE87040194660470001300000C004248B
S31500001BE0000013460FB404B07047000030B5114B27
S31500001BF093F85830013BDBB2FD2B8FB018D80E4D51
S31500001C000FCD6C460FC40FCD0FC40FCD0FC495E892
S31500001C10030084E80300094C6846D4F844370FF003
S31500001C20B7FB03F039FFD4F8443700200FB030BDBE
S31500001C300120FBE700021F0858021F080080052448
S31500001C40134B0168D3F84437F0B50127013900D2A8
S31500001C50F0BDD0F808C04668CCF38455C5EBDC620D
S31500001C60346801320023013A0CD203FA05F203EA82
S31500001C700C03C3F3150324EA0202AB40134333609B
S31500001C800830E3E707FA02FE43EA0E03EBE700BF7C
S31500001C900080052408B51848FFF7D2FF1748FFF75C
S31500001CA0CFFF04F083F904F095F904F09FF904F0EE
S31500001CB0B1F904F0BBF91248FFF7C2FF1148FFF76C
S31500001CC0BFFF1148FFF7BCFF1048FFF7B9FF1048E8
S31500001CD0FFF7B6FF0F48FFF7B3FF0F48FFF7B0FF58
S31500001CE00E48FFF7ADFF0E48FFF7AAFFBDE8084014
S31500001CF00C48FFF7A5BF00BFDC740000407400006D
S31500001D007C700000487100003C7100005C710000AE
S31500001D101C70000010700000047000005870000075
S31500001D20A07000009470000010B5254CFFF7B2FFBC
S31500001D3094F8040600F00100FFF758FF4FF4C023A3
S31500001D40C4F86C34D4F840311E4843F40023C4F878
S31500001D504031D4F8403143F00103C4F84031D4F89F
S31500001D60403143F00203C4F84031FFF769FF1649DA
S31500001D701648D1F8103543F00203C1F810356369EF
S31500001D8023F400336361636943F480336361D0F8FD
S31500001D904027D0F87837C2F34342023A23F4F0736F
S31500001DA043EA4213C0F87837D1F8943443F4002359
S31500001DB0C1F89434236943F46013236110BD00BF56
S31500001DC0008004246872000000A005240080052419
S31500001DD008B550B10748FFF733FF0748FFF730FF54
S31500001DE00648BDE80840FFF72BBF0548FFF728FF68
S31500001DF00448F6E7B0720000587300004C73000008
S31500001E0024730000D0720000FEE7FEE7054B064A89
S31500001E1006498B4200D3704752F8040B43F8040B73
S31500001E20F7E700BF00040000AC252108307500006C
S31500001E30064B0748DA1C121AC11E22F00302994209
S31500001E4088BF002200210AF0EAB800BFD066010070
S31500001E503075000070B562B63E4B3F4A1A603F4B84
S31500001E603F4A93F806363F4C3F4D03F00F030F2BC6
S31500001E7015BF3E4B4FF00063D3F89312D3F83714D7
S31500001E800CBF116011603A4A0CBFD3F83634D3F850
S31500001E909232136003F080FF2F4BE3630CF040FA9D
S31500001EA0032004F03DFA03F079FF324BDB694FF073
S31500001EB08061D3F880304FF08C409847EB6902265A
S31500001EC066F30E33EB612C4BDA696FF30202DA61CB
S31500001ED0304603F0DDFF214B0D22C3F828265A6950
S31500001EE042F001025A615A691A6A66F302021A62DC
S31500001EF01A6A1207FCD5AB69022262F38403AB614E
S31500001F00AB691B04FCD51D4B1D4D5A6E6FF3410288
S31500001F105A665A6E6FF300025A660CF045FA194972
S31500001F200D4B21614FF4FA40E161174960620022CE
S31500001F3020624FF40040C4E90033C4E90B15C4E93C
S31500001F400F33A2606261E360A06263636164A261B1
S31500001F5070BD00BF88510100005A6202008004244F
S31500001F6030510100385101000081042400001F088F
S31500001F702C51010000013000008604240084042452
S31500001F80002D310100B4C4040048E8014FF0E023FD
S31500001F9084B0D3F8402F0192D3F8442F02920199CE
S31500001FA0094A91420DD10299084A914209D1D3F8C2
S31500001FB0882D0392039A42F470020392039AC3F89F
S31500001FC0882D04B0704700BF2100111011000011C8
S31500001FD013B50023009301932F4BD3F810250092DD
S31500001FE0009A00922D4A116821F00F0111601168C4
S31500001FF01160D3F89C1421F46071C3F89C14D3F8D3
S31500002000041701910199C3F80415D3F8001701913B
S315000020100199C3F80015D3F8101541F01C01C3F857
S315000020201015D2F8024014F48074FAD11C484369A2
S3150000203043F480334361436964F351434361FFF7DB
S31500002040A5FF184B4FF080725A60174BC0F840310D
S31500002050164B5A6864F3C3025A60036A0E4A43F485
S3150000206080330362036A43F400330362D2F8943484
S3150000207043F40023C2F89434036943F46013036104
S315000020800B4B1A6842F400221A601A6842F4802246
S315000020901A6002B010BD00BF00A005240000052490
S315000020A0008004240000304103000800008104245D
S315000020B00084042430B50E4D2B6885B043B90D4B12
S315000020C00FCB6C4684E80F0020460CF031F92860EF
S315000020D00CF0CEF8022808D1286830B14FF0FF3155
S315000020E005B0BDE830400CF027B905B030BD00BFE3
S315000020F0DC510100B00A210808B50CF0B9F8022835
S3150000210006D1044B186818B1BDE808400CF0D4B8E5
S3150000211008BD00BFDC51010020F04040012802D07C
S31500002120022805D07047034A1368013313607047CD
S31500002130014AF9E7E4510100E051010010B5124CE3
S31500002140E3689847A368114898472369022098478F
S31500002150A46A01211520A04701211620A0474FF4AB
S31500002160E1310120A0470A4C206810B90CF0E0F8D4
S315000021702060084B4FF48052C3F88020BFF34F8F86
S31500002180BFF36F8F10BD00BFC00A210819312008A8
S31500002190E851010000E100E013B5094C00238DF879
S315000021A004302360074B01219B6901A898472368E7
S315000021B01BB19DF8040002B010BD00F0FBFAF6E773
S315000021C0E0510100C00A210813B5094C8DF807003B
S315000021D000232360074B01215B690DF10700984737
S315000021E023680BB102B010BD00F0E4FAF8E700BFB7
S315000021F0E4510100C00A210803681B780022202B45
S3150000220004D0093B042B01D9D0B270470368591C8E
S3150000221001605B780132F2E70120704708B504F0EF
S315000022207BFE162303604FF0FF3008BD08B504F0AF
S3150000223073FE16230360FEE770B50D4614460CF0D8
S3150000224017F8022805D10C4B4FF0FF3118680CF037
S3150000225073F82E46731BA34209DB0CF009F802281B
S3150000226003D1054B18680CF027F8204670BD16F808
S31500002270010BFFF7A9FFEDE7E85101004FF0FF3032
S3150000228070474FF400534B600020704701207047A1
S31500002290002070470FB42DE9F0438BB012AB002439
S315000022A053F8046B019304AD8DF81040A846FFF770
S315000022B073FF0D2805F8010B04D00A2802D001345B
S315000022C0142CF4D19E4B019FE34004F1280213F035
S315000022D001030DEB02041ABF002304F8183C04F8AE
S315000022E0173C9DF81030CDE90268002B00F04E81B6
S315000022F00025029B1B78002B4DD0DDF80C9099F839
S315000023000060002E47D002A8FFF776FF044618B1FA
S3150000231003A8FFF771FFECE7029A1346517813F80A
S31500002320010B0293252801D1252907D18E4232D1EE
S3150000233009F10103023203930292DAE726462046A8
S31500002340A0461A7806F07C01002A7CD100B10293DF
S3150000235009B3002C08BF6324082900F087802029D0
S3150000236000F0AA80042916D157F8042B49461444D4
S3150000237000200E780B460131002E6AD100286FD15D
S31500002380B7E7692A50D01ED8632A52D011D8392A05
S3150000239007D82F2A34D8E8B20BB0BDE8F04304B012
S315000023A07047582AF7D146F0200601334FF010083F
S315000023B032E0642AEFD146F4005646F02006013397
S315000023C04FF00A0828E06F3AD1B20929E3D8092A62
S315000023D0E1D801A151F822F01D34200897332008D6
S315000023E09733200897332008413420089733200874
S315000023F0BB3320089733200897332008A7332008DB
S31500002400002CC8D10A211A78303A01FB042413F8AB
S31500002410012F303A092AF6D9012092E746F0200624
S3150000242001334FF00808F7E746F0200601338846E7
S31500002430F2E7012C46F0040638BF01240133EBE72E
S3150000244046F00806FAE700299BD0002881D00293BF
S315000024507FE702F8016BA2424FF0010089D10B46DB
S31500002460994503933FF445AF013542E703A8FFF7CB
S31500002470C3FE039E57F8043B314603EB040C0020D1
S315000024800C4611F8012B12B960B103940AE00D2A2B
S315000024900FD8082AF8D803F8012B63454FF001003E
S315000024A0EED10391039A96423FF423AF00221A70AD
S315000024B0DAE7202AEFD1E7E703A8FFF79DFE039BA3
S315000024C0B8F1000F10D0B8F1100F17D11A78302AD2
S315000024D014D15A7802F0DF02582A0FD1023303933F
S315000024E0023C4FF0100809E01A78302A16D15A78C3
S315000024F002F0DF02582AF1D04FF00808039B1A7841
S315000025002B2A0ED02D2A0FD101330393013C4FF015
S31500002510FF31039A00201444844616E04FF00A085F
S31500002520ECE701330393013C0121F2E7A9F14103F2
S31500002530052B02D920B3039222E0A9F1370317E055
S31500002540010010000CFB083C012092F80090964612
S31500002550B9F1000FEED0A242ECD0A9F13003DBB204
S31500002560092B06D9A9F16103052BDFD8A9F1570379
S31500002570DBB2984502F10102E4D808B1CDF80CE0CF
S3150000258057F8043B0CFB01F119606DE74FF0FF357E
S3150000259001E700BF044802231421C21801334B2B64
S315000025A082F80013F9D1704700E100E0064B186885
S315000025B0002382B262F30F03000C60F31F4382B064
S315000025C0184602B0704700BF340B2108014B18684B
S315000025D0704700BFEC050000014803F091B800BF4A
S315000025E0EC050000014903F04BB800BFEC05000004
S315000025F0014803F023B800BFEC05000037B50446D8
S315000026000B200D4600F0EAF9064B1B680193064BBA
S3150000261000930246054B2946204602F0D1FD03B041
S3150000262030BD00BFD4550100D4050000EC05000004
S31500002630014802F0C1BD00BFEC050000014802F0F0
S31500002640B8BD00BFEC0500007FB5104BD3E90354BD
S31500002650B2F5806F2E883ABF02F1FF33C3F3090348
S3150000266040F2FF3363F30D162E80258863F30D15B4
S31500002670074B25801B680293064B0193064B00937C
S31500002680024B02F05DFD04B070BD00BFEC0500001A
S31500002690D4550100EC510100D40500000D4B1A6918
S315000026A0B1F5806F13B538BF01F1FF33148834BF1D
S315000026B0C3F3090340F2FF3363F30D14064B148092
S315000026C01B680193054B0093024A054B02F09AFCE6
S315000026D002B010BDEC050000D4550100EC5101001C
S315000026E0D40500000D4BDA68B1F5806F13B538BF1D
S315000026F001F1FF33148834BFC3F3090340F2FF33FB
S3150000270063F30D14064B14801B680193054B00936D
S31500002710024A054B02F0C8FB02B010BDEC050000F2
S31500002720D4550100EC510100D4050000024B034AC8
S315000027301B68034902F010BBD4550100D405000004
S31500002740EC050000034B044904484FF400129A6458
S3150000275002F0B2BA00840424D4050000EC0500009F
S3150000276007B5064B0193064B0093064A064B0749ED
S3150000277002F012FA03B05DF804FB00BF5C550100DD
S31500002780D4550100D4050000001C0624EC05000009
S31500002790014802F0D9B800BF74060000014802F0F3
S315000027A0D3B800BF30060000014802F0CDB800BF24
S315000027B0EC050000FFF7F8BF354BDFED366AD3F8BE
S315000027C0102242F04002C3F8102207EE900AD3F816
S315000027D01022F4EEE67A42F01002F1EE10FA07EE5D
S315000027E0101A82B0C3F8102206DCF0EE086AB4EEC6
S315000027F0E67AF1EE10FA08D5D3F8102242F020025C
S31500002800C3F81022002002B070479FED237AF4EE41
S31500002810C77AF1EE10FA10D5D3F810226FF303023F
S31500002820C3F81022D3F810226FF38612C3F81022D1
S31500002830D3F810226FF30412E2E777EEC77ADFEDE2
S31500002840176A134A87EEA67AF7EE007A77EE277AAA
S31500002850FCEEE77ACDED017A9DF80430F6EE007ACB
S3150000286077EE277A07EE103AB8EE477AB4EEE77AB3
S31500002870F1EE10FAC2BFFCEEE77ACDED017A9DF8D3
S315000028800430D2F8101263F30301C2F81012B9E74C
S315000028900038042433333340CDCCCC3F0AD7A33D94
S315000028A00A4B9A6C013A052A0ED8DFE802F00305B6
S315000028B00705090B586C7047D86A7047D86B704784
S315000028C0186B7047586B70470020704738510100ED
S315000028D006281DD8DFE800F0040A0D1013161900AB
S315000028E00C4B586809B1B0FBF1F07047094B186AF8
S315000028F0F8E7084B586AF5E7064B986AF2E7054B86
S31500002900D86AEFE7034B186BECE7024BD868E9E7A8
S315000029100020E7E73851010010B5032814D8DFE896
S3150000292000F0020A0D100F48C06A7AB1A3B981B14E
S31500002930B0FBF1F00DE00B48C069F6E709484069C5
S31500002940F3E708488068F0E70020EEE723B909B905
S31500002950400810BD4900EBE7CB07FAD50229F8D9A4
S31500002960E6E700BF38510100F8B50C4615460428C5
S3150000297028D8DFE800F003211B1E2400FFF790FF94
S3150000298015B394B108F0CCF8064620460F4608F079
S31500002990C7F8104B002207F087FF02460B46304669
S315000029A0394608F061FA08F0CFFBF8BD0A4BD86942
S315000029B0E6E7094B5869E3E7074B9868E0E7064BFB
S315000029C0D868DDE70020DBE7002CEED0B0FBF4F0A2
S315000029D0EBE700BF0000E03F3851010010B50E28BC
S315000029E000F28F81DFE810F00F001E002D0053006B
S315000029F0720084009600B300CA00DD00E7000901FA
S31500002A003201600182014FF08C43BDE81040D86965
S31500002A10D969DA69C1F3C301C2F3407200F0070055
S31500002A20FFF7A2BF4FF08C43BDE81040D869D969C3
S31500002A30DA69C1F38321C2F38072C0F3C210FFF7D3
S31500002A4093BF4FF08C4293699469C3F3C233C4F3C6
S31500002A50C324052B19D8DFE803F003090C0F121560
S31500002A60FFF71EFF0CB1B0FBF4F010BD8C4B98685D
S31500002A70F8E78B4B1869F5E7894B5869F2E7884BFD
S31500002A80D869EFE7864BD868ECE70020EAE74FF015
S31500002A908C42936A946AC3F34243C4F30554032BEE
S31500002AA012D8DFE803F002080B0EFFF7F9FE002C40
S31500002AB0DBD06400D7E77A4B5869F8E7784B98681B
S31500002AC0F5E7774BD868F2E70020F0E74FF08C4344
S31500002AD0BDE81040986999699A69DB69C2F340229A
S31500002AE0C3F30073C1F3C50100F00700FFF714BF7D
S31500002AF04FF08C43BDE81040D86F99699A69DB693D
S31500002B00C2F34022C3F30073C1F3C501C0F34220F0
S31500002B10FFF702BF4FF08C439B69C3F30263042B9C
S31500002B2000F2EF80DFE803F003060A0D10005C4BAD
S31500002B30D8689AE7BDE81040FFF7B2BE584B9868D0
S31500002B4093E7574BD86990E7554B58698DE74FF097
S31500002B508C4291699369926911F4802F5049C2F3AE
S31500002B60C0520CBF48698868C3F3C3431AB1002B2F
S31500002B703FF47BAF12E083B9400876E74FF08C4311
S31500002B809A6A9B6A12F4806F454A0CBF9069D068B6
S31500002B90C3F3C523002B3FF468AF5B00B0FBF3F033
S31500002BA063E7404B98699969BDE81040C1F3464117
S31500002BB0000FFFF78DBE3B4BDA69DB69C2F34302B8
S31500002BC0C3F34713052A16D8DFE802F00306090CFB
S31500002BD00F12334A5068DDE7314A106ADAE7304AA5
S31500002BE0506AD7E72E4A906AD4E72D4AD06AD1E7D1
S31500002BF02B4A106BCEE70020CCE72A4B1A6A1B6AD9
S31500002C00C2F34302C3F34213072A1DD8DFE802F0DA
S31500002C1004070A0D10131619214A5068A7E7204A1F
S31500002C20106AA4E71E4A506AA1E71D4A906A9EE709
S31500002C301B4AD06A9BE71A4A106B98E7184AD06875
S31500002C4095E7174A506B92E7002090E7154B1B6BF0
S31500002C50C3F34303062B54D801A252F823F000BF56
S31500002C607D3C2008833C2008893C20088F3C2008B6
S31500002C70953C20089B3C20082F3B2008084B5868B1
S31500002C80F3E6074B186AF0E6054B586AEDE6044B87
S31500002C90986AEAE6024BD86AE7E6014B186BE4E667
S31500002CA03851010000140424174B5B6BC3F3430334
S31500002CB0082B26D801A252F823F000BF7D3C20083D
S31500002CC0833C2008893C20088F3C2008953C20083E
S31500002CD09B3C20082F3B2008E13C2008E73C2008CD
S31500002CE00A4B586BC1E6094B9869BEE6064BD86A93
S31500002CF0D96ABDE81040C1F34711C0F34300FFF79E
S31500002D00E7BD0020B1E600BF0014042438510100DD
S31500002D10024B1B68D3F8BC30184700BF00013000D7
S31500002D20024B1B68D3F8CC30184700BF00013000B7
S31500002D30024B1B68D3F8EC30184700BF0001300087
S31500002D4007EE100AFDEEC77AF8EEE76AF4EEC76AF8
S31500002D50F1EE10FA41BF17EE903A013307EE903AC2
S31500002D60F8EEE76A16EE900A70470000024B012162
S31500002D709B69C0B2184700BF88560100FFF7F6BF2F
S31500002D801346054A126810B4546C0A46A44600213C
S31500002D905DF8044B604700BF0001300010B54FF4EA
S31500002DA0006003F035F8094C094B4FF000725A6485
S31500002DB022782AB9074B08481B6A01219B6A984763
S31500002DC0237843F00103237010BD00BFD8590100DA
S31500002DD000840424000130000014042482B0ADF8FD
S31500002DE004000A4B4FF400621A609DF80420084B59
S31500002DF02AB9D3F8082242F40062C3F808225A68B6
S31500002E00002042F001025A6002B0704700E100E083
S31500002E10003804242DE9F04F224B234893F81CE098
S31500002E20224B1A7800231C4602F59875D9B28E45B6
S31500002E300CD8DFF880800023A8F5107902F5907C85
S31500002E40DAB2964509D80020BDE8F08F30F81510A3
S31500002E508C4238BF0C460133E8E743B929F81C30E9
S31500002E600133EDE7B5F820B0594489B20AE00027EE
S31500002E701FFA83FABEB2B442F2D900220C4D1046B4
S31500002E8035F8021F8C4203D9B142EBD1013080B232
S31500002E90013292B25245F3D301370028EAD128F81D
S31500002EA01360DDE788560100A8560100845601002C
S31500002EB0E6580100E8580100012800D17047C30711
S31500002EC001D44008F8E700207047034601208342FA
S31500002ED008DC00EBD072A3EB6203B3EBA00FB8BF24
S31500002EE0400870474000F2E784B02DE9F7430AAC8A
S31500002EF084E80F000023ADF806309DF8BC515F4B07
S31500002F009DF8BD715A885B68B3FBF2F30DB9012FCA
S31500002F1040D15B4901250A885A4C07EE903A92B295
S31500002F200AAB03EB820393ED057AF8EE677AB8EE07
S31500002F30477AC7EE877A17EE900AFFF701FF07EE8A
S31500002F40900A0B88FCEEE77A9BB203F5987317EEAE
S31500002F50902A24F813200B889BB203F5987334F853
S31500002F601330012B06D80B889BB203F59873022207
S31500002F7024F81320444E0DF138094FF00008B7EE3F
S31500002F80006A5FFA88F39F4207D803B0BDE8F043B2
S31500002F9004B070470DF10601BDE7B8F1000F17D078
S31500002FA0D9ED007A3288B8EE677AD9ED017AF8EE73
S31500002FB0677AC7EE277A17EE900AFFF7C1FE07EE8B
S31500002FC0900AFCEEE77A17EE903A13FB02F3738051
S31500002FD0012F08D072881046FFF76EFF18B9104609
S31500002FE0FFF773FF70808DB10B880AAA9BB202EBC4
S31500002FF04303B3F8F430012B08D10B889BB203F5D9
S31500003000987334F81320920824F81320DFED1F7A02
S3150000301000231FFA88F09842ADF806300AD2F4EE83
S31500003020C67AF1EE10FA27DC08F10108023609F13A
S315000030300409A6E70A8892B202F59872013334F8B9
S31500003040122007EE102AB8EE477A9BB2C6EE076A40
S3150000305077EEA67ADFE70A8892B202F59872013314
S3150000306034F812C04FEA4C0C24F812C09BB29842B6
S31500003070ADF80630EFD2D7E70023F8E7885601000F
S3150000308084560100A8560100065901000000000000
S3150000309007EE100ADFED087A084837EE277AF7EED2
S315000030A0006AC6EE877AFCEEE77A17EE903A83421C
S315000030B028BF03461846704795BFD633404B4C0091
S315000030C084B0F0B506AC84E80E00DFED957A0021F9
S315000030D023AC0DF16B050A460B46CEB2B04200F2A8
S315000030E0B080002B00F0A480B0EE007AF4EEC77A30
S315000030F0F1EE10FAB0EE047A05DBF4EEC77AF1EEE3
S3150000310010FA00F1DD80F4EEC77AF1EE10FAB0EEB7
S31500003110087A05DBF4EEC77AF1EE10FA00F1D680F4
S31500003120F4EEC77AF1EE10FAB1EE007A05DBF4EEB2
S31500003130C77AF1EE10FA00F1CC80F4EEC77AF1EE20
S3150000314010FAB1EE047A05DBF4EEC77AF1EE10FA66
S3150000315000F1C280F4EEC77AF1EE10FA07DBB1EEA9
S31500003160087AF4EEC77AF1EE10FA00F1B880B1EE03
S315000031700C7AF4EEC77AF1EE10FAB2EE007A05DBBD
S31500003180F4EEC77AF1EE10FA00F1AC80F4EEC77AED
S31500003190F1EE10FAB2EE027A05DBF4EEC77AF1EE42
S315000031A010FA00F1A280F4EEC77AF1EE10FA07DB0E
S315000031B0B2EE047AF4EEC77AF1EE10FA00F19880D6
S315000031C0B2EE087AF4EEC77AF1EE10FA06DBB2EE4A
S315000031D00C7AF4EEC77AF1EE10FA61D4B3EE017A06
S315000031E0F4EEC77AF1EE10FA06DBB3EE027AF4EEED
S315000031F0C77AF1EE10FA60D4B3EE097AF4EEC77A24
S31500003200F1EE10FA06DBB3EE0A7AF4EEC77AF1EEC7
S3150000321010FA70D9B3EE0B7AF4EEC77AF1EE10FA23
S3150000322006DB9FED407AF4EEC77AF1EE10FA74D918
S31500003230DFED3D7A9FED3D7A002A18BFF0EE477A22
S3150000324065E015F8016FA6F1140CBCF1020F2F7C96
S315000032500FD894ED007AF4EEC77AF1EE10FA03D5A2
S315000032600133DBB2F0EE477A0D2F16D0013104346C
S3150000327033E7A7F10A0CBCF1020F0CD894ED007AE3
S31500003280B4EEE77AF1EE10FA03DD0133DBB2F0EECD
S31500003290477A182EE9E7182EE6D10132D2B2E5E7D1
S315000032A0DFED237A9AB39FED217AF4EEC77AF1EE39
S315000032B010FA23D5F0EE477A29E0DFED1E7AF1E722
S315000032C0DFED1D7AD2B1DFED197A20E0DFED1B7A52
S315000032D0F8E7DFED1B7AF5E7DFED1A7AF2E7DFEDC7
S315000032E01A7AEFE7DFED197AECE7DFED197AE9E70D
S315000032F0DFED187AE6E7DFED187A42B19FED0A7A3C
S31500003300F4EE477AF1EE10FA48BFF0EE477ABDE8E0
S31500003310F04017EE900A04B07047DFED107AECE744
S315000033200000000000004C4295BFD6338BE16A36A0
S31500003330EFE608369F9D42362E5A823301A90C3499
S3150000334037F859342439EC3434580F35AD18633511
S31500003350883E8A35ACC5A735B1B49D36F2DD1C373B
S3150000336070B50D4616460446D0B9FFF7E1FCAA48EB
S3150000337007222146FFF704FD002D40F0AA81012E09
S3150000338000F09F810B2C1DD00C2C40F0F580052001
S31500003390FFF7CEFCA04807220521FFF7F1FC98E0D5
S315000033A0012818D10220FFF7C3FC9B4807220221FF
S315000033B0FFF7E6FC002D76D1012E00F082810B2C62
S315000033C040F0DA800320FFF7B3FC0722032192487E
S315000033D0FFF7D6FC96E002280ED10420FFF7A8FCE2
S315000033E0072204218C48FFF7CBFC002D00F06681F4
S315000033F0012D40F0778155E1032805D10620FFF71E
S3150000340097FC07220621EDE7042805D10820FFF7DF
S315000034108FFC07220821E5E7052805D10A20FFF7DA
S3150000342087FC07220A21DDE706280CD17B4B2022E8
S315000034305A601920FFF774FC1920FFF769FC7848D9
S315000034400E221921B4E707281ED1744B20225A6098
S315000034501B20FFF765FC1B20FFF75AFC0E221B21E1
S315000034606F48FFF78DFC002D00F02881012D40F0FC
S31500003470D980012E00F019810C2C21D10520FFF7EF
S3150000348057FC07220521A2E7082840F0FD80634B80
S3150000349020225A601D20FFF743FC1D20FFF738FC51
S315000034A00E221D21DCE70B2C1ED0012D40F01A81C7
S315000034B0012E00F0FA800C2CE0D00D2C00F0C1801B
S315000034C00E2C50D00F2C6FD0102C75D12EE0022D63
S315000034D040D0032D52D1012E59D00E2C70D00F2C76
S315000034E062D0102C30D121E00320FFF721FC4A489E
S315000034F007220321FFF744FC022D2BD0032D03D115
S31500003500012E44D0002070BD042D00F0A480052DAE
S31500003510DAD1012E40F0A3800720FFF709FC07222D
S315000035203D481146FFF72CFC102C5ED13B4B202268
S315000035305A601A20FFF7F4FB1A20FFF7E9FB384818
S315000035400E221A21FFF71CFC112C50D0072D5CD13E
S31500003550012E88E0012ED5D169E0012E67D00D2C11
S315000035600FD00E2CBBD10920FFF7E2FB2A48072219
S315000035700921FFF705FCCAE70D2C62D00E2C68D195
S31500003580F1E70B20FFF7D4FB07220B211FE70B20E7
S31500003590FFF7CEFB204807220B21FFF7F1FB8FE751
S315000035A00E2CE0D00F2CB2D10720FFF7C1FB07226B
S315000035B019481146FFF7E4FB062DC5D1012E4FE051
S315000035C00920FFF7B5FB0722092100E70920FFF7CD
S315000035D0AFFB114807220921FFF7D2FB7FE707203F
S315000035E0FFF7A6FB07221146F1E6112C0DD10B4B76
S315000035F020225A601C20FFF793FB1C20FFF788FB54
S3150000360007480E221C21FFF7BBFB122C2FD0082DDA
S315000036107FF478AF012E28E000C00424000030417A
S3150000362000001346022D7FF454AF012E99D10520D8
S31500003630FFF77EFB2E4807220521FFF7A1FB0D2C85
S31500003640AED10B20FFF774FB294807220B21FFF7A9
S3150000365097FB042DA6D1012EB8D00F2CBFD0102C6D
S315000036603FF464AF112CC2D0122C7FF44BAF214B28
S3150000367020225A601E20FFF753FB1E20FFF748FB4F
S315000036801D480E221E21A3E60A287FF475AE0120EE
S31500003690FFF74EFB164807220121FFF771FB012DAC
S315000036A07FF415AF012E7FF42DAF0320FFF740FB0B
S315000036B00F4807220321FFF763FB65E6012E7FF41F
S315000036C021AF0120FFF734FB094807220121FFF74C
S315000036D057FB0B2C3FF408AF012D3FF4E9AE0C2C41
S315000036E03FF455AE022D3FF438AF0D2CA9D0F0E6CD
S315000036F000C00424000030410000134682B02DE9CA
S31500003700F0410F2906AC84E80C005FD8BDF82040D4
S31500003710BDF8225044EA0503B3F5806F56D22E4B0E
S31500003720079E9DF824809DF825E043F8212001F1AD
S31500003730100701F1400C43F8276001F15007B2422F
S3150000374023F81C4023F8175042D0B8F1000F17D0C9
S3150000375001F1300802EB4402C0F8D42143F82820D6
S3150000376044EAC12242F40048C0F8D881D0F8D88192
S31500003770C0F8D821D0F8D82143F82C8043F8272068
S31500003780BEF1000F1DD001F1600204EB4504344484
S3150000379043F82240CA0202F580622A43C0F8D441A7
S315000037A042F40044C0F8D84101F17004D0F8D85171
S315000037B043F824508031C0F8D821D0F8D82143F8F6
S315000037C021200020BDE8F04102B070470120F9E752
S315000037D042F20210F6E700BFA85601000F2910B505
S315000037E028D892B1144A01F1300452F82440C0F8A6
S315000037F0D44101F1400452F82440C0F8D84101F107
S31500003800500452F82420C0F8D8218BB10A4B01F19C
S31500003810600253F82220C0F8D42101F170028031F1
S3150000382053F8222053F82130C0F8D821C0F8D831F7
S31500003830002010BD0120FCE7A856010010B5274B5B
S3150000384027485A685A6842F001025A60D3F808229B
S3150000385042F48062C3F8082203F5B4331A6802689A
S3150000386052BBD3F8402442F46752C3F840241D4AA1
S31500003870D2F80230DC05FBD41B4BD3F80427D10762
S31500003880FBD5D3F80427D207FBD4D3F84824174C2A
S31500003890174B21681A60930803F4F8530B43910001
S315000038A001F07C0112020B4302F47832134343F019
S315000038B081032360012303600C4B1A680A4BC3F88B
S315000038C04424084AD2F8023013F48073FAD1034A2A
S315000038D0516863F30001516010BD00BF0038042435
S315000038E0785601000000052400A00524805601003A
S315000038F07C56010084B070B52DED028B82B008AC09
S3150000390084E80F00444C6E9AA2610D9A43499DF8D3
S31500003910B531BDF814012377013A8A4278D20DA950
S315000039200122934209D8012B6FD19DF8B43173B1AE
S3150000393001280FD942F2061060E00E4651F8045FE6
S315000039403668B54264D8002D62D00132E9E7B0F599
S31500003950806FEFD2FFF722FA314B32485A689FED5B
S31500003960328A6FF38A225A60DA686FF31842DA6095
S31500003970DA68042161F30902DA605A682B4942F4D5
S3150000398080625A60FEF718FF294B5B686360FFF799
S3150000399055FF02F069FB208102F05AFB208202F0FB
S315000039A069FBC0F30D0307EE103AB8EEC77A830B36
S315000039B0C7EE086A07EE903AF8EEE77A77EEA67A4F
S315000039C0C4ED037A02F04AFBC0F30D0307EE103A8A
S315000039D0B8EEC77A830BC7EE086A01A807EE903ADD
S315000039E0F8EEE77A012377EEA67A0193C4ED057A1D
S315000039F003F046F8003818BF0120404202B0BDEC83
S31500003A00028BBDE8704004B07047013B0F2B90E776
S31500003A1042F20410F2E700BF88560100A0252600F6
S31500003A20003804243333334000007A44CDCC4C4074
S31500003A303851010084B010B52DED028B82B006AC72
S31500003A4084E80F009DF818300F2B7FD84249434C6D
S31500003A500B706C99A16106A901EB83014048496985
S31500003A609DF8AD2122770139814271D2012A6AD1AE
S31500003A7006AA02EB43039DF8AC21B3F8F43022B159
S31500003A80012B05D942F2061056E0B3F5806FF9D244
S31500003A90FFF784F9334B34485A689FED348A6FF345
S31500003AA08A225A60DA686FF31842DA60DA6804210B
S31500003AB061F30902DA605A682D4942F480625A605D
S31500003AC0FEF77AFEFFF7BAFE2A4B5B68636002F0E8
S31500003AD0CBFA208102F0BCFA208202F0CBFAC0F3C6
S31500003AE00D0307EE103AB8EEC77A830BC7EE086AE5
S31500003AF007EE903AF8EEE77A77EEA67AC4ED037A07
S31500003B0002F0ACFAC0F30D0307EE103AB8EEC77A2E
S31500003B10830BC7EE086A01A807EE903AF8EEE77A3B
S31500003B20012377EEA67A0193C4ED057A02F0A8FF89
S31500003B30003818BF0120404202B0BDEC028BBDE840
S31500003B40104004B07047013A0F2A9AE70120F3E7C4
S31500003B5042F20410F0E700BF8456010088560100C7
S31500003B60A0252600003804243333334000007A446D
S31500003B70CDCC4C40385101000F29024610B54FF00C
S31500003B8001000CD8D2F8CC4100FA01F32343D2F855
S31500003B90CC119BB263F30F01C2F8CC11002010BD0B
S31500003BA00F29024610B54FF001000DD8D2F8CC41CE
S31500003BB000FA01F343EA1443D2F8CC119BB263F343
S31500003BC01F41C2F8CC11002010BD30B50F299DF859
S31500003BD00C402CD81F2A2AD80F2B28D8012C26D8DF
S31500003BE045686D060FD5090134B14518AC6B44EA3A
S31500003BF0835343F08063AB6301448B6B43EA4243D8
S31500003C008B63002030BD5CB1D0F8081241F400711E
S31500003C10C0F80812D0F8081263F34811C0F8081269
S31500003C20D0F8083262F30403C0F80832E9E701204D
S31500003C30E8E7000029B9D0F8083261F3CB23C0F8D1
S31500003C400832064B5B68DB0741BF43686FF300032E
S31500003C504360002058BF4FF0FF30704700380424FF
S31500003C60C1B2024882B002B0FFF7E4BF00380424B4
S31500003C700F2915D80D4B5A68520603D4D3F8DC31F8
S31500003C80002B0FDAD0F8DC2101238B401343D0F848
S31500003C90DC219BB263F30F02C0F8DC2100207047E1
S31500003CA0012070474FF40450704700BF00380424C9
S31500003CB0B1F5007F14D2B2F5806F11D243686FF36D
S31500003CC08A234360C36861F31843C360C36862F321
S31500003CD00903C360436843F4806343600020704770
S31500003CE0012070470F2925D8012A05D1436A6FF3B1
S31500003CF0D753436200207047022A0BD1436A6FF301
S31500003D0000034362436A6FF304134362436A6FF32B
S31500003D10C303EEE7084BD3F8DC31002BEADA436A3B
S31500003D200122C3F3CF138A4023EA0201436A61F3F7
S31500003D30D613DEE701207047003804240F29034616
S31500003D404FF0010014D81A6A00FA01F189B2186A14
S31500003D50C2F30F220A4362F3172018621A6AC2F3EB
S31500003D600F2222EA0102196A62F317211962002062
S31500003D707047000010B510B1012804D010BDBDE891
S31500003D801040FFF70BB84FF4006002F05BF80A4AE8
S31500003D9013786FF300031370DBB2002BEED1074BE1
S31500003DA007484FF000729A64064B1B6ABDE8104044
S31500003DB0DB6B0221184700BFD85901000084042498
S31500003DC0001404240001300013B50D4BADF80400B7
S31500003DD04FF40062C3F88020BFF34F8FBFF36F8F9D
S31500003DE001210322084602F01FFF044628B90120DC
S31500003DF0FFF7C0FF204602B010BD4FF0FF30FAE7D4
S31500003E0000E100E04368064A61F349234360D2F8C3
S31500003E10403443EA4143C2F840340020704700BFB3
S31500003E2000A0052484B02DE9F04F2DED028BF1B0F2
S31500003E307CAC84E80F009DF8853365934FF4C4721B
S31500003E4001237FA9684669939DED818A9DF8845375
S31500003E5008F056F994E80E006598BA4CFFF730F969
S31500003E6005EE900AFFF714F994ED017A07EE900A31
S31500003E70B8EE476AF8EE677AB7EE007A87EE065A2A
S31500003E80C7EE276AC6EE857A17EE900AFEF758FF48
S31500003E9007EE900AFCEEE77A17EE903AC5EE857AC1
S31500003EA09EB217EE900AFEF74BFF07EE900AFCEE65
S31500003EB0E77A17EE903A9FB2BE4204BF0136B6B219
S31500003EC0002D5ED1BDF8843327804FF4C27280A9DD
S31500003ED0684666809C4CADF8843108F011F97CABDD
S31500003EE00FCBFFF701F8FEF795FF3246394620461D
S31500003EF0FFF7DEFE01212046FFF784FF6368934E3D
S31500003F00DFF8409243F000636360636843F0400368
S31500003F106360636865F3410363603323C4F8E43187
S31500003F20636843F004036360D4F8DC3143F0004374
S31500003F30C4F8DC310DF2E223669306F18103A8AFE3
S31500003F4006F13E0B67930DF5F878659AEBB29A4247
S31500003F5000F28D807E4B6A9300227E4B6B9369A99B
S31500003F60012002F0C5FD10B1452840F0E7806999AF
S31500003F706AAA012002F02AFE003818BF012040423A
S31500003F806EE0B8EE488A3946C6EE087A17EE900A11
S31500003F90FEF7D6FE07EE106A07EE900AB8EEC77A6D
S31500003FA06948B4EEE77AF1EE10FA49BFFCEEE77A1B
S31500003FB0324617EE903A9AB24DBF628027806680ED
S31500003FC02780FFF775FE01215F48FFF71BFF5E4B59
S31500003FD05A6842F000625A605A686FF386125A6055
S31500003FE06A1E012A5A684FF0000194BF42F002028D
S31500003FF065F341025A60C3F8E4115A6842F00402BC
S315000040005A60D3F8DC2161F3DF72C3F8DC219DF836
S31500004010F1219DF844029DF854125AB1D3F8086272
S3150000402062F34926C3F80862D3F8086261F34816BA
S31500004030C3F80862444ED6F8083260F30403C6F8A3
S315000040400832FFF78DF92A4600213046FFF74AFE6F
S3150000405062886368B3FBF2F33F4A0020C2F88032FD
S3150000406071B0BDEC028BBDE8F04F04B0704798F814
S3150000407054A098F86430649318F8013F6393009352
S3150000408052462946649B2046FFF79FFD36F8021FDD
S31500004090328C012A08D0AB0003F1105303F58723B5
S315000040A0A3F83811C3F8782129462046FFF7E0FD2A
S315000040B0DDE963215046FFF753F929462046FFF70D
S315000040C06FFD7B6E6C93D7F8A4306D93669B33F8C7
S315000040D002AF669340F20113ADF8BC31ADF8B8A15A
S315000040E0ADF8BAA170AB13E90300DDE96C238DE8E6
S315000040F0030029462046FFF701FB29462046FFF725
S315000041003BFD002229462046FFF7ECFDB9F80220C8
S31500004110D9F80430B3FBF2F3328CB3FBF2F34BF86D
S31500004120043F57F8043FA6F8D0A0CBF85030679B61
S31500004130639A03F8012F0135679306E74FF0FF30C6
S315000041408EE700BF8856010000380424E6580100B7
S315000041506D3D20087D3D2008A856010084B02DE95C
S31500004160F04FEDB076AC84E80F009DF8D8419DF88D
S315000041706C639DF86DA301200F2C659000F21281EF
S31500004180DFF840828A4D88F800404FF4C47279A95E
S31500004190684607F0B5FF76AB0ECB5046FEF790FFAC
S315000041A005EE900AFEF774FF95ED017A07EE900A88
S315000041B0B8EE476AF8EE677AB7EE007AC7EE276A76
S315000041C0C7EE067AC6EEA77A17EE900AFEF7B8FD96
S315000041D007EE900AFCEEE77A17EE903A66EE257A3D
S315000041E09FB217EE900AFEF7ABFD07EE900AFCEEC3
S315000041F0E77A17EE903A1FFA83F94F4504BF013765
S31500004200BFB2002E51D1BDF86C336A4C6F804FF4AB
S31500004210C2727AA96846A5F80090ADF8843107F015
S315000042206FFF76AB0FCBFEF75FFEFEF7F3FD3A4668
S3150000423049462046FFF73CFD01212046FFF7E2FDF7
S3150000424063685D4F43F000636360636843F0400357
S315000042506360636866F3410363603323C4F8E43143
S31500004260636843F004036360D4F8DC3143F0004331
S31500004270C4F8DC31F3B29A4500F2A6804F4B669340
S3150000428000224F4B679365A9012002F031FC10B163
S31500004290452840F02A81659966AA012002F096FC1D
S315000042A0003818BF012040427CE076AB03EB840463
S315000042B0D4ED057AF8EE677A4946C6EE277A17EE08
S315000042C0900AFEF73DFD07EE107A07EE900AB8EE6B
S315000042D0C77A3848B4EEE77AF1EE10FA49BFFCEE39
S315000042E0E77A3A4617EE903A9AB24DBF6A80A5F839
S315000042F000906F80A5F80090FFF7DAFC01212D48A9
S31500004300FFF780FD2B4B5A6842F000625A605A68EC
S315000043106FF386125A60721E012A5A684FF0000126
S3150000432094BF42F0020266F341025A60C3F8E411F8
S315000043305A6842F004025A60D3F8DC2161F3DF7256
S31500004340C3F8DC2198F8002002F5EC726A4492F872
S31500004350540092F8641052785AB1D3F8084262F3C6
S315000043604924C3F80842D3F8084261F34814C3F855
S315000043700842104FD7F8083260F30403C7F8083232
S31500004380FEF7EEFF98F80040324621463846FFF722
S31500004390A9FCA0346A886B68B3FBF2F3064A42F8BC
S315000043A0243000206DB0BDE8F04F04B0704700BF68
S315000043B08856010000380424A85601006D3D2008E7
S315000043C07D3D20088456010098F80010639101F5A0
S315000043D0EC736B44204693F8642093F8549093F85A
S315000043E001B062921346CDF800B04A46FFF7EDFBE6
S315000043F0639901F5907337F8130001F5987337F850
S315000044001320012A08D08B0003F1105303F58723EC
S31500004410A3F83801C3F878212046FFF729FC5A464D
S3150000442062994846FEF79CFF98F800902046494658
S31500004430FFF7B6FB76AB03EB89030136D3F81431ED
S31500004440689376AB03EB8903D3F85431699376AB63
S3150000445003EB4903B3F8F430ADF8A831ADF8AA314F
S3150000446040F20113ADF8AC316CAB13E90300DDE9A2
S3150000447068238DE8030049462046FFF73FF998F880
S31500004480009020464946FFF777FB49460022204622
S31500004490FFF728FC09F1A00269886B68B3FBF1F30A
S315000044A009F5987137F81110B3FBF1F347F822308C
S315000044B076AA02EB490209F5C473B2F8F42027F88C
S315000044C0132076AA02EB890209F1B403D2F8B420CC
S315000044D047F8232009F5EC7207EB09030DEB0209F7
S315000044E099F8012083F8C022C4E64FF0FF3059E75F
S315000044F0D0F8E03143F00103C0F8E0310020704706
S315000045002DE9F341374B9A6A0192019A16020DD5AD
S31500004510426A1502C2F3C05008D45A6A42F4000235
S315000045205A62314B9B690421984718E0019BDC07CE
S3150000453009D52C4A136A43F0010313622A4B05215D
S315000045409B690020F0E7019C14F080740BD025488D
S31500004550012100F095F8254B02201B6898470020A2
S3150000456002B0BDE8F0811F4B5A68500603D4D3F859
S31500004570DC21002A25DA1E4D1A4FDFF86C80019BDC
S31500004580E21DD340D90716D521463846FFF7D6FB9C
S315000045902B78E6B2B3FA83F2520931463846FFF772
S315000045A01DF9D8F818300021304698472B78B3FA11
S315000045B083F35B092B700134102C05F10105DED164
S315000045C0CDE75A689207CAD4D3F8DC11C90FC6D111
S315000045D05A6842F004025A600198034BC0B29B69C4
S315000045E0A2E700BF0038042488560100DC59010008
S315000045F0685601000148FFF783BF00BF0038042456
S31500004600030548BF20F40060174B58BF40F4006014
S31500004610D1B11A8A93ED057A821A07EE902AF8EE3E
S31500004620E77A67EE877AFDEEE77A17EE903A18B2E8
S31500004630B0F5805F11DA002812DDB0F5006F10DBEF
S31500004640A0F5006000B270471A8993ED037A821ACA
S3150000465007EE902AF8EEE77AE3E740F6FF70EFE719
S31500004660002000F50060EDE788560100406921B1A1
S315000046701146C0F30B00FFF7C3BFC0F30B00704732
S31500004680436A01291DBF43F002034362436A43F0B4
S31500004690807318BF43F004034362002070472DE97E
S315000046A0F04F92F806C092F802A05378D5781679A2
S315000046B0577992F807E092F8088092F8099092F8F4
S315000046C00AB0D47A127802B35B0643EA4B7343EA24
S315000046D08A5343EA495343EA085343EA4E4343EABB
S315000046E00C4343EA47330901026843EAC62301F152
S315000046F0105143EA852301F5872142F0004243EA3F
S3150000470044230260CB63BDE8F08F02686CF3C712E6
S31500004710026002686AF34F320260026863F3134272
S315000047200260036865F341030360036866F383036D
S315000047300360036867F30613036003686EF30A23D6
S315000047400360036868F3CB230360036869F30C33E3
S31500004750036003686BF314530360036864F3000398
S315000047600360D0E710B4034C2468646CA4465DF87B
S31500004770044B604700013000034B1B680A469B6CE4
S3150000478001460248184700BF000130000014042407
S31500004790014BDB685B691847000130008A1E70B563
S315000047A043680D46052A04D8DFE802F01B1D4C4E6F
S315000047B050528469B3F1884F60D163783F2B19D981
S315000047C05B4B60781B684038D3F8E830C0B2984736
S315000047D062785848403A0623D2B20021FFF7C2FF5A
S315000047E008E0C469E6E7B3F1884F046A32D160781D
S315000047F03F283AD8E07820B14D4B1B68D3F8C0303B
S3150000480098476078A0F11903052B04D8484B1B681C
S31500004810D3F8B8309847032D06D1454B60781B680E
S315000048200121D3F8D4309847414B60781B68D3F800
S31500004830C8309847A378627821783F48BDE8704031
S31500004840FFF790BF446AB5E7846AB3E7C46AB1E785
S31500004850046BAFE7394A9342C9D0394A934211D122
S3150000486060783F28C6D9032DAAD1314B1B68403842
S31500004870D3F8F0300121C0B29847A1E72F4A9342FE
S31500004880EBD19AE72F4A934250D1002C4ED0627852
S315000048903F2A18D9032D07D1254B1B68403AD3F878
S315000048A0F0300121D0B29847214B60781B68403820
S315000048B0D3F8E830C0B298476278A37821781D48CB
S315000048C0403AD2B2BAE71C4821780923FFF74AFFDB
S315000048D0E07820B1164B1B68D3F8C0309847032DFB
S315000048E006D1134B60781B680121D3F8D430984762
S315000048F00F4B60781B68D3F8C830984721780D486D
S3150000490062780023FFF72EFF6078A178A0F12E03CE
S31500004910032B02D82638C0B202E00F2804D10720A4
S31500004920BDE87040FFF728BF0638F4E770BD00BF4A
S315000049300001300000C004240000134600010044BA
S315000049400000024500180424F0B5436885B0002431
S31500004950B3F1884F01940546029403940BD0774A2D
S31500004960934208D0764A934200F0D180754C181BCA
S315000049704442444164009A680192019A02F0060298
S31500004980062A4FEA84742CD15B690293029B99072D
S3150000499010D56A6913686BB10121517120209847BF
S315000049A06B6993F82820032A04D193F826300BB1BB
S315000049B044F01004029B5A0707D56A69136823B1AD
S315000049C0012111724FF400709847029B1B0740F1BA
S315000049D0A0806A69136823B10121D1714FF48070F8
S315000049E09847019B9E071DD56B691E6910201A6AA0
S315000049F06968964209D09F690138BF5C0F6002F171
S31500004A0001021A62F3D196420CD14A6822F00202E0
S31500004A104A60002283F826201B681BB144F001047B
S31500004A2020469847019B580738D56B691A68002AB3
S31500004A3034D06A685169C90725D511685A69DB6996
S31500004A40D1546B69DA69D96801328A42DA611AD1BE
S31500004A5069684A6822F001024A6093F82820023AFF
S31500004A600021012A197164D893F8272083F82710AA
S31500004A70022A5ED0032A59D0012A01D144F001044A
S31500004A801B68204698476B691A683AB1D969DB6892
S31500004A90994203D044F0400420469047019B1A07F0
S31500004AA04AD16B689B6903936B78DB0608D5039B39
S31500004AB0DF0705D56B6944F480641B682046984778
S31500004AC06B785E0608D5039B980705D56B6944F499
S31500004AD000641B6820469847AB78D90708D5039B26
S31500004AE05A0705D56B6944F400541B68204698475D
S31500004AF095F90130002B1FDA039B1B071CD56B6948
S31500004B001B6844F4805005B0BDE8F0401847012406
S31500004B1031E7029BDF067FF564AF6A691368002BF5
S31500004B203FF45FAF01219171802059E744F00404FE
S31500004B30A6E744F00204A3E705B0F0BD0001004477
S31500004B40000002450018042430B504460AB3B0F547
S31500004B50E10F1ED853688025DD608900B1FBF0F1B6
S31500004B60D3F8C0006FF30500C3F8C000002018603A
S31500004B705860D860DD60C1F387151D60C1F38735C5
S31500004B8001F03F015D60C3F8C010D8605369DC6274
S31500004B9030BD40F20160FBE72DE9F7434E69DDF8D1
S31500004BA0289096F8295015F001050C4617469846A8
S31500004BB06ED1C6E90005357286F8265086F824506F
S31500004BC04B68B3F1884F02D0354A934212D1354B28
S31500004BD010229A60344BA26BDB69019294F8342060
S31500004BE00092D3F8A45094F83C20002301214FF002
S31500004BF08C40A84762682D4B9A4215D103F15F435A
S31500004C0003F5213310229A60274BA26BDB690192D0
S31500004C1094F834200092D3F8A45094F83C20012351
S31500004C2019464FF08C40A8476268214B9A4210D132
S31500004C3003F5D8434FF400125A641B4B228F1B6AAC
S31500004C400092DD6994F83C2094F83530194801212A
S31500004C50A847E3680BB92369B3B16568B5F1884F16
S31500004C6008D00F4B9D4205D0104B9D4202D0104BF1
S31500004C709D4211D10C4BDB684A461D680B9B414691
S31500004C803846A847C9F800006369012283F829203D
S31500004C90002003B0BDE8F0834FF0FF30F9E700BF16
S31500004CA00001004400840424000130000000024595
S31500004CB0001804240014042438B54368B3F1884F5F
S31500004CC004460D4602D01F4A934207D11E4BDB69AC
S31500004CD00021D3F8E8304FF08C40984762681B4BB0
S31500004CE09A4207D1184BDB690121D3F8E8304FF01F
S31500004CF08C4098476268164B9A4205D1124B15486C
S31500004D001B6A0821DB6B9847E3680BB923698BB1F3
S31500004D106368B3F1884F08D00A4A934205D00B4A1C
S31500004D20934202D00A4A934209D1074BDB682846D0
S31500004D305B6898476369002083F8290038BD4FF007
S31500004D40FF30FBE70001004400013000000002458F
S31500004D50001804240014042470B50C4615461E469B
S31500004D6020B1022872D06FF0030070BD91F90800DF
S31500004D7000280CDB4309474900F01F0020330122BD
S31500004D80824041F82320BFF34F8FBFF36F8FE06857
S31500004D9062696368B0B192F826209AB1B3F1884F80
S31500004DA00BD03D4A934208D03C4A934205D03C4A38
S31500004DB0934202D04FF0FF30D7E7007932462946BA
S31500004DC0FFF7E6FCD4E90402636890B1127982B178
S31500004DD0B3F1884F08D0304A934205D02F4A934208
S31500004DE002D02F4A9342E5D1007932462946FFF791
S31500004DF0CFFC63682B4AB3F1884F05D026498B4216
S31500004E0002D026498B421DD11023D36094F9083075
S31500004E10002B09DB5A09012103F01F03994002F117
S31500004E2060031C4A42F82310636900225A601A7212
S31500004E3083F8262093F8292022F0020283F82920FD
S31500004E40002092E74FF400139364DFE74A6992F873
S31500004E502930D907AED513F00203F1D161684B6052
S31500004E605360137282F826304FF44073138594F919
S31500004E700830002BE4DB03F01F015B099B0003F104
S31500004E80604303F5614301228A40C3F880211A601A
S31500004E90D6E700BF00E100E0000100440000024543
S31500004EA000180424008404242DE9F04F8FB00DF17E
S31500004EB01C0A06460D46904600211C225046DDF887
S31500004EC064901F4607F0ABF8002E00F08D80002D91
S31500004ED000F08A80D8F8142092F82930580704D4B4
S31500004EE04FF0FF300FB0BDE8F08F92F82630002B60
S31500004EF07DD1012482F82640D8F80CE01362966131
S31500004F00D8F804301561BEF1000F59D0B3F1884FBF
S31500004F10099450D0374A93424DD0374A93424CD0E9
S31500004F20364A9342DCD122460324CDE90C420121C4
S31500004F300B91DEF80000DEF808C007919EF8041019
S31500004F40BEF800E0CEF3091E6EF30D1000F0070B5D
S31500004F50BBF1020F01BFBA6894686BF30204946058
S31500004F60274C0EF101029542E26838BF05F1FF3E7B
S31500004F70D2F808B0189ACDF8149038BFCEF3090EBF
S31500004F806EF30D10CDE903C2CDE9010A0095324654
S31500004F903846D8470130A3D0D8F80C00E36800792A
S31500004FA0DB6839464A469847E36849461B693846EE
S31500004FB09847002096E71922B7E71B220224B4E798
S31500004FC0596989060ED45A6842F002025A60F0E71F
S31500004FD04C1C1462715C19600138F4D0116AA94244
S31500004FE0F6D1F0E71020F9E76FF004007AE76FF0EA
S31500004FF0010077E700010044000002450018042480
S31500005000000130002DE9F04F8FB0984607AB81467E
S315000050100F461846164600211C22DDF864A006F04D
S31500005020FEFF0346B9F1000F7BD0002F79D07269DD
S3150000503092F82910490704D44FF0FF300FB0BDE8AD
S31500005040F08F117901296FD0002501245460157263
S315000050503069D760C2F81490D561726800285BD0B9
S31500005060B2F1884FCDE9085451D031498A424ED029
S3150000507030498A424DD030498A42DDD10324B0F806
S3150000508000B0D0F800C0D0F808E0CBF3091BCDE99A
S315000050900C456BF30D1C01210B9107910CF00705D4
S315000050A00021022D0A91017901BFD8F80800846811
S315000050B065F302048460214C0BF101008742E0682D
S315000050C038BF07F1FF3B85681898CDF814A038BFA4
S315000050D0CBF3090B6BF30D1CCDE903E0CDE901C35E
S315000050E000974B464046A8470130A5D03069E36893
S315000050F00079DB6852464146984796F8403023B916
S31500005100E36851461B6940469847002096E71825F4
S31500005110B5E71A250224B2E7536843F0010353604A
S31500005120F3E76FF0040089E76FF0010086E700BF40
S31500005130000100440000024500180424000130006C
S315000051402DE9F3470746DDE90AA8DDF83090084661
S3150000515016461D461FB311B30AB35B6993F829209F
S31500005160520723D595F84040F4B12A7812F0060F7D
S315000051701CD0032283F827203146CDE90089534607
S315000051802A46FFF73FFF60B953462A46314638465E
S31500005190CDE90A8902B0BDE8F047FFF785BE6FF09A
S315000051A0040002B0BDE8F0872046FAE74FF0FF3072
S315000051B0F7E74369186A70474369D8697047000082
S315000051C02DE9F0471C465B69924693F829208046F4
S315000051D09007DDE90867894640F120825FFA88F585
S315000051E0A5F11501052900F2D680DFE801F00319C3
S315000051F029426C94B9F1000F0DD002212046FFF729
S31500005200CDFA626992F8293043F0080382F8293012
S315000052100020BDE8F08722F0080283F82920F7E78E
S31500005220B9F1000F09D003212046FFF7B7FA6269EA
S3150000523092F8293043F01003E8E722F01002ECE779
S31500005240B9F1000F0DD093F82620002A40F0E9812D
S315000052506168CA6842F04002CA60012283F82620CB
S31500005260D6E76168CA6822F04002CA6083F82690D1
S31500005270CEE76068426822F002024260D4E9035237
S31500005280E2B9B5B10D22826093F826309BB1B0F138
S31500005290884F08D08E4B984205D08E4B984202D04C
S315000052A08D4B984207D128793A463146FFF770FA76
S315000052B001E00523836063690022CFE70D22826047
S315000052C0002DE1D1F7E760682569426822F0010206
S315000052D042604DB9E3682BB90323836063690022FA
S315000052E01A7195E70B23F8E70B2282601B79002BD6
S315000052F0F4D0B0F1884F08D0754B984205D0754B65
S31500005300984202D0744B9842E8D128793A46314601
S31500005310FFF73EFAE2E76268E068516821F00301B0
S31500005320516098B193F8263083B1B2F1884F08D016
S31500005330674B9A4205D0674B9A4202D0664B9A4217
S3150000534004D100793A463146FFF722FAD4E904023D
S31500005350636840B9E368E3B90723626893606369E9
S3150000536000221A717AE712799AB1B3F1884F08D000
S31500005370574A934205D0574A934202D0564A93421F
S3150000538007D100793A463146FFF702FA2369002B26
S31500005390E0D00F23E1E76A1E132A00F24581DFE819
S315000053A012F03900140047005E006F008A004301C6
S315000053B043014301430143014301430143014301C7
S315000053C08F0017008A0092008A0094F8403013B9C3
S315000053D06FF006001DE762683D4B9A42F8D12378CC
S315000053E0990717D501212046FFF7D8F963689A6D0A
S315000053F042F001029A659A6D42F002029A6594F8AB
S3150000540041109A6D41B342F010029A659A6D42F0CE
S3150000541020029A6508F4E066B6F5A06F72D05DD8F2
S31500005420002E72D0B6F5807F71D06FF00800F0E6DE
S315000054306268274B9A42CBD123785A07C8D50121F7
S315000054402046FFF7ABF963689A6D42F001029A6550
S315000054509A6D6FF34102D1E761F30412D5E7217823
S315000054600B07D7D563681A6C42F001021A641A6CEE
S315000054708F074CBF6FF3410242F002021A64C9E77C
S315000054806368B3F1884F02D0114A9342A0D12378C2
S31500005490DE069DD506212046FFF780F92046072126
S315000054A0FFF77CF92378D80692D56268136943F032
S315000054B040031361AEE7257815F02005AAD087E7EB
S315000054C083F82490A4E6257815F04005F6E700BF9A
S315000054D0000100440000024500180424B6F5C06F20
S315000054E017D0B6F5E06FA0D10026022708F4405386
S315000054F0B3F5805F10D0B3F5005F1BD073B16FF0CA
S31500005500090086E600260027F0E70327EEE70926CE
S31500005510F9E700260127E9E747F0180708F44043B2
S31500005520B3F5804F09D0B3F5004F06D03BB16FF00D
S315000055300A006EE647F00807F0E747F0040708F4AC
S315000055404033B3F5003F2FD007D8002B3BD0B3F53F
S31500005550803F19D06FF00B005BE6B3F5403FF9D101
S31500005560637803F01803182B07D104212046FFF7B0
S3150000557015F905212046FFF711F9238803F4C073B6
S31500005580B3F5C07F0BD0E5E76378190703D505218E
S315000055902046FFF703F994F90030002BDADA626847
S315000055A0136943F022030DE06378DA0603D504217C
S315000055B02046FFF7F3F86378DB07CBD562681369FB
S315000055C043F020031361AB1E012B05D818F4802F7E
S315000055D02DD118F4002F2DD1D4F80480D8F810302E
S315000055E023F01003C8F81030224651464846FFF70C
S315000055F0ABFA6369012183F82850C8F80810C8F887
S315000056000C70C8F8CC60D8F8AC2061F3C402C8F8B6
S31500005610AC2093F8292042F00402FEE54FF0FF305B
S31500005620F7E56FF00100F4E56FF00300F1E56FF0C8
S315000056300C00EEE56FF00D00EBE500BF4269436834
S31500005640107A5969137981F080015B00C1F3C011AA
S3150000565003F002030B435179C90001F008010B4323
S315000056609179090101F010010B43D179490101F04B
S31500005670200180010B4300F04000184370470000F2
S315000056804B6993F829305B0732D54B68002B32D033
S31500005690032830D8DFE800F0020B121F4A78120701
S315000056A029D51A6922F002021A61002070474A7849
S315000056B0100720D51A6942F00202F5E7B3F1884FC8
S315000056C002D00E4A934216D14A78910613D51A692A
S315000056D022F00102E8E7B3F1884F02D0074A93426D
S315000056E009D14A78920606D51A6942F00102DBE72B
S315000056F04FF0FF3070476FF0030070470001004421
S31500005700024630B5536800201BB3516991F8291041
S3150000571049071ED5557899699278EB064CBFC1F3B7
S315000057200013034615F0400418BFC1F3401412F0ED
S31500005730010218BFC1F380122D060FD5C1F3C011A7
S3150000574043EA440343EA810343EAC20363F30700DF
S3150000575030BD0246014604460346F1E70021EFE765
S3150000576041F20273984221D011DC41F2045398426F
S315000057701CD005DCF8B101280CBF212001207047A0
S3150000578041F2017398420CBF11200120704742F28A
S31500005790041398420CD042F2061398420AD042F201
S315000057A0031398420CBF2120012070472120704727
S315000057B0282070472B207047014BDB695B6E18472A
S315000057C000013000014BDB699B6B1847000130007C
S315000057D0014BDB695B6A1847000130003D4B99427B
S315000057E070B50C46154672D83B4B99420AD93B4BCD
S315000057F04FF400125A623A4B10229A615A6C42F0E8
S3150000580010025A64012838D002284CD000282FD123
S31500005810344B354EDB690121D3F8EC30A42208461F
S315000058209847324B9C60FFF7D3FF314B9D4205D121
S3150000583008F076FD736823F4404373604FF45943D0
S31500005840A6F86030274BDB699B682A4621464FF055
S315000058508C40984768B9274B9C42274B02D9DA6E91
S31500005860920305D44FF480229A664FF400329A666A
S315000058700020BDE87040FFF773BF1C4B1A4E5C61F9
S31500005880FFF79AFF1A4B9D4205D108F049FD736850
S3150000589023F4404373604FF45943A6F8A030114BEC
S315000058A0DB699B6DD1E7114B9C61FFF78BFF08F01D
S315000058B037FD0D4B4FF45942A3F8E020094BDB6945
S315000058C02A46DB6B21464FF08C409847D1E72120D2
S315000058D070BD00BF0095BA0AFF0D270700002820FB
S315000058E00080004600013000008018463851010053
S315000058F0005A62027F4A5D05008404241E4B9942C9
S3150000590070B505460E460DD81C4A536A23F400139B
S3150000591053621B4B9A6922F010029A615A6C22F06C
S3150000592010025A64002211464FF08C4000F0B2FB80
S315000059300446FFF715FF0246D8B9D5B1042D13D199
S31500005940104A31460120FFF749FF04B22046FFF70F
S3150000595007FF024668B929464FF08C4000F09AFBD3
S31500005960BDE87040FFF7FCBE022DEFD1054A314677
S31500005970E9E7104670BD00BFFF0D2707000028208D
S3150000598000800046005A620208B508F0C9FC0321EF
S315000059904FF08C4000F05EFC08F0C2FC032000F0E3
S315000059A0BFFCBDE8084002490220FFF7A7BF00BFC1
S315000059B00095BA0A044B4FF48072DA63034B4FF436
S315000059C000629A60704700BF00810424000008123C
S315000059D008B5284B4FF400621A60274AD2F88C3774
S315000059E043F4004343F08003C2F88C37D2F88C3777
S315000059F05B06FBD5D2F88C27204BDFED216A9FEDA5
S31500005A00216A214902F03F021A601A68262A84BFD9
S31500005A1026221A601D4A9268EAB11D48C2F3150291
S31500005A200260D3ED007A90ED007AF8EE677AB8EE70
S31500005A30477A77EEA67A37EE267A67EE867AC7EE4B
S31500005A40876AC1ED006AFFF7B5FF0A4B4FF40062A3
S31500005A505A60086808BDD3ED007AF8EE677A77EEEB
S31500005A60A67ADFED0C6A67EE867A87EEA67A81ED76
S31500005A70007AE8E70000081200A00524E8590100B2
S31500005A8089410B4233335340E05901007C700000DA
S31500005A90E4590100C4A08342F0B5A24CA24BA2680F
S31500005AA00578A24E02EA0301027802F001020A43D7
S31500005AB09F49A2608A6802EA0304427802F0010262
S31500005AC0920042EA951222438A600A69457802EA00
S31500005AD003040278C2F344022243964C0A61A26888
S31500005AE002EA0301827802F00302520142EAD50279
S31500005AF00A439149A2608A6884781A4042EA94026D
S31500005B008E4C8A60A268C1781A4001F01F011143C9
S31500005B10A160B268047902EA030504F03F04C27882
S31500005B20640044EAD214C2F3411242EA84022A43D0
S31500005B30B260834E4579B26802EA0304027905F041
S31500005B407F05920942EA850222437E4DB260AA6829
S31500005B5002EA0304C27902F00F0222437A4CAA60D9
S31500005B60A268C579067A1A4042EA1512774DA260F4
S31500005B70AA6802EA0304427C02F07F022243AA607A
S31500005B80734DAA6802EA0304027A02F07F022243F6
S31500005B90AA60704DAA6802EA0304427A02F01F0264
S31500005BA0520042EAD61222436B4EAA60B268857A48
S31500005BB002EA0304C27A520042EAD512057B05F0D6
S31500005BC0010542EA45222243644DB260AA68467A3C
S31500005BD002EA0304827A02F07F02D20042EA5612F7
S31500005BE02243AA605E4D5F4EAA6802EA0304B0F83B
S31500005BF00D202243AA60B268457D02EA0304027DB5
S31500005C0005F00F0542EA05222243574DB260AA6805
S31500005C10564E02EA0304427DC2F302122243AA60F0
S31500005C20B268C57D477902EA0304827D05F00F0557
S31500005C3042EA05222243B2604D4EC57DB26802EAB1
S31500005C400304027E120142EA1512457E05F00F0595
S31500005C5042EA05322243474DB260AA68467E02EA0E
S31500005C600304827E120142EA16122243AA60424DC2
S31500005C70AA6802EA0304B0F81B202243AA603F4D3B
S31500005C80AA6802EA03048279560802F00102520069
S31500005C9042EAD71242EA86022243847CAA60457C05
S31500005CA090F8246004F00F02520052EAD512344DE7
S31500005CB01EBFA96819401143A960324D1A4AAB6844
S31500005CC003EA0201437F03F00F030B43AB602E4D43
S31500005CD0AB6803EA0201837FC3F383030B43AB6024
S31500005CE02A4DAB6803EA020190F8253003F007035A
S31500005CF05B0043EAD6130B43AB60254DAB6803EA62
S31500005D000201C37C03F003035B0043EAD4130B4395
S31500005D102049AB608B681A40837CC3F3021313439C
S31500005D208B60F0BD5C7100000000C0FFE4700000F5
S31500005D304871000030710000187100000C710000FD
S31500005D40C8700000A070000094700000247100006C
S31500005D50887000007C700000707000007471000094
S31500005D605870000064700000D46F00004C70000092
S31500005D70407000003470000028700000AC70000015
S31500005D80007100001C70000010700000047000001C
S31500005D90EC6F0000F86F0000FBF7C6BFF0B5194DB9
S31500005DA0194C2B88E5B004F11001002600274FF4AA
S31500005DB0C2726846ADF88431CDE9626706F0A0F993
S31500005DC094E80F0000F0E2FC62A800F07FFD2B785B
S31500005DD0687843EA002000F031FEDDE9624532468C
S31500005DE03B462046294605F0A5F948B1074B002257
S31500005DF02046294605F08AF910B10020FBF7E8FF96
S31500005E0065B0F0BD70080000DC06000000004E40E2
S31500005E1010B50A4A0A4BD2F80815D3F80240E40531
S31500005E20FBD440EA5110C2F80805D3F80220D20587
S31500005E30FBD4024BD3F8083510BD00BF00A00524E3
S31500005E400000052410F4405F0F4B0BD0D3F8042557
S31500005E5022F48012C3F80425D3F8042522F4001294
S31500005E60C3F80425D3F80825084BD3F80210C90552
S31500005E70FBD4C04300EA5210034AC2F80805D3F81F
S31500005E800220D205FBD4704700A00524000005249B
S31500005E900D4A0E49D2F81035013823F0030310B528
S31500005EA0C0B2C2F81035D1F80230DC05FBD4D2F806
S31500005EB01045012383402343C2F81035D1F8023040
S31500005EC0DB05FBD410BD00BF00A00524000005249F
S31500005ED02DE9F04F88B305687DB3002100F1040C6D
S31500005EE001275CF83160013150F83130C3F3845436
S31500005EF0C4EBD3620132162A1FD84FF00009D6F838
S31500005F000080A646CA46224407FA0EFB0EF1010E91
S31500005F1028EA0B08724507FA09FB4AEA0B0A09F157
S31500005F200109F1D803EA0A03A34043EA0803A94298
S31500005F303360D6D10020BDE8F08F0120FBE7F0B535
S31500005F4000B30768F7B100254FF0010C013550F892
S31500005F503530C3F38454C4EBD3620132162A11D808
S31500005F6000210E4622440CFA01FE013146EA0E06D5
S31500005F7004EB010E7245F6D8BD42E7D103EA0600EE
S31500005F80A040F0BD0120FCE7024A93689B0D9B05EB
S31500005F9093607047D46F0000034AD2F8383723F075
S31500005FA00403C2F83837704700800524064B074AB9
S31500005FB0996C0748DA620229D96C08BF1A6002296F
S31500005FC008BF5A60FFF784BF385101000048E80156
S31500005FD030710000024B034A03485A63FFF778BF4B
S31500005FE0385101000048E80118710000064B074AC5
S31500005FF0996C07481A630529D96C08BF1A600529E8
S3150000600008BF5A60FFF764BF38510100002D310107
S3150000601088700000034B04484FF4FA421A62FFF7F7
S3150000602057BF00BF385101000C710000034B0448F4
S315000060304FF4FA425A62FFF74BBF00BF38510100D6
S31500006040AC7000000148FFF77ABF00BF6470000023
S315000060500148FFF774BF00BF4C7000000148FFF70E
S315000060606EBF00BF407000000148FFF768BF00BF69
S31500006070347000000148FFF762BF00BF28700000BF
S315000060800148FFF75CBF00BF5870000001B1084728
S315000060907047000010B5002852D03E2A50D82B4B2E
S315000060A0DB689C0748BF5208052949D8DFE801F09C
S315000060B003481B26313C836A6FF303038362244B38
S315000060C01B6824490B60846DE405FCD5846A62F381
S315000060D00914846212B1B3FBF2F30B601C4B0A681D
S315000060E0DA60002010BD836D9B062BD5836A0221E2
S315000060F061F303038362164B9B68E2E7836D5C06DC
S3150000610020D5836A032161F303038362104B1B6965
S31500006110D7E7836D190715D5836A042161F3030355
S3150000612083620B4B5B69CCE70B4B5B6A5B0709D55C
S31500006130836A052161F303038362054B9B6BC0E70A
S315000061400120CFE741F20170CCE700BF00860424AE
S3150000615038510100885101000014042407B50B468C
S31500006160114606281ED8DFE800F00421333B4758C5
S315000061706400364A106A40025EBF106A40F480002E
S31500006180106213B90A20FFF781FF314BD3F81C21A7
S3150000619022F08012C3F81C21D3F81C2142F0012200
S315000061A0C3F81C21002003B05DF804FB274A106ADF
S315000061B0800207D4106A40F480101062106A40F41E
S315000061C000101062002BEDD10A20FFF75FFFE9E710
S315000061D01E4A106AC002F5D4106A40F48010F0E737
S315000061E01A4A106A00035EBF106A40F4002010626B
S315000061F0002BD7D10220E8E7144B1A6A5203D1D4F8
S315000062001A6A42F480221A624FF4FA700191FFF77B
S315000062103DFF019940F2DC50D7E70C4A106A800333
S315000062205EBF106A40F400301062002BBAD1FA202B
S31500006230CBE7064A106AC0035EBF106A40F480309E
S315000062401062002BAED19620BFE700BF0081042468
S315000062500080042410B50446002858D001390529C9
S3150000626055D8DFE801F003131D273445294BD969BA
S31500006270012262F30201D961274B9A645B6C264ABC
S315000062801360A36D002BFCDA002010BD214BD969E9
S31500006290022262F30201D9611F4B9A64DB6AEEE7C0
S315000062A01C4BD969032262F30201D9611A4B9A6425
S315000062B0DB6BE4E7194B40229A83164BD96904221B
S315000062C062F30201D961144B9A641B6CD7E7114B38
S315000062D01A6AD2025EBF1A6A42F480121A62D96939
S315000062E0052262F30201D9610B4B9A641B6BC6E768
S315000062F0012100220846FFF731FF064BD969062225
S3150000630062F30201D961044B9A645B6BB7E7012023
S31500006310BBE700BF0081042438510100008013410F
S31500006320013808B5052850D8DFE800F003101A2414
S315000063303140274BD969012262F31241D961254BBD
S31500006340DA645B6C234A0020536008BD204BD96990
S31500006350022262F31241D9611E4BDA64DB6AF1E76D
S315000063601B4BD969032262F31241D961194BDA64D6
S31500006370DB6BE7E7184B40229A83154BD969042259
S3150000638062F31241D961134BDA641B6CDAE700221F
S3150000639001210220FFF7E2FE0D4BD969052262F3C7
S315000063A01241D9610B4BDA641B6BCBE7012100224A
S315000063B00846FFF7D3FE064BD969062262F312415F
S315000063C0D961044BDA645B6BBCE70120BDE700BF13
S315000063D000810424385101000080134141F2027308
S315000063E0984221D011DC41F2045398421CD005DCBE
S315000063F0F8B101280CBF21200120704741F201733A
S3150000640098420CBF11200120704742F204139842B3
S315000064100CD042F2061398420AD042F20313984275
S315000064200CBF21200120704721207047282070478B
S315000064302B2070470378012B06D84378013B0F2B9E
S3150000644094BF00202120704721207047002370B59B
S31500006450194600F1F2041A4634F8026FDDB2013330
S3150000646036B10132D2B2012A01D99A420BD129465C
S31500006470102BF1D11A4B1B78934204D1012A04D177
S315000064800378994202D0232017E00023C2185278DD
S31500006490012A22D800EB83004369D3B1114A934203
S315000064A019D8D0F81431104A934207D9D0F85401BC
S315000064B00E4B98428CBF2120002070BDB3F53D3FA6
S315000064C00BD8D0F85431B3F53E3F34BF002021201D
S315000064D0F3E72D20F1E72820EFE72120EDE700BFC5
S315000064E0EC590100A0252600FFFF0524001B062409
S315000064F011B1042900D07047014B1B68184700BF33
S31500006500F059010007B500230193FFF761FA0190E6
S315000065109DED017ADFED067AB4EEE77AF1EE10FA38
S3150000652002D50448FFF7D4FC019803B05DF804FBDC
S315000065309A991940BC72000084B030B52DED028BDB
S31500006540E5B06AAC84E80F00CFA89DEDD08AFFF7CE
S3150000655071FF00285CD1374B9DF83D431C706AA83B
S31500006560FFF774FF002853D1012C08BF9DF8A8013E
S315000065709DF83C536AAB03EB4000012DB0F8F430B4
S3150000658001D1012B52D8013B9BB240F2FE3293421D
S315000065904CD8294A2948D2F88C3743F40043C2F82C
S315000065A08C37FFF795FC4FF48030FFF731FC244B16
S315000065B00C22DA64DA65234ABDF83C336292ADF800
S315000065C084314FF4C2726EA9684645BB012C26D9A8
S315000065D005F096FD6AAB0FCBFDF78CF9FFF7FEFED3
S315000065E0B0B9FFF78FFFDFED187AB4EEE78AF1EE68
S315000065F010FA01461CD4DFED157AB4EEE78AF1EE07
S3150000660010FA15DC18EE100AFCF7D6F8FFF7E6FECE
S3150000661065B0BDEC028BBDE8304004B0704705F0B4
S315000066206FFD6AAB0FCBFDF705FAD7E72B20EFE737
S315000066302120EDE7EC59010000A0052410720000AE
S3150000664000840424F17420086666E63F66666640A8
S3150000665084B000B5E3B00DF5C87C8CE80F00C9A87E
S31500006660FFF7E8FED0B964A8FFF7F0FEB0B99DF8D1
S315000066702423BDF82433B2B99DF82523012A12D963
S315000066804FF4C27268A96846ADF8843105F038FD4A
S3150000669064AB0FCBFDF7C6FBFFF7A0FE63B05DF85A
S315000066A004EB04B0704768A94FF4C2726846ADF8AF
S315000066B0843105F025FD64AB0FCBFDF74FFDEBE70D
S315000066C0034620B1044A106818B9136070472220A7
S315000066D070470420704700BFF059010008B5034811
S315000066E0FDF706FFBDE80840FFF778BE0038042432
S315000066F007B5ADF8040001A8FFF79CFE20B9019884
S31500006700FCF76CFBFFF76AFE03B05DF804FB07B508
S31500006710ADF8040001A8FFF78DFE20B90198FDF73A
S315000067209FFAFFF75BFE03B05DF804FB07B5ADF813
S31500006730040001A8FFF77EFE20B90198FDF744FB8F
S31500006740FFF74CFE024B00221A6003B05DF804FB13
S31500006750F0590100042902BF014B01221A7070474B
S31500006760FC590100437853B94269074B9A4208D84D
S31500006770B0F8F430012B14BF2B20002070472120E5
S3150000678070472820704700BFA025260084B000B5BA
S31500006790E5B00DF5CC7C8CE80F009DF82C33012B71
S315000067A034D19DF82D33013B0F2B2FD86046FFF7D0
S315000067B0D9FF30BB164B62934FF4C272BDF82C332F
S315000067C0ADF884316AA9684605F09AFC66AB0FCB32
S315000067D0FFF7B2FEA8B9BDF82C33ADF884314FF4FB
S315000067E0C2726AA9684605F08BFC66AB0FCBFFF751
S315000067F02FFF30B90748FFF763FF10B9CB98FFF7B3
S3150000680077FF65B05DF804EB04B070472120F8E728
S315000068103D0A27405577200884B000B5E3B00DF552
S31500006820C87C8CE80F0014238DF8E4316046104BC9
S315000068308193FFF797FFA8B901460E4A0E48FDF768
S315000068402EFF0E4B4FF4C2721B88ADF8843168A937
S31500006850684605F055FC64AB0FCBFFF7F9FE003830
S3150000686018BF012063B05DF804EB04B0704700BFA9
S3150000687000004C42B8060000143A042470080000D8
S3150000688084B000B5E3B00DF5C87C8CE80F00604617
S31500006890FFF768FF98B9FFF721FF80B917238DF836
S315000068A0E431094B4FF4C2721B88ADF8843168A9F4
S315000068B0684605F025FC64AB0FCBFFF7C9FE63B055
S315000068C05DF804EB04B07047700800002DE9F04352
S315000068D0504B2DED028B1B680646E3B0D3F8F03023
S315000068E0012109209847002E00F092804A4D4FF46E
S315000068F0C27205F11001684605F002FC95E80F002A
S31500006900FFF78AFF2F460446002873D1434B1A78B7
S3150000691062B118706A7842480121FDF7A7FE07EEBA
S31500006920900A404BF8EEE77AC3ED007A3E494FF401
S31500006930C272684605F0E4FB97E80F00FFF7A0FF78
S315000069400446002856D1DFF8D890384F4FF00A0891
S315000069506A7800214846FDF789FE07EE900A08F19D
S31500006960FF38F8EEE77A18F0FF08C7ED007AEFD1A6
S31500006970020545D520F400631B041B0C07EE903A74
S31500006980F8EEE77AC7ED007AFFF76EFB08EE100A1D
S31500006990FFF758FB08EE900AFFF772FB214B97EDC5
S315000069A0007AD3ED007ADFED226AB8EE488AC0F5A8
S315000069B0707037EE487A77EEC87A0130C7EE275AFC
S315000069C007EE900AF8EEE77AF8EE688A87EEA67A7E
S315000069D088EEA66AF0EE477A45EE867ADFED156A0E
S315000069E09FED157A17EEA67A17EE100A04F0BAF89C
S315000069F0C6E90001204663B0BDEC028BBDE8F0831A
S31500006A0040F400631BB207EE903AF8EE677AB9E7F6
S31500006A102224EFE700013000DC060000FC590100EB
S31500006A2000380424F4590100EC060000F85901006E
S31500006A3000007A4400009B430080884307B5ADF808
S31500006A400400C0B2012816D19DF80530013B0F2B7A
S31500006A5011D80A4B5B68DB0705D4019803B05DF8D3
S31500006A6004EBFFF763BE0198FFF751FE0028F4D050
S31500006A7003B05DF804FB2120FAE700BF00380424C8
S31500006A80F8B50468012C054622D8124E56F8242083
S31500006A9042B1536810498B4204D010498B4201D051
S31500006AA01120F8BD0E4B0F49DB680F481F680F4BCE
S31500006AB051F8241053F8243050F82400B8472B68B6
S31500006AC046F8240056F82330002BE9D00020E8E7EA
S31500006AD02120E6E7105F0100000003440080072440
S31500006AE000013000740800007C08000084080000E3
S31500006AF0F0B529B1012803D80B6818B9202B0CD999
S31500006B0021202AE00C2BFBD8012AF9D82C4C6468EA
S31500006B10002C51D073BB0C2707E0012AF0D8284C73
S31500006B202468002C48D02BBB20270125254C264B5A
S31500006B30AC46A8B926792EB90D60C4E902002260D8
S31500006B4084F804C00E6836BBBD4205F1010604F1A7
S31500006B50180403F1180301D14620F0BD3546E8E7D5
S31500006B601E79002EEED10D60C3E902661A6083F825
S31500006B7004C0E7E7013B182578B9124C6B43E618C9
S31500006B803679DEB9E2500B68013B05FB0343C3E9E6
S31500006B90020001221A710020DFE70B486B43C4187C
S31500006BA024795CB9C2500B68013B05FB0303012243
S31500006BB0C3E902441A71EEE71120CEE74520CCE77F
S31500006BC0105F0100205B0100005A0100012810B58A
S31500006BD003D811B118B9202909D9212016E00C29AA
S31500006BE0FBD8C2B10D4B5B688BB911200EE092B198
S31500006BF00A4B1B68002BF8D01068094B0139182482
S31500006C0004FB013398605268DA60002010BD1068FA
S31500006C10044B0139F3E72220F8E700BF105F0100BB
S31500006C20205B0100005A0100012830B536D8002942
S31500006C3034D0E8B9202931D8531E022B2ED8194B4F
S31500006C4053F8203063B302F00203D20721D54C1E5D
S31500006C50182578B9144A05FB0422906033B1124B0B
S31500006C600139182202FB01310023CB60002030BD20
S31500006C700C29E0E70D4A05FB042200209060002B5A
S31500006C80F4D00A4B1822013902FB01330022DA60E4
S31500006C90ECE7002BEAD00028E1D0F2E72120E6E776
S31500006CA01120E4E7105F0100205B0100005A01009B
S31500006CB008B507F079FB1849184AD1F8FC3043F0BB
S31500006CC08073C1F8FC30136843F001031360144B62
S31500006CD04FF47A721B68B3FBF2F3013BB3F1807F8A
S31500006CE009D24FF0E0225361FC2381F823300023C0
S31500006CF0936107231361084B1C2283F82320094B59
S31500006D00D3F87421D20742BFD3F8742122F00102CE
S31500006D10C3F8742108BD00BF00ED00E0001000E0DC
S31500006D208851010000800046244BD3F8742170B5C9
S31500006D300E4611075CBFD3F8742142F001020546E6
S31500006D405ABFC3F8742101240024D3F87421120712
S31500006D50FBD58CB1204607F017FB07F035FB00F09A
S31500006D60C5F8164BD3F86C319B0701D407F0B0FA7F
S31500006D7007F0BAFA00200EE000F046F843B2002B06
S31500006D800EDA13F10C0FF7D00733F5D01C30C0B272
S31500006D901C2801D9012070BD094B53F82000FAE7E1
S31500006DA03146284600F052F81C30C0B21C28F1D8F3
S31500006DB0034B53F820000028CCD0ECE700800046B7
S31500006DC0100C2108B0F1005F70B518D10C4C0D48BD
S31500006DD0236804225D6C00210623A847236809481E
S31500006DE05D6C052206230021A847236805485C6CD4
S31500006DF00022A4460623BDE870401146604770BDD8
S31500006E000001300000C0042482B0002301930E4B21
S31500006E10DB6B9AB272B103F47F42B2F52B4F0CD101
S31500006E20DBB2F12B0CD0F22B14BF00206FF009005F
S31500006E3002B070476FF00600FAE76FF00B00F7E755
S31500006E406FF00800F4E700BF0000054130B585B0DB
S31500006E5000234B280093214A01931ED14AF24B038B
S31500006E6043EA0123536300221C4D00924FF6FE7144
S31500006E7040F42B40009B5C1C8B42009403D802928A
S31500006E80AB8F8342F6D100984FF6FE7398424FF0CF
S31500006E90FF30D8BF002005B030BD412811D14AF2DD
S31500006EA0410343EA01235363002303930B4B93F8F7
S31500006EB03C30232B0FD0F32B14BF00206FF00400BF
S31500006EC0E9E740F42B43536300F0BF03312BEBD0CB
S31500006ED04A28E9D0C7E76FF00D00DCE7000005415E
S31500006EE0014BC3F87C01704700800046094BA6227F
S31500006EF0C3F87C21D3F8742142F00202C3F874214E
S31500006F004FF0E0234FF48062C3F80821142283F87F
S31500006F104A2470470080004608B500F017F8034A77
S31500006F20034B002814BF1046184608BD4C5F0100ED
S31500006F305083000000207047704708B507F0D8F965
S31500006F40002008BD7047704770470000034B586823
S31500006F50C0F30800003818BF0120704700ED00E0BC
S31500006F6073B5044600283CD0204B82789A7042784C
S31500006F705A7002781A70FAF735FDA278092A034684
S31500006F8005D96278092A02D92278092A0BD8184627
S31500006F90FAF72CFD1648174A1749D623FAF722FEA8
S31500006FA0212002B070BDFAF721FD62782578134BD7
S31500006FB01544A2781C601544A3686468EDB204FB0E
S31500006FC005F633B9304604F0F1FB0D4A034610606E
S31500006FD048B10C4800962A46A1B2FAF73AFD0020BD
S31500006FE0DFE72220DDE71920DBE700BF505F010065
S31500006FF0470E21087E0E2108B10D21085C5F0100B5
S31500007000585F0100605F01002DE9F0470C46984685
S315000070100546002837D007F057F91D4FDFF87CA04A
S3150000702081460226FAF7DEFC3A5D1AF804309A42E7
S315000070301AD2FAF7DBFC1748FAF729FD2860A8B13F
S315000070402B6813B3144A1C721268526800250C3A56
S315000070505A601D60FAF7C6FC3B5D01333B55FAF7F3
S31500007060C5FC2846BDE8F087FAF7C0FC304607F0B5
S315000070700BF9312E484694BF7600322607F0ECF81D
S315000070804045CFD9DCE72120ECE71920EAE700BF2D
S31500007090545F0100605F01005C5F0100505F01000A
S315000070A04368994205D20AB15B1A13800C31084431
S315000070B0704700207047000010B5044678B10146BD
S315000070C00748FAF7F6FC247AFAF78CFC054A135DB2
S315000070D00BB1013B1355BDE81040FAF787BC10BD54
S315000070E0605F0100545F010008B578B171B14B884B
S315000070F00BB9002008BD0A88042A0EBF13460823D0
S3150000710010220374043104F0FBFFF2E74FF43560FC
S31500007110F0E7E0B1D9B10388442B0ED005D8292B6E
S315000071200FD0412B0FD001207047AA2B03D0EF2B95
S315000071300BD0A12BF7D1042300E001230B70002014
S3150000714070470023FAE70323F8E70223F6E7222035
S315000071507047037C042B08D1431E033013F8012F1C
S315000071606AB98342FAD101207047082B07D1431E22
S315000071700F3013F8012F12B98342FAD1F3E700203A
S315000071807047F0B585B020B930230B70487005B054
S31500007190F0BD00230A2604AA02FA83F7B0FBF6F52F
S315000071A006FB1502303207F80C2C0246092A1CB2DF
S315000071B0284603F10103EED82246481E01AD160407
S315000071C006D501349BB2B8BF00230022CA54DEE7BD
S315000071D0565D00F8016F013AF1E788B10388532B39
S315000071E008D005D8512B09D0522B0BD1012302E030
S315000071F0EB2BFAE702230B70002070470023FAE717
S31500007200222070470120704710B518460C4603F03F
S3150000721039F82046024ABDE81040002101F040B886
S31500007220F59A200870B5A0F10803012BA6B0054613
S315000072300E4638D8FF2904D101A903F035F926B046
S3150000724070BD01AA02F0E8FE0028F8D19DF82830AA
S3150000725013F0FD0F20D0032B20D0042B0CBF0D24E0
S315000072600024124A01A9204601F0E6FA0028E6D1D8
S31500007270082D0F4B14D11C70014611A800F08CFB91
S315000072800028DCD10B4B9DF844201A70314601AA28
S31500007290284602F0A1FED2E70524E2E70924E0E74A
S315000072A05C700221E9E72120C9E700BFC0D40100D4
S315000072B06E5F01006C5F0100FFF7A6BF30B5A0F15D
S315000072C01003012BA5B004460D4633D86A4602F0DA
S315000072D0A3FE98B99DF8401001292DD1102C0FD18D
S315000072E010A800F059FB48B9144B9DF840205A707D
S315000072F029466A46204602F06FFE18B125B030BD19
S315000073000321EDE79DF8283013F0FD0F0ED0032B77
S315000073100ED0042B0CBF0E200020094B102C694602
S315000073200CBF1870587001F027F9E7E70620F4E75C
S315000073300A20F2E72120E1E72320DFE76C5F010066
S31500007340705F0100F0B506469FB00C4617461D4615
S31500007350002B36D000215D220DF11900059104F0B5
S315000073605EFE0CB144F08044002F14BF06230423B4
S315000073705A2231460DF11A008DF8183004F0C0FE7D
S3150000738005AB02930023CDE9004306AA5E23022142
S31500007390442007F021F8044668B9024601460598DC
S315000073A0FFF77EFE00F110012846FFF79DFE0598C7
S315000073B0FFF782FE02E005980028F9D120461FB0AB
S315000073C0F0BD2224FAE70000F0B500229BB0064685
S315000073D008461146FFF764FE858904460DB145F45B
S315000073E08035394B394F19782A460020FAF72CFB9D
S315000073F01122002101A804F012FE5022002106A845
S3150000740004F00DFE3B68002B5AD0042E52D8DFE85C
S3150000741006F010031010130004F1100101A8FFF785
S3150000742063FE01AA3F68238829463046B8470020F4
S3150000743047E004F11002F5E702238DF8183063885F
S31500007440A12B2AD108238DF819300DF12C0C04F14B
S31500007450140304F1240E18685968624603C20833FF
S3150000746073459446F7D10DF13C0C04F1340E1868BF
S315000074705968624603C2083373459446F7D10DF145
S315000074804C0C04F1440E18685968624603C208336E
S3150000749073459446F7D106AAC4E704238DF819303C
S315000074A0D4F816300893D4F81A300A93D4F81E305C
S315000074B00993F0E7064A074907486823FAF792FB5B
S315000074C001201BB0F0BD00BF8F080000546501000D
S315000074D0630F21089E0E2108420F2108F0B54B8844
S315000074E0A3F1CB02012A85B004460D4603D9F02B41
S315000074F001D0142B67D1002211462068FFF7D0FD7A
S31500007500438822898281CB2B054613D14BF6F13372
S315000075109A422ED1012603A802F0C6F803996B8879
S3150000752081B9514A5149524800936623FAF75AFBEA
S3150000753005B0F0BDF02B03D0CC2B01D0142B18D105
S315000075400026E8E70A782AB90093474A4749494896
S315000075506D23EBE7142B04F10C0725D0192B27D14B
S31500007560012A27D10023019700931A46184602F0F4
S315000075707FF8E668002EDBD0337800933A4A3B4921
S315000075803D489023FAF72EFBAC890CB144F48034C5
S315000075903A4B224619780020FAF756FA2A4631461F
S315000075A0204602F0D5FAC3E7012ADBD0012005E028
S315000075B0F02BFBD0002E0CBF0320012000230197E7
S315000075C000931A46D3E7E42B04D105B0BDE8F0409A
S315000075D003F062B8A3F1620292B2122A12D90BB179
S315000075E0AB2B13D1AE890EB146F48036234B32460F
S315000075F019780020FAF728FAE1682A46304600F0A2
S3150000760045FB03E01E4B1341DB07EBD502350DF1BD
S315000076100B012846FFF77DFD70B99DF80B300093EE
S31500007620184A12491848DF23FAF7DCFA21689DF850
S315000076300B00FFF7C9FE7BE703A92846FFF7CDFD40
S3150000764000287FF475AF9DF80C3000930D4A07496A
S315000076500E48E523FAF7C6FAE26821689DF80C00A1
S3150000766000F0F2FC64E700BF161121087C0F210828
S315000076702110210859102108881021088F080000C0
S31500007680FEFBFBFF3B112108C2102108E710210871
S315000076902DE9F843154E07460D46904600244FF057
S315000076A0060956F8041BC9B1CB7E434516D12A7C80
S315000076B0042A0EBF403110224431284604F085FCCE
S315000076C060B93946204606F0EFFD60B9204606F05F
S315000076D067FE40B956F8043CA3F858900134E4B26A
S315000076E0142CDED10020BDE8F88300BF8C5F0100BA
S315000076F0F0B587B000210446112201A804F08FFCE2
S3150000770006F006FEA379A0F109014D424D41D807C6
S315000077100FD504238DF8143001A8D4F8073001934F
S31500007720FFF717FD28B92A4601A940F62830FFF7CA
S31500007730AFFFA3799A0719D508238DF8143001AE47
S3150000774004F10B0304F11B0718685968324603C29B
S315000077500833BB421646F7D101A8FFF7FAFC28B951
S315000077602A4601A940F62830FFF792FFA3795B0766
S3150000777018D508238DF8143001AE04F11B032B3401
S3150000778018685968324603C20833A3421646F7D131
S3150000779001A8FFF7DEFC28B92A4601A940F62830E1
S315000077A0FFF776FF07B0F0BDF0B59FB004460F4671
S315000077B0164600213B220FA804F031FC00212522A9
S315000077C005A804F02CFC734B00211B7804913EB1F4
S315000077D046F08046002B00F0DA8044B9212503E00C
S315000077E0002B14BF2125112528461FB0F0BD637854
S315000077F05A0740F1C2803B220FA804F010FC237800
S315000078008DF86870012B01BFA368CDF83D30236960
S31500007810CDF8413013BF0923E368CDF845308DF824
S315000078203C3063689BB19DF83C2042F003028DF822
S315000078303C2003F11C010DF1490253F8040B42F8F8
S31500007840040B8B42F9D1198811809B789370B4F898
S315000078504430ADF86D30B4F84830ADF86F30B4F858
S315000078604630ADF87130B4F84A30ADF8733094F85C
S315000078704C308DF8753094F84D308DF8763004AB79
S3150000788002930023CDE900630FAA3B230221412086
S3150000789006F0A2FD0546002875D102460146049869
S315000078A0FFF7FEFB2378022B08D1D0F81630A36031
S315000078B0D0F81A302361D0F81E30E3600498FFF741
S315000078C0FBFB63781B078FD52422002105A804F053
S315000078D0A6FB4023ADF8163023788DF83870012BBF
S315000078E04DD104F1240306AD04F134071868596834
S315000078F02A4603C20833BB421546F7D10AAD04F146
S315000079004407186859682A4603C20833BB4215461D
S31500007910F7D104AB02930023CDE9006305AA252322
S315000079200221902006F058FD054660BB024601463E
S315000079300498FFF7B5FB04F1140200F1140300F1FB
S31500007940240153F8046B42F8046B8B42F9D104F11D
S31500007950240200F1340153F8046B42F8046B8B42A5
S31500007960F9D13434443053F8042B44F8042B8342C1
S31500007970F9D10498FFF7A0FB36E72125A1E70923F3
S315000079808DF81430C5E704980028F3D12CE71125AB
S315000079902AE700BFF06101004FF00042FFF704BF85
S315000079A00439092945D8DFE801F0101E232F0544C4
S315000079B04444343C431F012B3DD900F47F40B0F5CD
S315000079C0007F14BF002005207047052835D000F43D
S315000079D07F40B0F5807F32D0B0F5007F08BF06202B
S315000079E018BF00207047052814BF002021207047CB
S315000079F0052826D000F47F40B0F5807F23D0B0F56F
S31500007A00007F08BF0720EBE7421F5042504140006D
S31500007A10704700F47F40A0F5807358425841C0007B
S31500007A20704700F47F40B0F5807F14BF0020092026
S31500007A3070470020704731207047012070470320AF
S31500007A40704711207047042070472DE9F0411E460B
S31500007A50A1F10C03012B0446174603D840F6E87340
S31500007A609E421CD82046FFF79BFFFF2C05460FD9E8
S31500007A70E4B200231A462146284606F041FC78B9AE
S31500007A8033463A4621462846BDE8F04106F038BC62
S31500007A90053C012C4FF0FF3498BF0024E8E7212075
S31500007AA0BDE8F08110B5094B1B78834204460BD91B
S31500007AB0F9F7A1FF064B24B21B68002203F8342015
S31500007AC0BDE81040F9F79DBF10BD00BF805F010003
S31500007AD07C5F010048B34B8803604A7F0B7F43EA13
S31500007AE0022343844A790B7943EA0223C3878B7DB9
S31500007AF0CA7D43EA02238383052380F858300B8826
S31500007B00102B0CD1182380F83D308B1D44301631D4
S31500007B1053F8042B40F8042B8B42F9D1704702230B
S31500007B2080F83D30D1F806300364704738B5164DFD
S31500007B300446286890B1154D286818B906F0D0FBA0
S31500007B40286080B1124D286818B906F0C9FB286074
S31500007B5048B1104D286840B1002005E006F0E8FB6A
S31500007B6028600028E7D1012038BD631E092BFBD809
S31500007B70094B082120461C7003F024FB2860B0FA4C
S31500007B8080F04009F0E700BF845F0100785F0100E4
S31500007B90745F01007C5F0100805F010070B5094CD5
S31500007BA00023062554F8042B32B1D67E864204BF44
S31500007BB082F8585082F859100133DBB2142BF1D1F8
S31500007BC0002070BD8C5F010013289ABF024B53F84A
S31500007BD020000020704700BF8C5F0100F8B5064604
S31500007BE009B1002008600AB1002010600BB1002026
S31500007BF018600024254601272046FFF7E5FF864644
S31500007C00D8B161B10368706807FA03F3034206D07E
S31500007C100B6807FA04FC43EA0C030B60013562B1FA
S31500007C20DEF80030F06807FA03F3034205D0136864
S31500007C3007FA04F00343136001350134142CDBD139
S31500007C402846F8BDF0B50F4E05461424002056F818
S31500007C50043B7BB11F68AF420CD193F858708F423A
S31500007C6008D0571C02D0DF68974203D193F8AD01C4
S31500007C7028B91846631E13F0FF04E8D1F0BD184674
S31500007C80FCE700BF8C5F0100C08970472DE9F04317
S31500007C90144652886C2A85B080460D4614D1A08DB4
S31500007CA07B4A04F11001002352F8044B34B1E66814
S31500007CB0022E03D1668C864200F0D1800133142B4C
S31500007CC0F2D14FF0FF30E0E0622A2DD1002738468E
S31500007CD0FFF77AFF064638B1218A0368994203D135
S31500007CE090F85830032B03D10137142FEFD1C9E098
S31500007CF04FF48373A0F85830A1894BF63633FFB2A0
S31500007D00002908BF1946384606F0CEFA384606F06E
S31500007D1047FB604B1B68002B00F0B480D4F81220A0
S31500007D20718C30689847ADE01ABB218B584B04F133
S31500007D30100739444FF0FF3653F8040B28B1B4F856
S31500007D4012C00068844508BF56B20132142AF3D126
S31500007D503046FFF739FF28B9002DB2D0284603F088
S31500007D602DFDAEE7D0F8748162693B463046C047C8
S31500007D7088E0742A49D1484B267C1B78B3423ED909
S31500007D80464B1B6803EBC60713F83630002B36D07C
S31500007D90D7F80490A3897B80B9F1000F0FD003AB0D
S31500007DA002AA01A904F11000FFF718FF01A8434633
S31500007DB003AA02A9C8477878FFF774FE62E0182084
S31500007DC003F0F4FC0346786038B9354A354936483D
S31500007DD040F20D43F9F706FF54E004F1100228348F
S31500007DE0106851681F4603C70832A2423B46F7D1C6
S31500007DF02E4B01211868B14006F0DAFA42E0284A13
S31500007E0028492B4840F21443E4E7AB2A3AD1204AEA
S31500007E10002352F8041BB9B1207C0968884213D1AB
S31500007E205AB21046FFF7D0FE002895D090F8883158
S31500007E305B0744BF002380F85E31D0F878310BB37E
S31500007E40617C104698471DE00133DBB2142BE0D16C
S31500007E504FF0FF32E5E7284603F0B0FC14E0D4F813
S31500007E6084614FF0FF33C4F884313046FFF7ACFE2F
S31500007E70FFF730FED4F87C3123B1227904F13C01BE
S31500007E8030469847002DE6D1002005B0BDE8F083C6
S31500007E908C5F0100885F0100805F01007C5F01004C
S31500007EA01D1221085F1121081C0D2108745F0100B5
S31500007EB0FB1121084288612A10B5034610D007D865
S31500007EC0422A13D0432A13D062B14FF0FF3008E0A4
S31500007ED06B2A09D0AB2A07D0622AF6D1008A00E0C5
S31500007EE0408A10BD807CFCE7187CFAE7808AF8E7B8
S31500007EF0008A0028F5D1D98A084A52F8043B43B1D2
S31500007F005C8C8C4205D193F85840032C01D118683B
S31500007F10E7E701301428F0D1D7E700BF8C5F0100F6
S31500007F20024B0146186806F043BA00BF785F0100AD
S31500007F302DE9F0410024104E104F0546A046337837
S31500007F40A34202D80020BDE8F0813A6812F8341046
S31500007F50E00002EBC40319B1596819B102F80080B8
S31500007F600134ECE75D805B7801219940044B186889
S31500007F7006F01EFAF4E700BF805F01007C5F010097
S31500007F80745F01007FB545880435B5F5807F0646E8
S31500007F9026D84FF4017003F009FC044610B34FF4E1
S31500007FA00172002104F03BF8012363804FF48072D4
S31500007FB03146201D04F0A4F800232580CDE90133C5
S31500007FC0094B009322464FF4017302216E2006F0FE
S31500007FD003FA0546204603F0F1FB284604B070BDBF
S31500007FE0024DFAE71925F8E788130040C50001009D
S31500007FF01FB54FF4647003F0D9FB0446C0B14FF4CB
S315000080006472002104F00BF8042323700023CDE9E9
S31500008010013340F6B833009322460C230221532045
S3150000802006F0DAF9204604B0BDE8104003F0C6BBFE
S3150000803004B010BD034B43F8301003EBC00300201F
S315000080405A607047F86101002DE9F0419046002220
S3150000805088B0074608461146FFF722F88489054688
S315000080600CB144F480342E4B224619780020F9F7DF
S31500008070EBFC1422002103A803F0D1FF294A2A4968
S315000080802A480294CDE900249023F9F7ABFD6E88C7
S31500008090532E29D015D8513E012E14D8ECB96C8A2E
S315000080A0ADF818401CB1C83CB4F5967F0BD22B8AAC
S315000080B0059305F11C0303932B880C3BADF8103098
S315000080C001E0EB2EEAD01A4800EBC70043464468AD
S315000080D002AA3946A047044602E0164B9C42F2D15A
S315000080E0204608B0BDE8F0812B7C14B1FFF780FF75
S315000080F0E9E7032B0CD16B7CADF810400593002308
S31500008100ADF81830059B20350395002BDBD0EDE745
S31500008110052BF4D1EB69ADF810306B69EEE700BFC3
S315000081208F080000AC152108E81421088D152108D8
S31500008130F861010005000100437810B483B10378AB
S31500008140012B09D0022B03D1137843F0600313707F
S3150000815000205DF8044B7047137843F02003F6E7E0
S315000081600A2911D8012404FA01F111F0440F17D19C
S3150000817011F4A06F0CD111F4207F05D0137843F0D1
S3150000818060031370022303705DF8044B06F05CB8BD
S31500008190137823F0600343F0200313700470F3E7B1
S315000081A01378F8E7F0B5144685B00E46002975D069
S315000081B002F166070128394645D106F0B5F80546AD
S315000081C000283DD102A806F043F8A01C06F0F4F8FA
S315000081D096F82020314604F1440003F091FF96F80A
S315000081E0203084F86930F38D637006F055F86178B5
S315000081F001903A4601A8FFF79FFF054600BB96F897
S315000082003030042B02BF637863F07F036370002372
S3150000821084F86E30029BC4F86A30039B84F8683099
S31500008220D6F82630C4F86F30738DA4F8733006F094
S315000082308FF8C0F30720800060F07F00E070002513
S31500008240284605B0F0BD022006F06EF80546002867
S31500008250F6D1A01C06F0B0F896F82020314604F1BD
S31500008260440003F04DFF96F8203084F86930738C93
S31500008270637084F86E5006F00FF8617802903A4603
S3150000828002A8FFF759FF05460028D9D106F040F8A5
S31500008290092804BF012384F86E30C8E72225CFE7FA
S315000082A013B5114606F028F8044650B9012101A875
S315000082B006F062F8BDF804301BB9FDF76DFEFDF758
S315000082C063FE204602B010BD73B505460C46164641
S315000082D000213222204603F0A2FE95F82020C2B1EA
S315000082E02946201D03F00CFF16F0050F02D02B8F38
S315000082F003B1A38516F0090F03D0EB6B0BB1C4F8DD
S315000083002E3006F025F8C00084F82B00002002B0BD
S3150000831070BD2120FBE70000F0B50C46CDB0054648
S315000083204FF4AB720021204603F079FE222384F835
S31500008330403084F88030686B05AA032105F0B8FF49
S31500008340002840F0A48006AA04F1410314AF1646A3
S3150000835003CEBE4218605960324603F10803F6D1D7
S3150000836030681860B188B2799A7199807F2216A90F
S3150000837004F1810003F0C4FE40216018F9F746FBC2
S31500008380802106466018F9F741FB54FA86F354FA41
S3150000839080F0222283F8402080F88020002283F893
S315000083A0412080F8812095F83030052B3CD1464895
S315000083B0F9F737FB1F2837D84348F9F732FB42490C
S315000083C00246204603F09CFE4048F9F72AFB1F2888
S315000083D008D83E48F9F725FB3C49024604F120003F
S315000083E003F08EFE4B9BC4F80031502136A8F9F7F6
S315000083F00DFB10F0FF0557D0502236A904F5827008
S3150000840003F07EFE6019222380F805310023CDE9B2
S31500008410013340F6B833009322464FF4AB73012183
S315000084204C2005F0D9FF32E095F83030062B0AD102
S315000084302748F9F7F6FA1F2805D82548F9F7F1FA7B
S3150000844023490246BDE795F83030072B0AD121486B
S31500008450F9F7E7FA1F2805D81E48F9F7E2FA1D4989
S315000084600246AEE795F83030082B0AD11A48F9F7DC
S31500008470D8FA1F2805D81848F9F7D3FA164902463C
S315000084809FE795F83030092B03D040F661304DB0A8
S31500008490F0BD1248F9F7C5FA1F28F6D80F48F9F7C4
S315000084A0C0FA0E4902468CE70D48F9F7BAFA512888
S315000084B0ACD80B48F9F7B5FA0949024604F58270BB
S315000084C003F01EFEA2E700BFD3152108E61521081A
S315000084D0D2152108D7152108DC152108E115210838
S315000084E04D0D210830B5E5B004466322002104A8ED
S315000084F003F095FD4FF48E7200211DA803F08FFD49
S31500008500606B1DAA002105F0D3FEF8B91D9B002B58
S3150000851014BF022301238DF810301EAC0DF1110299
S315000085202EAD234603CBAB42106051601C4602F1D0
S315000085300802F6D10023CDE9013340F6B8330093A3
S3150000854004AA63230121A52005F046FF65B030BDCE
S315000085501FB50A4669B10023CDE9013340F6B833A9
S31500008560009301210623172005F036FF05B05DF8BC
S3150000857004FB2220FAE700002DE9F041ADF5087D65
S3150000858000246E2207460D4607A82146DFF8AC8177
S31500008590059403F044FD7522214623A803F03FFD10
S315000085A04FF48E72214641A803F039FD98F8003049
S315000085B005AE002B6DD095F8202029460DF11E0042
S315000085C003F09EFD6B8C8DF84030B3B12146E86A0E
S315000085D041AA05F06DFE0446002840F0888042ACB2
S315000085E00DF142020DF5A47C234603CB63451060D2
S315000085F051601C4602F10802F6D195F824000DF1EF
S31500008600410105F0ADFE0446002870D16B8C073B96
S315000086109BB2012B08D895F83C309DF8412023F0F9
S315000086200F0313438DF84130EB8CADF81C306B8E85
S31500008630ADF882302B8FADF8843095F83A30ADF82E
S31500008640883095F8303023B18DF886306B6B8DF815
S31500008650873095F83B302BB19DF8863043F0040304
S315000086608DF886300023CDE9013343F69823009335
S3150000867007AA6E230121242005F0AEFE0446002839
S3150000868035D195F83D309BB1294B069398F80030CB
S315000086900BB911242BE047F29453CDE90100009366
S315000086A006AA042301216D2005F096FE0446F0B9C2
S315000086B023AA29460220FFF775FD0446B8B91D4BCB
S315000086C00093CDE90106752323AA0121142005F0A4
S315000086D083FE044680B9024601463068FEF7E0FC98
S315000086E0037C472B0ED03068FEF7E6FC0E242046AE
S315000086F00DF5087DBDE8F08130680028F7D0FEF75B
S31500008700DBFCF4E7284605F0BBFD0E2F04D10A4B2F
S3150000871001229A713068F2E70A2F03D1064B012233
S31500008720DA70F7E7062F02BF034B01225A70F1E712
S3150000873001003201983A0040E9610100F061010050
S3150000874030B5104B1B7891B00446C3B140220021CE
S31500008750684603F064FC684605F0F6FD0EAD6A4611
S315000087602346144603CCAC4218605960224603F1F6
S315000087700803F6D120681860002011B030BD112022
S31500008780FBE700BFF06101000F280DD878B1013872
S315000087900E280BD8DFE800F00C170A3220230A3720
S315000087A026290A3C2C2F3F00802840D00020704705
S315000087B0204B1A78002A38D19A78002A35D1587970
S315000087C000F0010070471B4B5A78002A2DD1DA7849
S315000087D0002A2AD19879F3E7164B18787047154B7B
S315000087E058787047134B98787047124BD878704773
S315000087F0104B587970470F4B987970470D4B1A7884
S315000088009AB95878DCE70B4B9A7872B9D878D7E7DB
S31500008810084B5A79DCE7074B9A7832B9DA7822B9ED
S315000088201A7812B95A78002AF3D00120C8E7014B0A
S3150000883018797047E9610100F0B5ADF5077D04AE22
S3150000884000233360514B1B7804460D461746002B18
S3150000885000F0958083073BD4FFF796FF002800F0D1
S315000088609080002900F09080224605A92846FFF74F
S315000088702BFD044698B9464B19894FF6FF7399426A
S3150000888011D10023CDE901334EF66023009305AAEA
S3150000889032230121132005F09FFD044650B12046E6
S315000088A00DF5077DF0BD012005F06AFD04460028A0
S315000088B0E7D0F4E7EB8D1A1F012A0BD95A1E092AB5
S315000088C044D8DFE802F03F3F0543433F3F3F0707F9
S315000088D00F24E4E730A92846FFF71EFD04460028CA
S315000088E0DDD17522002112A803F099FB12AA2946B0
S315000088F00120FFF757FC04460028D0D15FB347F0AC
S3150000890080430022CDE900320296752312AA012186
S31500008910142005F061FD0546FFB100B3306808B1CB
S31500008920FEF7CAFB002340F6B8320092CDE90133C8
S315000089301A460121122005F04FFD04460028AED14B
S315000089402C46ACE72846FFF7CDFDC7E7002BC8D07D
S3150000895040F64834A3E73B46D3E70028F0D100228F
S3150000896030681146FEF79CFB037C3068432B03D02E
S31500008970FEF7A2FB0E2492E7FEF79EFB8FE711247B
S315000089808DE740F644348AE7222488E7F061010047
S31500008990106201000D282DE9F04706468846174665
S315000089A01D4620D8FAB1F3B1DFF844A05AF82000EA
S315000089B008B102F003FF05F10809484602F0F6FE89
S315000089C04AF82600044680B14A46002103F027FBF8
S315000089D0C4F80080A580AAB23946A01D03F090FB1A
S315000089E00020BDE8F0872120FBE71920F9E700BF4A
S315000089F02062010070B504460D2C0D46104611D8B4
S31500008A0082B11E6876B10A4A52F8241061B18A888A
S31500008A1096420BD351F8064B2C601A6003F070FB9C
S31500008A20002070BD2120FCE72D20FAE70120F8E7A1
S31500008A30206201000C2870B541DD284B20F480220D
S31500008A409A4244D020F4003403F540339C423ED091
S31500008A5020F4803103F5C023994238D0204DC21747
S31500008A6000239A4208BFA84231D005F540359A4204
S31500008A7008BFA8422BD020F4403605F58035AE421B
S31500008A8025D005F580259A4208BFA8421FD0154D6E
S31500008A90AC421ED0144C9A4208BFA04219D0B1F184
S31500008AA0041F16D011499A4208BF884213D001F517
S31500008AB080319A4208BF88420DD0002006E020F09F
S31500008AC000400B28F9DC0A4B03EBC00070BD0920FF
S31500008AD0F9E70420F7E70B20F5E700BF09000100DE
S31500008AE009000C0004000100040002000B00010054
S31500008AF0586201002DE9F0418AB007460E46144639
S31500008B00FFF798FF054630B3006820B300222046E1
S31500008B101146FEF7C5FAB7F1004F76F10003044699
S31500008B202AD3B0F80C80B8F1000F01D048F4803891
S31500008B30344B424619780020F8F786FF6388CDF853
S31500008B401480142B0AD06B6800932C68002305AAA6
S31500008B5038463146A0470AB0BDE8F081002340F60A
S31500008B60B8320092CDE901331A460121122005F0F0
S31500008B7033FC0028E7D0EEE7234B0022964208BFDD
S31500008B809F42D5E9008110D1C37B07920593037CF0
S31500008B900693037D8DF81C3083691B48089300916A
S31500008BA0134605AA0021C047D5E703881748964211
S31500008BB008BF87421DD1CDE9052207922279E069D7
S31500008BC0C3F30B039B1A089304F110031344099390
S31500008BD0227C8DF81820628A0792C20204D41B797F
S31500008BE0DB075CBF0323059308480091002305AA11
S31500008BF0D8E7009123B104F1100238463146D2E796
S31500008C001A46FAE78F0800000B0002000B0001006D
S31500008C104268034672B1826862B1007878B19B6996
S31500008C2053B10138032807D8DFE800F0020802082C
S31500008C300020704722207047212070470F20704780
S31500008C402DE9F843064614460D46002931D01D4F3E
S31500008C504FF03A094FF00D0820886B68C0F5166191
S31500008C603A46304402F0E6FF2388184480B220805A
S31500008C7006F800902088AB68013080B220803A4622
S31500008C80C0F51661304402F0D5FF2388184480B23F
S31500008C90208006F80080238801339BB20A222380B5
S31500008CA0F25423882D6801339BB22380002DD3D143
S31500008CB000E01388F554238801339BB22380BDE876
S31500008CC0F88300BF0B0021082DE9F04F8BB000267A
S31500008CD0059040F666100D46ADF81E6002F066FD82
S31500008CE00446002800F09A81DFF83C9340F66612AD
S31500008CF0314603F094F999F80930082B14BF042380
S31500008D00062323800223638099F80730002B40F066
S31500008D10A08099F80670012F03D1638843F04003C1
S31500008D206380D9F80090AB89A380494604F1060810
S31500008D3031F8042B404603F0E3F9B9F80010631844
S31500008D404FF0000B83F806B0481C043186B2B9F820
S31500008D500220494418FA80F003F0D2F9B9F802303B
S31500008D601E4414FA86F30136B6B2012F83F806B014
S31500008D70ADF81E6040F0C280286B002840F0B98034
S31500008D806B68A84AC6F5166108EB060002F052FFAA
S31500008D903044ADF81E00BDF81E606B68A14A701C19
S31500008DA081B2C1F5166118FA80F002F043FF02366F
S31500008DB0304486B2C6F51661AB689A4A18FA80F056
S31500008DC002F038FF0644B6B2731CE9699BB2ADF8EF
S31500008DD01E30002900F0A180638843F08003638081
S31500008DE00DF11E024046FFF72BFF059B012B22D1FA
S31500008DF0BDF81E706969AE6908EB0709002940F0E5
S31500008E0092806388089143F0200363803046ADF872
S31500008E1024108DF8261008A9FEF7B3F9082108A832
S31500008E20F8F7F4FD0646024608A948463E4403F014
S31500008E3067F9ADF81E60BDF81E60B6F5166F7AD9F3
S31500008E40204602F0BBFC4FF01E0A50460BB0BDE8B0
S31500008E50F08F0323638099F905300133042B45D83D
S31500008E60DFE803F005031B1D1F000723638099F845
S31500008E700830002B3FF44DAF6388286943F4006344
S31500008E80638088B1FFF77EF88246BAF1000F3FF49F
S31500008E9040AF204602F092FCD7E71323E6E70B2308
S31500008EA0E4E740F20313E1E7286B00283FF431AF13
S31500008EB06B6898423FF42DAFF8F7B3FD07460430D0
S31500008EC002F074FC0646002800F0A580012303800A
S31500008ED0296B4780BAB2043003F012F93046FFF727
S31500008EE051F88246304602F069FCCEE74FF0230A7D
S31500008EF0CFE7F8F796FD00283FF442AF2B6B002B27
S31500008F003FF449AFC6F5166108EB0600454A02F084
S31500008F1091FE0644ADF81E603DE723440236997182
S31500008F20ADF81E6061E732464846374403F0E8F87C
S31500008F30ADF81E707FE7A86840F60101F8F766FDF8
S31500008F40B0F5006F3FF67CAFB6F5617F14D8059A91
S31500008F50A96A012A06F106034FF00002CDE90112C3
S31500008F6000929BB222464FF002010CBF52205120C4
S31500008F7005F032FA82468CE740F6661002F016FCDF
S31500008F800746002847D04FF4617B4FF0000940F6B2
S31500008F9066120021384603F042F8B6F5617F2DD9F6
S31500008FA0B9F1000F0CBF4FF0010A4FF0020AA28878
S31500008FB021683960BA8008EB09015A46B81D03F0EA
S31500008FC09FF8059BA96ACDF80CA00BF10602CBB958
S31500008FD0CDE9011300930221134651203A4605F0CC
S31500008FE0C7F9A6EB0B06D944B6B282461FFA89F931
S31500008FF0002ECCD1384602F0E1FB4AE7B3464FF0EB
S31500009000040AD4E70023CDE9011300930221134695
S3150000901052203A46E3E74FF0190A3AE74FF0190AA9
S3150000902013E700BF0B002108B8620100F7B52A4A12
S31500009030127803460E46002A3FD000283FD000296A
S315000090403DD0264C94F84020002A3AD10278022AD4
S3150000905039D88278012A36D890F901200132042ABB
S3150000906031D88279082A01D0102A2ED1186860607A
S315000090701B4A99889B7993714FF48D773846918076
S31500009080019702F093FB0546206000B33A460021A3
S3150000909002F0C5FF01AB2A460DF103014FF4C06093
S315000090A001F05CF838B99DF80330092B11D1012382
S315000090B084F84030346003B0F0BD1120FBE7222075
S315000090C0F9E72E20F7E72320F5E72420F3E7192018
S315000090D0F1E72A20EFE700BFF0610100B862010066
S315000090E0BC62010038B50D4604461146C8B1C5B18B
S315000090F0FFF78EFDB0B920780128C4E90A150BD018
S3150000910003280BD078B90223084981F840302A4653
S31500009110BDE83840FEF78EBF0323F5E7042302209F
S31500009120F2E7222038BD2120FCE700BFB86201002B
S315000091302DE9F8430F4616468146002843D00029FC
S3150000914041D0002A3FD00C2002F030FB044678B113
S315000091500025C0E900558560384602F0DFFF013082
S3150000916002F024FB8046606028B9204602F026FB08
S315000091701920BDE8F883384602F0D0FF3B46411C73
S31500009180124A404602F056FD304602F0C7FF013053
S3150000919002F00CFB0746A06028B960680028E4D0FE
S315000091A002F00CFBE1E7304602F0B8FF074A411C2B
S315000091B03346384602F03EFD09F11C00214605F013
S315000091C06FF82846D5E72220D3E700BF0B00210819
S315000091D0F8B50546C8B1C469CCB100F11C072646EE
S315000091E031463846246805F0D3F8706802F0E6FA8E
S315000091F0B06802F0E3FA304602F0E0FA002CEED155
S31500009200044BEC6120469C62F8BD2220FCE71B2043
S31500009210FAE700BFB86201001FB520B3154C94F8F9
S31500009220403013B30368A34221D1206808B102F08D
S31500009230C5FAA36A8BB9442200210E4802F0EFFE5C
S31500009240002340F6B8320092CDE901331A460221D6
S31500009250B32005F0C1F804B010BD0748FFF7B8FF0A
S315000092600028E8D0F7E72220F5E70220F3E72520DB
S31500009270F1E700BFB8620100C46201002DE9F04FBA
S315000092800E4689B0002800F04681002900F043818F
S31500009290A84F0368BB4240F040810846FFF7B8FC80
S315000092A0054600285BD10B78ADF81E00012B26D0B1
S315000092B0032B2BD0002B40F0328197F84030022B45
S315000092C040F02F81FFF700FD05469B4A334606F125
S315000092D0300C18685968144603C40833634522469F
S315000092E0F7D1186820603378002B00F0128173697B
S315000092F0002B14BF0523062387F840302FE097F88C
S315000093004020032A40F00D811846DBE797F840809D
S31500009310B8F1040F40F005814B69002B40F0038142
S315000093204FF4647002F042FA0446002800F0FD8013
S3150000933029464FF4647202F072FE0123237040F650
S31500009340B833CDE90155009322460C230221532060
S3150000935005F042F8054630B1204602F02FFA2846BD
S3150000936009B0BDE8F08F022323707B7A082B63884F
S3150000937043F002036380FB7908BF4FF0060884F8C8
S315000093800180C3B197F90520012100230A44A17089
S31500009390E370042A00F2CB80DFE802F0060394961D
S315000093A098000522A270E3703B79012B00F09180B2
S315000093B0022B00F0938097F806A0D7F800B0BAF118
S315000093C0010F02BF638843F0400363805946B389A7
S315000093D0636004F10C08B36931F8042BA3604046BE
S315000093E002F08EFEBBF8001063184FF0000983F8F8
S315000093F00C90481C043185B2BBF80220594418FA77
S3150000940080F002F07DFEBBF802302B449DB214FAC8
S3150000941083F3BAF1010F83F80C9005F101091FFAE5
S3150000942089F916D1D6F830B09BF800308BB958467A
S3150000943002F074FED6F804A00590504602F06EFEC7
S31500009440059A82422CBF421C01325146584602F010
S3150000945057FE336B394AC9F5617108EB090002F012
S31500009460E9FB0235284485B2C5F561717368334A54
S3150000947018FA80F002F0DEFB0130284485B2C5F50B
S315000094806171B3682D4A18FA80F002F0D3FB0544E7
S31500009490ADB26B1CF1699BB2ADF81E3011B3638897
S315000094A043F0800363800DF11E024046FFF7C8FBC0
S315000094B0BDF81E30B3F5166F1AD9204602F07EF9B4
S315000094C01E254CE711226DE709226BE7A170E170BA
S315000094D06AE7638843F4007363806CE7638843F448
S315000094E08063F9E7234402351973ADF81E50DFE7B0
S315000094F000220292B16A0C33CDE900219BB22246CA
S315000095000221532004F068FF0546204602F056F972
S31500009510DBE60523F0E6222521E725251FE70125C1
S315000095201DE702251BE70F2519E7192517E7232550
S3150000953015E700BFB8620100C46201000B002108F4
S3150000954010B530B100F11004204604F0DDFE40B93C
S3150000955010BDBDE81040044A04490548C823F8F781
S3150000956041BB02F02BF9EFE7D8182108F6152108C0
S315000095707416210808B540B100221146FDF790FD8A
S315000095804088A0F1CB035842584108BD2DE9F04F61
S31500009590EBB00026009117463146C622054605A8BF
S315000095A09846049602F03BFDC622314638A8379607
S315000095B002F035FDC92F0DF11009C8F8006051D829
S315000095C0DFF8A8A0002D4DD06A8905F10C014846A8
S315000095D002F096FD00993A4637A802F091FD6B8994
S315000095E002AA5146484609F80360CDE9026602F030
S315000095F0E9FC03AA0446514637A802F0E3FC834679
S315000096000CB92D68DEE7BBF1000FFAD0CA2120465F
S31500009610F8F7FCF9C2B2012A04D1217823291FD018
S315000096202B290DD0CA2158460192F8F7EFF9019A75
S315000096308242E6D15946204602F0C7FC0028E0D116
S3150000964002AA5146002002F0BDFC03AA0446514678
S31500009650002002F0B7FC8346002CD4D10028D0D1DC
S31500009660C8F800506BB0BDE8F08F00BFA9162108FE
S315000096702DE9F0411D46DDE906381446002206466E
S315000096800F46C8F8002053B90121102001F09AFDB9
S3150000969040B1C0E9024547600670C8F800000020E6
S315000096A0BDE8F0811920FBE7014B1B68036070479A
S315000096B0FC62010010B5044639B14161103004F076
S315000096C06BFE034B00201C6010BD4FF43560FBE7BA
S315000096D0FC620100F0B50278931E022B87B00546A6
S315000096E00E460BD90224244A24492548009440F208
S315000096F0222302F0C7FB204607B0F0BD0023032A51
S31500009700049311D1CDE90133082241F28833059241
S31500009710009305AA04230221CB2004F05DFE044633
S315000097200028E8D104232B700923059304ABCDE967
S31500009730006300231A4629460120FFF799FF0446D5
S315000097400028D8D1049F0096CDE90170042305AA0C
S315000097500221CB2004F040FE05280446CBD028B1D8
S31500009760002FC8D0384602F029F8C4E728702846EA
S31500009770FFF7E6FEBFE700BFF6152108AB16210886
S31500009780B01621082DE9F04FADF51F7D0D46DDF829
S31500009790A08291461C460646C8B190F800A0BAF1D0
S315000097A0010F0DD90224A24AA249A348009440F20F
S315000097B0AB1302F067FB20460DF51F7DBDE8F08F69
S315000097C0D0F80CB0BBF1000F04D101B11BB94FF4B6
S315000097D03564F0E71BB1237C3D2B00F29A80B9F18A
S315000097E0000F04D0B9F80830C92B00F2928040F27D
S315000097F0391200214FA806AF02F011FC00233B608E
S3150000980005B975687560002C08BF5C46C6E9029408
S31500009810B4F80A90B9F1000F4CD1BAF1000F00F07C
S31500009820868002234F93B468CCB123788DF84331F8
S3150000983063788DF84431228923698DF810328DF8CA
S31500009840452161680DF5A37002F05AFCD4E90312B4
S315000098500DF2112002F054FC01238DF84231002351
S31500009860CDE900871A4631461846FFF701FF044640
S315000098700028A0D13D68CDF80080CDE9015040F226
S3150000988039134FAA0221CB2004F0A6FD0528044671
S3150000989091D0002800F0C88033781BB1674B9842FE
S315000098A040F0AE80664A6249664840F20E23F8F7F9
S315000098B099F980E7BC242046079401F077FF054616
S315000098C008B9192477E72246002102F0A8FB0023F5
S315000098D08DF817302A4607AB0DF11701484600F000
S315000098E03DFC044618B1284601F068FF63E79DF881
S315000098F017300B2B04D0284601F060FF2A245AE7C4
S315000099002B88792B02D86B883D2B04D9284601F089
S3150000991055FF21244FE7337853B102234F9340F28A
S3150000992001132846ADF8403101F048FF7BE7554664
S315000099304FF49072002107A802F071FB7468237C33
S31500009940042B14BF10220422214609A802F0D8FBDA
S31500009950237C082B14BF04230623089301230793B3
S31500009960638A0D93F3689A798DF833211A89CDF8B5
S3150000997035215A7C02B9227D8DF834211A7C8DF866
S315000099803820D9680DF1390002F0BAFB238BADF807
S315000099907730638BADF83A31A5B129460DF17A00DF
S315000099A031F8044B224602F0ABFBB5F80290211DBC
S315000099B04A4629440DF1F50002F0A2FB8DF87940E4
S315000099C08DF8F49041F288334FF000090093CDE909
S315000099D001994FF4907307AA0221CB2004F0FCFCF6
S315000099E0044630B115B1284601F0E8FE86F800902D
S315000099F0E1E60123337002234F93002D8FD112E746
S31500009A000223337041F288313046FFF763FE044685
S31500009A1030B10B4A06490C484FF40573F8F7E2F8E3
S31500009A20002D7FF460AFC6E603233370C3E600BFA4
S31500009A30F6152108AB162108B016210825000100ED
S31500009A4004192108C51621080D1721082DE9F04F24
S31500009A5090F800B0BBF1030FBBB006460F461546A3
S31500009A6099460CD00225374A3749384800954FF4B5
S31500009A702A7302F007FA28463BB0BDE8F08F0029AA
S31500009A805BD0459B002B58D0C92A59D8D02200213B
S31500009A9006A802F0C4FA012105F10C0001F092FBC0
S31500009AA005AB0193449B0093469A03460446314610
S31500009AB00420FFF7DDFD82462CB1DDF8148048B1A5
S31500009AC0204601F07BFE059808B91925D3E701F079
S31500009AD075FEFAE7459B63602A46658139460DF1B6
S31500009AE01D008DF81C50CDF818B08DF8E79002F0E7
S31500009AF007FB2A46394604F10C0002F001FB449BA1
S31500009B000093CDE9018AD02306AA0221CB2004F0D6
S31500009B1063FC05280546AED048B1204601F04EFE4E
S31500009B20B8F1000FA7D0404601F048FEA3E7214652
S31500009B3006F1100004F0B4FB9DE74FF435659AE793
S31500009B40212598E7F6152108AB162108B01621083D
S31500009B5070B50B78052B16468AB004460D464FF0B5
S31500009B60000208D905238DF80A308DF80B206868A5
S31500009B700024466914E071498DF80B20C95C8DF804
S31500009B800A10013B042B06D8DFE813F07D00D20053
S31500009B90490032003E0068683CB9032303704669F9
S31500009BA02978AB682246B04761E07388142B07D149
S31500009BB001238DF80B3000230370FFF7C1FCABE0E7
S31500009BC00223037041F28831FFF784FD034640B15A
S31500009BD05B4A5C495C4840F27933F8F703F86868F9
S31500009BE001E068680370466906210DF10A04D8E7AA
S31500009BF0E96818B1084601F0E1FDF0E76868103041
S31500009C0004F04EFB6868CAE76868002CEBD1E96887
S31500009C10103004F0BDFBE86801F0D0FDF2E706F174
S31500009C2016010691B38AADF81C309AB2738A09936D
S31500009C3002F1160333440893338A03F001008DF8CA
S31500009C401400C3F341008DF810006868C3F3C00325
S31500009C508DF81530006903ABFFF798FC039B63B9D9
S31500009C603A4A38493A4840F2BF33F7F7BBFF28462D
S31500009C7001F0A4FD00200AB070BD5B68AA686868A0
S31500009C8004A99847F3E77388CB2B03D110B1314B66
S31500009C909842A4D1002300932F48304BA2B28021D2
S31500009CA004F096FB38B12E4A26492E48009440F21D
S31500009CB0E333F7F797FF7388CB2B06D1254B9C42EE
S31500009CC016D002238DF80B301DE0F02B1DD1002499
S31500009CD068680423037041F28831FFF7FBFC48B142
S31500009CE01F4A1849204840F2F133F7F77BFF3EE759
S31500009CF00124EDE7002C14BF032300238DF80B305D
S31500009D007388142B0DD1686855E7142B01D10123F4
S31500009D10D8E702238DF80B3068680DF10B0446690D
S31500009D203EE7CB2BEFD0F02BEDD0002CEBD1F3E7B9
S31500009D3068684669002C7FF457AF31E7651821083B
S31500009D40B7182108F61521080D1721088F182108C4
S31500009D5083172108F1BB0100BC60010075A520082E
S31500009D606B182108CA172108F717210810B50838FB
S31500009D70A6B0092800F20981DFE810F00A004100C8
S31500009D800701070107010701070107017600BE0069
S31500009D907F48002908BF01460820FDF735FA60BB59
S31500009DA07C4A538813BB7C4B186801909B88ADF89E
S31500009DB008301A2200210DF10A0002F030F974224F
S31500009DC0002109A802F02BF905238DF8243002237F
S31500009DD0ADF8323001230E9340F20243ADF8443021
S31500009DE001AA0021082000F0F7F806E012F8041B8B
S31500009DF0012000F041F90028D5D026B010BD6448F6
S31500009E00002908BF01460920FDF7FEF90028F4D114
S31500009E10604A538803BB604B186801909B88ADF875
S31500009E2008301A2200210DF10A0002F0F8F8742217
S31500009E30002109A802F0F3F805238DF82430022347
S31500009E40ADF8323001230E9340F20243ADF84430B0
S31500009E5001AA00210920C6E712F8041B012000F020
S31500009E600BF90028D7D0C8E74C48002908BF01469F
S31500009E701020FDF721FA0028BFD1494A53889BBB21
S31500009E80454B186801909B88ADF808301A220021CE
S31500009E900DF10A0002F0C3F87022002109A802F0B1
S31500009EA0BEF8404B099304238DF8283005238DF81E
S31500009EB02E3003230C9303F5C803FF210D934FF0B7
S31500009EC00313CDE90E1301238DF8413040F201430F
S31500009ED0ADF84430344BCDE913336FF07F4315931F
S31500009EE001AA002110207EE712F8041B032000F0CF
S31500009EF0C3F80028C4D080E72848002908BF0146D7
S31500009F001120FDF7D9F900287FF477AF244A53884A
S31500009F109BBB214B186801909B88ADF808301A222C
S31500009F2000210DF10A0002F07AF87022002109A83A
S31500009F3002F075F81B4B099304238DF8283005238E
S31500009F408DF82E3003230C9303F5C803FF220D93DF
S31500009F504FF00313CDE90E2301238DF8413040F273
S31500009F600143ADF84430104BCDE913336FF07F4316
S31500009F70159301AA0021112035E712F8041B0320CE
S31500009F8000F07AF80028C4D037E70F2035E700BF85
S31500009F90581921086E090000941921081C19210876
S31500009FA0A608000005000200C0A80A0A0838092809
S31500009FB010D8DFE800F005080F0F0F0F0F0F0A0D7E
S31500009FC00820FDF72FB90920FBE71020FDF776B929
S31500009FD01120FBE70F20704708B50B46FF2B1146F3
S31500009FE003D0082803D010280BD00F2008E0012B3F
S31500009FF00CD80748942202FB030002F081F80020E7
S3150000A00008BD012B02D803489022F4E72720F7E782
S3150000A0102064010000630100FF2908B503461046CD
S3150000A02004D0A2B1082B03D0102B0BD00F2008E0D0
S3150000A03001290ED8084B942202FB013102F060F888
S3150000A040002008BD012904D8044B9022F4E7222001
S3150000A050F7E72720F5E700BF206401000063010051
S3150000A060031F042B05D90C38012894BF00200120BA
S3150000A07070470020704700002DE9F04105460C4668
S3150000A0801E461746002A66D0002B64D00846FFF706
S3150000A090E7FF28B933462846BDE8F041FDF7D5BCB1
S3150000A0A015F47F410AD1072D28462CD003DC2B4618
S3150000A0B0013B052B1DD90120BDE8F0810D120729B2
S3150000A0C00B4605F10700F3D9B1F5806F08D00ADC1D
S3150000A0D0B1F5007F04D021F40071B1F5807FEAD19B
S3150000A0E044F000412BE0B1F5A06FF9D0B1F5C06F97
S3150000A0F0F5E7611E09292ED8DFE801F02B29272D67
S3150000A1002D2D2D2D2D20631E092BE9D801A252F8E5
S3150000A11023F000BF53B120084FB120084BB12008EF
S3150000A120E1B02008E1B02008E1B02008E1B0200845
S3150000A130E1B02008E1B020083DB1200803213346F4
S3150000A1403A46BDE8F041FEF725BC0221F7E70121BA
S3150000A150F5E70021F3E72120AEE700BF062837B573
S3150000A16004460D463ED020F0FF01B1F5807F39D080
S3150000A170B1F5007F36D0002A34D0186890B300209D
S3150000A180019088B261B104460012073001A9FEF7BA
S3150000A19031FC18B9062C05DCA4B9012003B030BD8A
S3150000A1A02046F3E7B4F5407F02D003DC072CF4D158
S3150000A1B0019B0FE024F48073B3F5806FF8D0B4F5FB
S3150000A1C0C06FF4E7019B032BE8D8DFE803F0020534
S3150000A1D0070901232B70E1E70223FBE70323F9E7D5
S3150000A1E00A23F7E72120D9E72DE9F04104460E4678
S3150000A1F01F4601EB0308BA4230DA98F80000551EF4
S3150000A200A118B318984511D16B1CE05DE15CE054D0
S3150000A210E155F15C98F80000F05488F800102B46E0
S3150000A22031462046FFF7E0FFAA1CE4E793F800C09A
S3150000A230844510D2013591F800E014F805C004F801
S3150000A24005E081F800C016F805C093F800E006F8AE
S3150000A25005E083F800C001310133D3E7BDE8F081A2
S3150000A260074B10B41C680A4634B10146A4460423C1
S3150000A2705DF8044B052060475DF8044B704700BF4E
S3150000A28054650100014B18600020704754650100B9
S3150000A29010B5154C206850B103F0E2FF28B1134AFF
S3150000A2A0134914484E23F7F79DFC00232360124CF4
S3150000A2B0206850B104F004F828B10C4A0C490F4844
S3150000A2C05623F7F78FFC002323600D4C206850B10E
S3150000A2D004F076F828B1054A05490A485E23F7F7DF
S3150000A2E081FC0023236010BD4C650100AB1D2108D5
S3150000A2F0B4192108431A2108486501007A1A210871
S3150000A30050650100B51A21082DE9F04FDFF894A138
S3150000A310584FADB0DAF800004FF0FF33002205A920
S3150000A32004F00EF80028F5D1069A12F0060F00F098
S3150000A33096803A6822B107A98DF81C00FFF790FFB6
S3150000A3409DF8144007AA00212046FFF765FE58B382
S3150000A35000238DF80C30FF2307AA012120468DF833
S3150000A3601030FFF759FE01238DF80D3008BB9DF81C
S3150000A370AC308DF8113003A80123002204A9FFF7A1
S3150000A38033FF07A8FEF7DCF9A8B100903A4A3B492B
S3150000A3903B484FF48B73F7F725FC0124DFF8DC907C
S3150000A3A003AE4FF000080EE09DF8AC308DF80C00BF
S3150000A3B0D2E7FF23DDE79DF81C30002BEDD1032407
S3150000A3C0ECE74FF00108B34608209BF80010FFF7B2
S3150000A3D0EDFD01360546B0B99BF80030294A0093D9
S3150000A3E02649294840F24113F7F7FCFB012407A947
S3150000A3F028468DF81C40FFF733FF244B214618688A
S3150000A40003F0D6FF86E7019016F8013C00931D4A3B
S3150000A4101F484FF4A3734946F7F7E4FBB8F1000F62
S3150000A420CFD01C4A1C4840F259134946F7F7DAFBCD
S3150000A43047F2305003F028FF013CB1D1134B022103
S3150000A440186803F0B5FF3B6833B1022307A920461D
S3150000A4508DF81C30FFF704FFFFF71AFF5AE7D30702
S3150000A4607FF558AF0D4A05490D4840F2A313F7F79B
S3150000A470B9FB4FE754650100551D2108B4192108A1
S3150000A480E71A21080E1D21081F1B2108506501002F
S3150000A490581B2108311D2108971B2108741D21080E
S3150000A4A0C21B2108486501002DE9F341064600203C
S3150000A4B00D4603F015FF3F4F386050B93E4A3F49FD
S3150000A4C03F486C23F7F78EFB0124204602B0BDE817
S3150000A4D0F0813C4ADFF8148108210A2003F044FF8A
S3150000A4E0C8F8000020B9344A344937487423E9E7EC
S3150000A4F0364A3748002103F0EFFE364B186020B984
S3150000A5002D4A2E4934487C23DCE72A460021304672
S3150000A510FFF782FD04460028D7D195F8243013F0C2
S3150000A520FD0F2BD0032B2BD0042B0CBF0D200020AE
S3150000A5302A4A2946FEF780F958B31F4A1F49284878
S3150000A5409123F7F74FFB0423019300231A4669462C
S3150000A550D8F800008DF8006003F09AFE00223868F3
S3150000A5604FF0FF33012103F0D7FEC2070AD5124A86
S3150000A57012491C489A23F7F735FBA6E70520D7E7CB
S3150000A5800920D5E7830704D50B4A0C4916489D23B5
S3150000A59098E7022105F14000FDF7FEF90446002880
S3150000A5A093D101462A46082002B0BDE8F041FFF7E4
S3150000A5B013BD00BF50650100961D2108B41921087E
S3150000A5C0EB1B2108E81D21081E1C2108001E21087E
S3150000A5D009B320084C6501005A1C2108C0D40100AB
S3150000A5E08F1C2108BF1C2108E81C210848650100B2
S3150000A5F0F0B58FB006460F4614460021152208A86E
S3150000A6001D4601F00CFD0023CDE90633ADF81630EA
S3150000A6101CB106B1BFB921243BE0EDB24FF47A7309
S3150000A6200C22022107A88DF82050FCF7EDFC044609
S3150000A63078BB01460DF116020798FCF731FD05704F
S3150000A6404660078103E08DF8205044F0804406AB55
S3150000A6500293079B08AACDE9004302211523E420B3
S3150000A66003F0BAFE044688B9024601460698FCF78E
S3150000A67017FD0146304631F8102BBA4228BF3A463C
S3150000A68001F03EFD0698FCF717FD02E0069800284B
S3150000A690F9D120460FB0F0BD2DE9F04387B004464E
S3150000A6A01022002102A801F0BAFC002211462068FF
S3150000A6B0DFF88080DFF88090FCF7F2FCE768002185
S3150000A6C00DF1060206463846ADF80610FCF7E8FC22
S3150000A6D04FF0FF310546D8F8000003F02DFED9F8FB
S3150000A6E00030CBB1B4892B788DF808300CB144F426
S3150000A6F080340F4B224619780020F7F7A5F906F1AA
S3150000A700100304933388ADF814302A89D9F8003041
S3150000A7106968039402A89847D8F8000003F0CCFDB6
S3150000A7203846FCF7C9FC002007B0BDE8F08300BF3F
S3150000A7308F0800005C6501005865010070B58CB09B
S3150000A74004460D461522002106A801F068FC0023E8
S3150000A7500593ADF81230002C60D02368002B5DD035
S3150000A7602379013B012B59D82D4E306810B903F0DF
S3150000A770DFFD30604FF0FF31306803F0DDFD294B1F
S3150000A780E26830681A6003F097FD01238DF81830EF
S3150000A79023798DF82A30E388ADF82B30237A13F02D
S3150000A7A0010F23681ED006228DF8192003F110012F
S3150000A7B00DF11A0253F8040B42F8040B8B42F9D13F
S3150000A7C0BDB145F0804400230293059B06AACDE95E
S3150000A7D0004302211523E42003F0FEFD0446204633
S3150000A7E00CB070BD04228DF819201B68CDF81A3004
S3150000A7F0E6E74FF47A730C22022105A8FCF704FC65
S3150000A80004460028EBD105980DF112022946FCF703
S3150000A81047FC0123037045600581D4E72124DEE768
S3150000A8205C650100586501000323FFF7E1BE30B502
S3150000A8308DB00446142200210DF1190001F0EFFB42
S3150000A840052500230593ADF812308DF8185084B114
S3150000A85044F0804400230293059B06AACDE90043F9
S3150000A86002211523E42003F0B7FD044620460DB06F
S3150000A87030BD4FF47A730C22022105A8FCF7C4FB05
S3150000A88004460028F2D101460DF112020598FCF7A4
S3150000A89007FC057044600481DCE7000081F000419C
S3150000A8A002E000BF83F0004330B54FEA41044FEAAF
S3150000A8B0430594EA050F08BF90EA020F1FBF54EA4A
S3150000A8C0000C55EA020C7FEA645C7FEA655C00F0E6
S3150000A8D0E2804FEA5454D4EB5555B8BF6D420CDDB7
S3150000A8E02C4480EA020281EA030382EA000083EA3A
S3150000A8F0010180EA020281EA0303362D88BF30BDDA
S3150000A90011F0004F4FEA01314FF4801C4CEA11312F
S3150000A91002D0404261EB410113F0004F4FEA03338E
S3150000A9204CEA133302D0524263EB430394EA050F19
S3150000A93000F0A780A4F10104D5F1200E0DDB02FA88
S3150000A9400EFC22FA05F2801841F1000103FA0EF21C
S3150000A950801843FA05F359410EE0A5F120050EF1E2
S3150000A960200E012A03FA0EFC28BF4CF0020C43FA13
S3150000A97005F3C01851EBE37101F0004507D54FF020
S3150000A980000EDCF1000C7EEB00006EEB0101B1F570
S3150000A990801F1BD3B1F5001F0CD349085FEA3000B6
S3150000A9A04FEA3C0C04F101044FEA445212F5800FC1
S3150000A9B080F09A80BCF1004F08BF5FEA500C50F15E
S3150000A9C0000041EB045141EA050130BD5FEA4C0C41
S3150000A9D0404141EB0101013C28BFB1F5801FE9D29E
S3150000A9E091F0000F04BF01460020B1FA81F308BFC1
S3150000A9F02033A3F10B03B3F120020CDA0C3208DD8D
S3150000AA0002F1140CC2F10C0201FA0CF021FA02F167
S3150000AA100CE002F11402D8BFC2F1200C01FA02F1D7
S3150000AA2020FA0CFCDCBF41EA0C019040E41AA2BFFC
S3150000AA3001EB0451294330BD6FEA04041F3C1CDAC4
S3150000AA400C340EDC04F11404C4F1200220FA04F0E4
S3150000AA5001FA02F340EA030021FA04F345EA03018E
S3150000AA6030BDC4F10C04C4F1200220FA02F001FA50
S3150000AA7004F340EA0300294630BD21FA04F02946D2
S3150000AA8030BD94F0000F83F4801306BF81F480116B
S3150000AA900134013D4EE77FEA645C18BF7FEA655CDE
S3150000AAA029D094EA050F08BF90EA020F05D054EAB0
S3150000AAB0000C04BF1946104630BD91EA030F1EBFB5
S3150000AAC00021002030BD5FEA545C05D140004941B9
S3150000AAD028BF41F0004130BD14F580043CBF01F5AC
S3150000AAE0801130BD01F0004545F0FE4141F4700192
S3150000AAF04FF0000030BD7FEA645C1ABF194610466D
S3150000AB007FEA655C1CBF0B46024650EA013406BF6D
S3150000AB1052EA033591EA030F41F4002130BD00BF2C
S3150000AB2090F0000F04BF0021704730B54FF48064E9
S3150000AB3004F132044FF000054FF0000150E700BF6A
S3150000AB4090F0000F04BF0021704730B54FF48064C9
S3150000AB5004F1320410F0004548BF40424FF00001B6
S3150000AB603EE700BF42004FEAE2014FEA31014FEAF9
S3150000AB7002701FBF12F07F4393F07F4F81F0605148
S3150000AB80704732F07F4208BF704793F07F4F04BF93
S3150000AB9041F40021704730B54FF4607401F0004570
S3150000ABA021F000411CE700BF50EA010208BF7047D0
S3150000ABB030B54FF000050AE050EA010208BF7047C1
S3150000ABC030B511F0004502D5404261EB41014FF42A
S3150000ABD0806404F132045FEA915C3FF4D8AE4FF032
S3150000ABE003025FEADC0C18BF03325FEADC0C18BF15
S3150000ABF0033202EBDC02C2F1200300FA03FC20FA66
S3150000AC0002F001FA03FE40EA0E0021FA02F11444B2
S3150000AC10BDE600BF70B54FF0FF0C4CF4E06C1CEACB
S3150000AC2011541DBF1CEA135594EA0C0F95EA0C0F3C
S3150000AC3000F0DEF82C4481EA030621EA4C5123EAAF
S3150000AC404C5350EA013518BF52EA033541F48011DE
S3150000AC5043F4801338D0A0FB02CE4FF00005E1FB91
S3150000AC6002E506F00042E0FB03E54FF00006E1FBDB
S3150000AC7003569CF0000F18BF4EF0010EA4F1FF041E
S3150000AC80B6F5007F64F5407404D25FEA4E0E6D415E
S3150000AC9046EB060642EAC62141EA55514FEAC5206F
S3150000ACA040EA5E504FEACE2EB4F1FD0C88BFBCF5EB
S3150000ACB0E06F1ED8BEF1004F08BF5FEA500E50F19C
S3150000ACC0000041EB045170BD06F0004646EA010162
S3150000ACD040EA020081EA0301B4EB5C04C2BFD4EB94
S3150000ACE00C0541EA045170BD41F480114FF0000E8D
S3150000ACF0013C00F3AB8014F1360FDEBF002001F0FB
S3150000AD00004170BDC4F10004203C35DA0C341BDC74
S3150000AD1004F11404C4F1200500FA05F320FA04F046
S3150000AD2001FA05F240EA020001F0004221F000417A
S3150000AD3010EBD37021FA04F642EB06015EEA430EED
S3150000AD4008BF20EAD37070BDC4F10C04C4F120051D
S3150000AD5000FA04F320FA05F001FA04F240EA0200D0
S3150000AD6001F0004110EBD37041F100015EEA430EA1
S3150000AD7008BF20EAD37070BDC4F1200500FA05F2C1
S3150000AD804EEA020E20FA04F301FA05F243EA020340
S3150000AD9021FA04F001F0004121FA04F220EA02004F
S3150000ADA000EBD3705EEA430E08BF20EAD37070BD95
S3150000ADB094F0000F0FD101F00046400041EB010175
S3150000ADC011F4801F08BF013CF7D041EA060195F057
S3150000ADD0000F18BF704703F00046520043EB030311
S3150000ADE013F4801F08BF013DF7D043EA06037047FE
S3150000ADF094EA0C0F0CEA135518BF95EA0C0F0CD009
S3150000AE0050EA410618BF52EA4306D1D181EA03014E
S3150000AE1001F000414FF0000070BD50EA410606BF48
S3150000AE201046194652EA430619D094EA0C0F02D18D
S3150000AE3050EA013613D195EA0C0F05D152EA0336D2
S3150000AE401CBF104619460AD181EA030101F00041F0
S3150000AE5041F0FE4141F470014FF0000070BD41F039
S3150000AE60FE4141F4780170BD70B54FF0FF0C4CF413
S3150000AE70E06C1CEA11541DBF1CEA135594EA0C0F32
S3150000AE8095EA0C0F00F0A7F8A4EB050481EA030E7F
S3150000AE9052EA03354FEA013100F088804FEA033366
S3150000AEA04FF0805545EA131343EA12634FEA022234
S3150000AEB045EA111545EA10654FEA00260EF00041F5
S3150000AEC09D4208BF964244F1FD0404F5407402D247
S3150000AED05B084FEA3202B61A65EB03055B084FEAD8
S3150000AEE032024FF480104FF4002CB6EB020E75EBD5
S3150000AEF0030E22BFB61A754640EA0C005B084FEAFD
S3150000AF003202B6EB020E75EB030E22BFB61A754679
S3150000AF1040EA5C005B084FEA3202B6EB020E75EBC4
S3150000AF20030E22BFB61A754640EA9C005B084FEA3C
S3150000AF303202B6EB020E75EB030E22BFB61A754649
S3150000AF4040EADC0055EA060E18D04FEA051545EA38
S3150000AF5016754FEA06164FEAC30343EA52734FEAE1
S3150000AF60C2025FEA1C1CC0D111F4801F0BD141EA5A
S3150000AF7000014FF000004FF0004CB6E711F4801FBF
S3150000AF8004BF01430020B4F1FD0C88BFBCF5E06F9F
S3150000AF903FF6AFAEB5EB030C04BFB6EB020C5FEAAF
S3150000AFA0500C50F1000041EB045170BD0EF0004E04
S3150000AFB04EEA113114EB5C04C2BFD4EB0C0541EA36
S3150000AFC0045170BD41F480114FF0000E013C90E633
S3150000AFD045EA060E8DE60CEA135594EA0C0F08BFF7
S3150000AFE095EA0C0F3FF43BAF94EA0C0F0AD150EAF6
S3150000AFF001347FF434AF95EA0C0F7FF425AF104689
S3150000B00019462CE795EA0C0F06D152EA03353FF4B0
S3150000B010FDAE1046194622E750EA410618BF52EA2D
S3150000B02043067FF4C5AE50EA41047FF40DAF52EA01
S3150000B03043057FF4EBAE12E74FF0FF3C06E000BF9E
S3150000B0404FF0010C02E000BF4FF0010C4DF804CDAB
S3150000B0504FEA410C7FEA6C5C4FEA430C18BF7FEA6B
S3150000B0606C5C1BD001B050EA410C0CBF52EA430C99
S3150000B07091EA030F02BF90EA020F0020704710F119
S3150000B080000F91EA030F58BF994208BF90422CBFA8
S3150000B090D8176FEAE37040F0010070474FEA410CA1
S3150000B0A07FEA6C5C02D150EA013C07D14FEA430CBF
S3150000B0B07FEA6C5CD6D152EA033CD3D05DF8040B30
S3150000B0C0704700BF8446104662468C461946634662
S3150000B0D000E000BF01B5FFF7B7FF002848BF10F139
S3150000B0E0000F01BD4DF808EDFFF7F4FF0CBF01207E
S3150000B0F000205DF808FB00BF4DF808EDFFF7EAFFFA
S3150000B10034BF012000205DF808FB00BF4DF808EDB4
S3150000B110FFF7E0FF94BF012000205DF808FB00BFA9
S3150000B1204DF808EDFFF7CEFF94BF012000205DF833
S3150000B13008FB00BF4DF808EDFFF7C4FF34BF012040
S3150000B14000205DF808FB00BF4A0011D212F500127C
S3150000B15011D20DD56FF47873B3EB62520ED44FEA69
S3150000B160C12343F0004343EA505323FA02F07047E9
S3150000B1704FF00000704750EA013002D14FF0FF3027
S3150000B18070474FF0000070471FB514461A46094B2A
S3150000B1901B680546D86854B9074B1C46CDE90134EF
S3150000B1A000912B46054900F03DFE00F0BFFF044B21
S3150000B1B0F4E700BF440A00004D0D21081E202108B7
S3150000B1C011202108024B0A460146186800F002B811
S3150000B1D0440A000070B5A1FB02543CB9294600F0B0
S3150000B1E017FB064628B90026304670BD0C220260C1
S3150000B1F0F9E72A46214600F012FFF5E72DE9F04F60
S3150000B20089B0DDE91598002B1D461446BCBF03F135
S3150000B2100043144628F0200A149AB6BF1D460023A0
S3150000B2202D23BAF1460FDDE9126B137005D0BAF182
S3150000B230450F00D10136022300E0032307AA04923A
S3150000B24006AACDE90292CDE9003622462B4600F049
S3150000B250FFFFB8F1670F074619D11BF0010F0ED09B
S3150000B26007EB06080022002320462946FFF73AFF8F
S3150000B27008B1CDF81C803022079B434521D3079B9C
S3150000B280179ADB1B3846136009B0BDE8F08FB8F19A
S3150000B290470FE2D0BAF1460F00EB0608E2D1037879
S3150000B2A0302B0AD10022002320462946FFF71AFF39
S3150000B2B018B9C6F10106C9F80060D9F800309844FB
S3150000B2C0D0E7591C07911A70D6E7F7B50029BABF1F
S3150000B2D049422D232B2309290270437029DD0DF1E4
S3150000B2E007031D460A271A46B1FBF7F607FB161495
S3150000B2F0303402F8014C0C46632C03F1FF3331461F
S3150000B300F1DC3031941E03F8011C411C2346AB428C
S3150000B3100AD30DF109039B1AAC4288BF00230233FE
S3150000B3200344181A03B0F0BD13F8016B01F8016F5E
S3150000B330EDE7302330318370C170031DF1E7000063
S3150000B3402DE9F04F91B00C46DDF8688016461F4691
S3150000B350054600F06DFE03680893184600F0DEFE11
S3150000B36000230E93D8F800300990073323F0070323
S3150000B37003F1080294F818A0D4F800B0C8F8002029
S3150000B380D3E9008929F000430B93CDF82880C4E95E
S3150000B3901289DDE90A019C4B4FF0FF3202F008FFEB
S3150000B3A070BBDDE90A01984B4FF0FF32FFF7AEFEA6
S3150000B3B030BB0022002340464946FFF79DFE10B1F0
S3150000B3C02D2384F84330914A914BBAF1470F94BF2D
S3150000B3D090469846032323612BF0040323604FF025
S3150000B3E00009009733460FAA2146284600F088FA3E
S3150000B3F0013040F099804FF0FF3011B0BDE8F08F7A
S3150000B40042464B464046494602F0D2FE40B14B46C4
S3150000B410002BBCBF2D2384F843307E4A7E4BD4E7F5
S3150000B42063685A1C29D1062363604BF480630022AB
S3150000B430236006920EAACDE904A20DAA03920DF18D
S3150000B4403302CDE901326368009342464B462846F3
S3150000B450FFF7D4FEBAF1670F0D99804615D1CB1CC4
S3150000B4603BDB6368994238DC0E9B994255DB2368C7
S3150000B4702161D80745D54B1C42E00AF0DF02472A76
S3150000B480D3D1002BD1D10123CEE7BAF1470F07D193
S3150000B490C81C25DB63688B4222DB4FF0670AE3E7B3
S3150000B4A0BAF1650F1FD80139524604F150000D91CB
S3150000B4B0FFF70BFF0E9A1318012A8146236102DC5F
S3150000B4C02268D20701D5013323619DF83330002B62
S3150000B4D087D02D2384F8433083E74FF0650AE2E7EF
S3150000B4E04FF0450ADFE7BAF1660FBDD10029636860
S3150000B4F00BDD216113B92268D00702D501330B4455
S3150000B5002361A1654FF00009DFE713B92268D2076E
S3150000B51001D50233F4E70123F2E70029D4BFC1F1D4
S3150000B520020201221344EBE723685A0507D4236974
S3150000B530424631462846B84701302BD15BE7BAF17F
S3150000B540650F40F2DC80D4E9120100220023FFF7E8
S3150000B550C9FD002833D0314A012331462846B84771
S3150000B56001303FF448AFDDE90D38434502DB23687F
S3150000B570D8070FD5DDE9082331462846B8470130FC
S3150000B5803FF439AF4FF0000908F1FF3804F11A0A09
S3150000B590C84509DC23689B0700F10281E0680F9B20
S3150000B5A09842B8BF184628E7012352463146284636
S3150000B5B0B84701303FF41FAF09F10109E8E70D9BD9
S3150000B5C0002B38DC154A012331462846B84701309E
S3150000B5D03FF411AFDDE90D3959EA030302D12368BF
S3150000B5E0D907D7D5DDE9082331462846B8470130C3
S3150000B5F03FF401AF4FF0000A04F11A0B0D9B5B42BA
S3150000B60053450DDC4B4693E7FFFFEF7F4D202108A6
S3150000B6105120210855202108592021085D202108A4
S3150000B62001235A4631462846B84701303FF4E3AE77
S3150000B6300AF1010AE2E7A36DDDF838A05345A8BF79
S3150000B6405346002B994636DC4FF0000B29EAE97980
S3150000B65004F11A02A36D0A93A3EB09035B4531DCDF
S3150000B6600D9B9A453ADC2368DA0737D40D9BAAEB83
S3150000B67003090A9BAAEB03039945A8BF9946B9F1AA
S3150000B680000F33DC4FF0000829EAE97904F11A0BC0
S3150000B6900D9BAAEB0303A3EB090343457FF77AAFA0
S3150000B6A001235A4631462846B84701303FF4A3AE37
S3150000B6B008F10108ECE7424631462846B847013012
S3150000B6C0C2D198E60123314628460A92B84701308E
S3150000B6D03FF491AE0A9A0BF1010BBBE7DDE90823B3
S3150000B6E031462846B8470130C0D184E60A9A4B460F
S3150000B6F0424431462846B8470130C3D17BE6DDF8DF
S3150000B70038A0BAF1010F01DCDB0736D5012342462A
S3150000B71031462846B84701303FF46DAEDDE90823CF
S3150000B72031462846B84701303FF465AED4E91201E8
S3150000B730002200230AF1FF3AFFF7D4FCC0B95346B2
S3150000B74008F1010231462846B84701300CD152E6CD
S3150000B75001235A4631462846B84701303FF44BAEDE
S3150000B76008F10108D045F3DB4B4604F15002E0E650
S3150000B7704FF0000804F11A0BF4E701234246E1E713
S3150000B78001234A4631462846B84701303FF433AED6
S3150000B79008F10108E3680F995B1A4345F0DCFDE602
S3150000B7A04FF0000804F11909F4E700BF024B014607
S3150000B7B0186800F02DB800BF440A0000024B01468D
S3150000B7C0186801F06FBB00BF440A000070B50F4E49
S3150000B7D00C463168054611B900F02EFC3060214652
S3150000B7E0284600F029FC431C03D14FF0FF342046C5
S3150000B7F070BDC41C24F00304A042F8D0211A2846C8
S3150000B80000F01AFC0130F2D1EFE700BF80650100BD
S3150000B8102DE9F041CD1C25F0030508350C2D38BF68
S3150000B8200C25002D064601DBA94204D90C23336002
S3150000B8300020BDE8F081314FF6F73CFC3B681C4622
S3150000B84044BB29463046FFF7C1FF431C044650D18E
S3150000B8503C682146002941D1002C44D0236830465B
S3150000B86004EB030800F0E8FB80453CD121686D1A23
S3150000B87029463046FFF7AAFF013034D023682B440F
S3150000B88023603B68002B36D05A68A24229D1002299
S3150000B8905A600EE02268521B1DD40B2A16D9611974
S3150000B8A0A342256018BF5960636808BF39606251BA
S3150000B8B04B603046F6F720FC04F10B00231D20F008
S3150000B8C00700C21AB5D01B1AA350B2E7A34262689A
S3150000B8D0DED13A60EDE723466468B1E70C46496875
S3150000B8E0B8E71346CEE70C2333603046F6F704FC80
S3150000B8F09EE70560DDE75B60FFDE00BF8465010053
S3150000B9002DE9F047164698468A680B69DDF82090BF
S3150000B9109342B8BF1346336091F8432007460C465E
S3150000B9200AB1013333602368990642BF3368023394
S3150000B9303360256815F0060506D104F1190AE36897
S3150000B94032689B1AAB4226DC94F843302268003BEF
S3150000B95018BF012392062BD404F143024146384610
S3150000B960C84701301ED02368226903F00603042B62
S3150000B97002BFE5683368ED1AA3680CBF25EAE575D2
S3150000B98000259342C4BF9B1AED1800261A34B5420F
S3150000B9901AD1002008E00123524641463846C847DE
S3150000B9A0013003D14FF0FF30BDE8F0870135C6E71F
S3150000B9B0E1185A1C302081F84300224494F84510BF
S3150000B9C082F843100233C7E7012322464146384630
S3150000B9D0C8470130E6D00136D9E700002DE9FF4718
S3150000B9E00F7E0C9E782F914680460C469A4601F1B2
S3150000B9F0430207D8622F0AD8002F00F0DD80582FA7
S3150000BA0000F0C38004F1420684F842703AE0A7F1E0
S3150000BA106303152BF6D801A151F823F075CA200847
S3150000BA2089CA200805CA200805CA200805CA2008B0
S3150000BA3005CA200889CA200805CA200805CA2008A0
S3150000BA4005CA200805CA20089FCB200817CB200866
S3150000BA5057CB200805CA200805CA2008C1CB2008F4
S3150000BA6005CA200817CB200805CA200805CA2008E1
S3150000BA705FCB200833681A1D1B68326004F142064A
S3150000BA8084F842300123A8E031682368081D30603D
S3150000BA901E0601D50D6803E05D06FBD5B1F9005021
S3150000BAA06168002D78DA2D20002984F84300A16012
S3150000BAB02DDA5E486D420A231646B5FBF3F103FB09
S3150000BAC01157C75D06F8017D2F46BB420D46F4D9D6
S3150000BAD0082B0BD12368DF0708D5236961689942D3
S3150000BAE0DEBF302306F8013C06F1FF36921B2261C9
S3150000BAF0CDF800A04B4603AA21464046FFF700FFBB
S3150000BB0001306FD14FF0FF3004B0BDE8F08723F06D
S3150000BB1004032360CDE721683368080653F8045B05
S3150000BB2002D4490648BFADB26F2F4048336014BFF8
S3150000BB300A230823002184F843106668A660002EB5
S3150000BB40BADB216821F004012160002DB4D1002E5A
S3150000BB50B2D11646BCE7236843F02003236034487D
S3150000BB60782784F84570236831681F0651F8045B0E
S3150000BB7002D45F0648BFADB23160D90744BF43F077
S3150000BB80200323601DB11023D4E72848E9E7236882
S3150000BB9023F020032360F6E724480A23CDE7336821
S3150000BBA025686169181D30602E061B6801D519606D
S3150000BBB002E06806FBD5198000232361164697E745
S3150000BBC033681A1D32601E6862680021304600F034
S3150000BBD047FA08B1801B606063682361002384F81C
S3150000BBE0433085E72369324649464046D04701300F
S3150000BBF088D023689B0714D4E068039B9842B8BF9B
S3150000BC00184681E70123324649464046D04701306F
S3150000BC103FF478AF0135E36803995B1AAB42F1DC78
S3150000BC20EAE7002504F11906F5E700BF5F202108C1
S3150000BC30702021080CB430B5174B0C1E1D689DB042
S3150000BC4008DA8B232B604FF0FF301DB0BDE8304083
S3150000BC5002B070474FF40273ADF8143014BF04F10C
S3150000BC60FF332346049307934FF6FF730290069023
S3150000BC70ADF81630209A21AB02A92846019301F0AF
S3150000BC80B7F9431CBCBF8B232B60002CDDD0029B75
S3150000BC9000221A70D9E700BF440A00000EB400B5AE
S3150000BCA09CB01DAB029006906FF0004109480791C9
S3150000BCB00491094953F8042B05910068019302A9E0
S3150000BCC001F096F9029B00221A701CB05DF804EB95
S3150000BCD003B07047440A00000802FFFF002310B5B6
S3150000BCE00446C0E90033C0E90433836081814366BA
S3150000BCF0C2818361194608225C3000F090F90D4B31
S3150000BD0063620D4BA3620D4BE3620D4B23630D4B38
S3150000BD1024629C4206D003F16802944202D0D033DA
S3150000BD209C4205D104F15800BDE8104000F094B9DA
S3150000BD3010BD00BFD1EC2008F3EC20082BED200845
S3150000BD404FED200888650100024A0349034800F0C8
S3150000BD507BB800BF380A000075E52008480A0000D5
S3150000BD6041680C4B994210B5044601D001F002FC23
S3150000BD70A168094B994202D0204601F0FBFBE1681D
S3150000BD80064B994204D02046BDE8104001F0F2BBB4
S3150000BD9010BD00BF88650100F0650100586601000E
S3150000BDA010B50B4B0B4C0C4A1A602046002204219E
S3150000BDB0FFF794FF04F1680001220921FFF78EFFC7
S3150000BDC004F1D0000222BDE810401221FFF786BF21
S3150000BDD0C06601008865010049CD2008014800F0D1
S3150000BDE03CB900BFC4660100014800F037B900BF86
S3150000BDF0C466010010B50446FFF7F0FF236A1BB1C5
S3150000BE00BDE81040FFF7F0BF044B2362044B1B68EC
S3150000BE10002BF5D1FFF7C4FFF2E700BF61CD200884
S3150000BE20C06601000EB403B5014603AB054853F8DE
S3150000BE30042B0068019301F001FA02B05DF804EBEF
S3150000BE4003B07047440A00002DE9F84307468846C8
S3150000BE5014460026D4E90195B9F1010905D52468EF
S3150000BE60002CF7D13046BDE8F883AB89012B07D902
S3150000BE70B5F90E30013303D029463846C04706438C
S3150000BE806835E9E70FB407B5064904AB086853F807
S3150000BE90042B8168019301F0D1F903B05DF804EB3E
S3150000BEA004B07047440A0000024B014618688268D5
S3150000BEB002F076B8440A0000036A70B58468054645
S3150000BEC00E460BB9FFF796FF636EDB0705D4A38911
S3150000BED0980502D4A06D00F0C0F8A389190702D511
S3150000BEE02369002B35D12146284601F0A1FF80B3F6
S3150000BEF04FF0FF35636EDA0705D4A3899B0502D49C
S3150000BF00A06D00F0ABF8284670BD002B15DB23684A
S3150000BF105A1C22601970A36816F8011F013BA36022
S3150000BF200029F2D1002B16DA22460A21284601F012
S3150000BF3040FF0130DCD00A25DCE7A2699A4201DC29
S3150000BF400A29E4D12246284601F033FF0130E2D126
S3150000BF50CEE7013EDFE723685A1C22600A221A70E8
S3150000BF60E9E70000024B01461868FFF7A5BF00BFCE
S3150000BF70440A0000F0B5044608B9146844B12046E6
S3150000BF8014F8015B0F4617F8016B1EB965B9156009
S3150000BF90002005E0B542F6D1002BF0D11460037005
S3150000BFA0F0BD1C460CE015B914F8013B0E4616F818
S3150000BFB0015BAB42F7D1002BF3D0002304F8013C20
S3150000BFC01460EDE70123FFF7D5BF10B50139024430
S3150000BFD0904201D1002005E0037811F8014FA342F9
S3150000BFE001D0181B10BD0130F2E7884210B501EBF5
S3150000BFF0020402D98442234607D8431EA14208D030
S3150000C00011F8012B03F8012FF8E7024401468A4292
S3150000C01000D110BD13F8014D02F8014DF7E70244B7
S3150000C0200346934200D1704703F8011BF9E700006D
S3150000C03000487047840B000038B5064D00230446BF
S3150000C04008462B6002F0F2F8431C02D12B6803B1BC
S3150000C050236038BDC866010070477047704700000E
S3150000C06001F0FF01102A2BDB10F0070F08D010F8A3
S3150000C070013B013A8B422DD010F0070F42B3F6D1A7
S3150000C080F0B441EA012141EA014122F007047FF0C0
S3150000C09000070023F0E80256083C85EA010586EA17
S3150000C0A0010685FA47F5A3FA87F586FA47F6A5FA53
S3150000C0B087F68EB9EED1F0BC01F0FF0102F007025F
S3150000C0C032B110F8013B013A83EA010313B1F8D10A
S3150000C0D00020704701387047002D06BF35460338EB
S3150000C0E0073815F0010F07D1013015F4807F02BF24
S3150000C0F0013015F4C03F0130F0BC0138704700BF75
S3150000C1000A44914200F1FF3300D1704710B511F88F
S3150000C110014B03F8014F9142F9D110BD034613F8C4
S3150000C120012B002AFBD1181A0138704708B50620E2
S3150000C13001F0E8FF0120F6F779F82DE9F74F0369DA
S3150000C1400C69A34207467EDB013C01F11408A300FB
S3150000C15000F11405009305EB8403019358F824308D
S3150000C16055F8242001339A4208EB8409B2FBF3F612
S3150000C1702ED34FF0000AC446AE46D3465CF8043BC5
S3150000C18098B206FB00A0020C1B0C06FB0323DEF88C
S3150000C190002080B292B2121A5A44DEF800004FEA2A
S3150000C1A0134A9BB2C3EB224303EB104392B242EA1B
S3150000C1B00342E1454EF8042B4FEA234BDED2009BA7
S3150000C1C0EB582BB9019B043B9D421A462FD33C6189
S3150000C1D0384601F075FC002825DB2946002058F872
S3150000C1E0042BD1F800C01FFA82FE1FFA8CF3A3EBD2
S3150000C1F00E030344120CC2EB234202EB1C429BB219
S3150000C20043EA0243C14541F8043B4FEA2240E6D2E5
S3150000C21055F8242005EB840322B9043B9D421A46B7
S3150000C2200BD33C610136304603B0BDE8F08F12688F
S3150000C230043B002ACBD1013CC6E71268043B002A26
S3150000C240EFD1013CEAE70020EEE700000000000025
S3150000C2502DE9F04FC76997B014461D46CDE9044550
S3150000C260239E83467FB91020FFF7A0FA0246CBF83B
S3150000C2701C0020B9A64BEF21A648FEF785FFC0E9B2
S3150000C28001770760C760DBF81C30196859B15A6836
S3150000C2904A60012393408B60584601F0D3F9DBF8DE
S3150000C2A01C3000221A602B1EB9BF23F000430593F1
S3150000C2B000233360059F984BBCBF01223260BB430D
S3150000C2C019D1229A42F20F731360C7F31303234363
S3150000C2D000F0DE85249B53B9904B21E0904B0893E8
S3150000C2E00833249A1360089817B0BDE8F08F8B4B7B
S3150000C2F008930333F5E79DED047B002251EC170B01
S3150000C30000238DED0C7BFEF7EDFE804650B1229AA0
S3150000C31001231360249B13B1249A824B1360824B32
S3150000C3200893E0E714AB019315AB00935846DDE99B
S3150000C3300C2301F075FCC7F30A560390002E79D042
S3150000C3400D9BCDF84C80C3F31303DDE90C0143F0DC
S3150000C3507F5343F44013A6F2FF3619460022734B6F
S3150000C360FEF7A0FA64A3D3E90023FEF753FC64A307
S3150000C370D3E90023FEF798FA044630460D46FEF749
S3150000C380DFFB61A3D3E90023FEF744FC02460B461C
S3150000C39020462946FEF788FA04460D4601F01EFFA0
S3150000C3A000220746002320462946FEF7A5FE40B197
S3150000C3B03846FEF7C5FB22462B46FEF793FE00B92C
S3150000C3C0013F162F53D85A4B03EBC703D3E900237B
S3150000C3D0DDE90C01FEF790FE00284AD0013F00235C
S3150000C3E01293149B9B1B5A1E45BFC3F1010309936D
S3150000C3F0002300230A9254BF09930A93002F3ADBC5
S3150000C4000A9B0F973B440A9300230B93209B092B0F
S3150000C41067D8052BC4BF043B2093209BA3F10203DE
S3150000C420CCBF00240124032B00F28680DFE803F052
S3150000C4302B383657DDE914631E4406F23243202BAF
S3150000C440C1BFC3F140039F4006F2124324FA03F32F
S3150000C450D6BFC3F1200347EA030004FA03F0FEF750
S3150000C4605FFB0122A1F1F873013E139275E70123E8
S3150000C470B6E71290B5E7099BDB1B09937B420B934A
S3150000C48000230F93C2E700230E93219B002B56DC5B
S3150000C4900123069399461A4621920CE00123F3E7FD
S3150000C4A000230E93219BFB1803F1010906934B46CB
S3150000C4B0012BB8BF0123DBF81C000021042202F186
S3150000C4C014059D423FD94160584601F07BF808901B
S3150000C4D000283BD1174B024640F2AF11CCE60123B0
S3150000C4E0DFE70124002320930E944FF0FF330693D9
S3150000C4F0994600221223CFE761436F63A787D23F95
S3150000C500B3C8608B288AC63FFB799F501344D33F3C
S3150000C5108F212108A62121080000F07F8B21210808
S3150000C520822121085E2021085D2021080000F83FB5
S3150000C530C02221080722210801230E93D5E7219B5B
S3150000C54006939946B7E701315200B8E7DBF81C308D
S3150000C550089A1A60B9F10E0F6FD8002C6DD0002F13
S3150000C56036DDA14B07F00F0203EBC20393ED007B10
S3150000C570F8058DED107B4FEA271417D59B4BDDE9A7
S3150000C5800C01D3E90823FEF76FFCCDE9040104F0A2
S3150000C5900F044FF00308954D5CB9DDE91023DDE982
S3150000C5A00401FEF761FCCDE904012BE04FF002081F
S3150000C5B0F1E7E10709D5DDE91001D5E90023FEF72A
S3150000C5C029FBCDE9100108F1010864100835E3E7FD
S3150000C5D000F007817C42844B844D04F00F0203EB8C
S3150000C5E0C203D3E90023DDE90C01FEF713FBCDE915
S3150000C5F00401241100234FF00208002C40F0E580CE
S3150000C600002BD0D1129BDDE90445002B00F04B81B5
S3150000C610774B002220462946FEF76EFD002800F0E3
S3150000C6204281B9F1000F00F03E81069B002B00F31A
S3150000C630E380DDE90C34CDE90434159B002B02DBE5
S3150000C6400E2F40F341820E9A002A40F066820B9C20
S3150000C650DDF824800025B8F1000F0DD00A9B002BD1
S3150000C6600ADD4345099AA8BF4346D21A09920A9A97
S3150000C670A8EB0308D31A0A930B9B0BB30E9B002B54
S3150000C68000F0A582002C00F0A082294622465846DA
S3150000C69001F050F9039A01460546584601F0A0F804
S3150000C6A003990646584600F0CDFF0B9B1B1B0B93C8
S3150000C6B000F090820B9A3146584601F03BF9039000
S3150000C6C00121584601F076F80F9B0446002B00F036
S3150000C6D083821A460146584601F02CF9209B012B0D
S3150000C6E0044603DC049B002B00F07B8200262369B2
S3150000C6F004EB8303186901F00DF80F96C0F12000D2
S3150000C7000A9B184410F01F0000F09082C0F120032D
S3150000C710042B40F38082099BC0F11C00034409935B
S3150000C7200A9B034480440A93099B002B05DD039969
S3150000C7301A46584601F058F903900A9B002B05DD6E
S3150000C74021461A46584601F04FF90446129B002B23
S3150000C75000F075820398214601F0B2F9002880F2B4
S3150000C7606E82002303990A22584600F08DFF0E9B25
S3150000C77003907E1E002B00F05B82002329460A22CE
S3150000C780584600F081FF069B002B054603DC209BE4
S3150000C790022B00F35D82B8F1000F05DD2946424603
S3150000C7A0584601F021F905460F9B002B00F0CF8279
S3150000C7B06968584600F006FF0746002840F07E826A
S3150000C7C00C4B024640F2EF2156E5E20706D5D5E9C5
S3150000C7D00023FEF71FFA08F101080123641008354B
S3150000C7E00BE74FF002080DE7C02221089822210826
S3150000C7F00000F03F072221082046AD4B00222946C3
S3150000C800FEF708FACDE90401069C7E1E08F1010830
S3150000C8104046FEF795F9DDE90423FEF7FBF9A54B43
S3150000C8200022FEF741F8A1F15073CDE910011193F2
S3150000C830002C3BD1DDE904019F4B0022FEF732F8C4
S3150000C84002460B46CDE90423DDE91023FEF772FC10
S3150000C850002840F05781DDE9102101F10043DDE9B0
S3150000C8600401FEF749FC00283FF4E3AE0024254608
S3150000C870219BDDF820A0DE434FF0000821465846F4
S3150000C88000F0E0FE002D00F0A980B8F1000F05D001
S3150000C890A84503D04146584600F0D4FE29465846DE
S3150000C8A000F0D0FE9AE03E464C46B1E7834B03EBE0
S3150000C8B0C40353E90201089B1C440E9B002B4AD07B
S3150000C8C002460B4600207E49FEF7CEFADDE910232C
S3150000C8D0FDF7E8FFCDE91001DDF820A0DDE9040150
S3150000C8E001F07CFC0546FEF72BF902460B46DDE916
S3150000C8F00401FDF7D7FF3035CDE9040102460B46AA
S3150000C9000AF8015BDDE91001FEF714FC002865D189
S3150000C910DDE904236B490020FDF7C4FF02460B4600
S3150000C920DDE91001FEF706FC002840F00D81A24566
S3150000C93000F0EA80DDE910015D4B0022FEF76AF99E
S3150000C9405B4BCDE910010022DDE90401FEF762F937
S3150000C950CDE90401C2E7DDE91023FEF75BF9CDE975
S3150000C9601001DDF820A0A046DDE9040101F036FC47
S3150000C9700546FEF7E5F802460B46DDE90401FDF73C
S3150000C98091FF30350AF8015B02460B46A245CDE918
S3150000C99004234FF0000223D1494BDDE91001FDF7D6
S3150000C9A083FF02460B46DDE90401FEF7C3FB0028C0
S3150000C9B040F0CA80DDE9102341490020FDF772FFEF
S3150000C9C002460B46DDE90401FEF796FB70B1C2464E
S3150000C9D008F1FF381AF8013C302BF8D0374655E0FD
S3150000C9E0334BFEF717F9CDE90401BDE7DDE90C3459
S3150000C9F0CDE90434159B002BFFF629AE0E2F3FF729
S3150000CA0026AE2E4B03EBC70393ED007B219B002B39
S3150000CA108DED067B02DAB9F1000F64D0DDE904453D
S3150000CA20DDF820A0DDE9062320462946FEF71CFA9C
S3150000CA3001F0D4FB0646FEF783F8DDE90623FEF790
S3150000CA40E9F802460B462046294606F13004FDF772
S3150000CA5029FF0AF8014B089CAAEB0404A1450246EB
S3150000CA600B4640F08280FDF71FFFDDE906230446F2
S3150000CA700D46FEF75FFB002865D1DDE9062320465B
S3150000CA802946FEF72FFB08B1F3075CD403995846F5
S3150000CA9000F0D8FD00238AF80030229B01371F6082
S3150000CAA0249B002B3FF41FACC3F800A01BE400BF7F
S3150000CAB00000244000001C4000001440C022210851
S3150000CAC00000E03F0000F03FA24B03EBC70393EDED
S3150000CAD0007B219B002B8DED067B9FDAB9F1000FC1
S3150000CAE09CDC7FF4C3AE9C4B0022DDE90601FEF719
S3150000CAF091F8DDE90423FEF713FB044600287FF4D2
S3150000CB00B5AE3E462546B4E0DDE90C34CDE9043445
S3150000CB10159B002B01DB0E2FD6DD209A012A36DC71
S3150000CB20139A82B303F233430B9CDDF82480099AEF
S3150000CB301A4409920A9A01211A4458460A9200F0A8
S3150000CB4039FE054687E53E4653469A4613F8012DBB
S3150000CB50392A06D1089A9A42F7D108993022013625
S3150000CB600A701A7801321A7038E77C4B0022FEF7F9
S3150000CB7051F80022002304460D46FEF7B3FA0028BA
S3150000CB803FF450AF82E7149BC3F13603CCE70B9B0F
S3150000CB9009F1FF34A34208DBB9F1000FA3EB04044B
S3150000CBA00EDBDDF824804B46C1E70B9B0F9A0B94F6
S3150000CBB0E31A1A44DDF824800F924B460024B6E7A8
S3150000CBC0099BA3EB09080023B1E7039E72E50B9AC4
S3150000CBD0039971E5039673E5209B012B17DC049BF3
S3150000CBE0ABB9059BC3F313039BB9059B23F0004622
S3150000CBF0360D360536B1099B013309930A9B01337D
S3150000CC000A9301260F9B002B7FF471AD0F9601202E
S3150000CC1076E50026F6E73FF487AD099A1C331A44F9
S3150000CC2009920A9A1A4498440A927DE50346F4E763
S3150000CC30069B002B2BDC209B022B09DC27E0B9F19D
S3150000CC40000F1DDC209B022B1ADDCDF818903E4606
S3150000CC50069B002B7FF40CAE21460522584600F0B9
S3150000CC6013FD01460446039800F02AFF00287FF7CB
S3150000CC70FFADDDF820A031230AF8013B0136FBE5C4
S3150000CC800E9BCDF818903E46002B7FF484AD089F8E
S3150000CC9003982146FFF751FA00F1300907F8019B86
S3150000CCA0089B069AFB1A9A4240F3CB80039900230D
S3150000CCB00A22584600F0E8FC0390E9E72A690232A6
S3150000CCC0920005F10C010C30FFF71AFA01223946E1
S3150000CCD0584600F089FE089B089A03F1010A069B54
S3150000CCE013440A93049B03F00103A8460B930546DD
S3150000CCF00AF1FF33214603980693FFF71EFA4146D1
S3150000CD00099000F13009039800F0DAFE2A46214620
S3150000CD100746584600F0F0FEC268014602B3584680
S3150000CD2000F090FC002F3ADA03990122584600F0F1
S3150000CD305BFE2146039000F0C3FE002803DC29D1E8
S3150000CD4019F0010F26D0B9F1390F1DD132E028466E
S3150000CD50C1E700BFC02221080000144000002440A3
S3150000CD600E90039800F0ACFE0E990C90584600F019
S3150000CD7069FC0C9A5ABB209B53B90B9B43B9B9F17A
S3150000CD80390F17D0002F05DD099B03F1310901E0AA
S3150000CD90002F2ADADDF818A00AF8019B6EE5209B21
S3150000CDA03B4304D1049B03F00103002BBCD0B9F133
S3150000CDB0390F36D1069F392307F8013BBA46013FA2
S3150000CDC01AF8013C392B5BD001333B7056E5002F36
S3150000CDD006DB209B3B4306D1049B03F0010313B9FA
S3150000CDE0002AA1DCD6E7002AE1DC0A9B0AF8019CAE
S3150000CDF0534557462FD0039900230A22584600F080
S3150000CE0043FCA84503904FF000034FF00A02414649
S3150000CE1058460BD100F038FC804605460AF1010A57
S3150000CE2066E7DDF818A009F10109B5E700F02CFC6A
S3150000CE302946804600230A22584600F025FC05466E
S3150000CE40ECE7069B002BC8BF1F46089BD8BF0127EF
S3150000CE501F444FF0000803990122584600F0C4FD14
S3150000CE602146039000F02CFE0028A7DC02D119F021
S3150000CE70010FA3D1BA4617F8013D302BFAD0FDE4D5
S3150000CE80089BBB429AD1089A312301361370F5E408
S3150000CE90249B002B7FF422AA014BFFF741BA00BF67
S3150000CEA08221210838B50546002941D051F8043CB5
S3150000CEB00C1F002BB8BFE418F5F7FCF81D4A1368E1
S3150000CEC033B9636014602846BDE83840F5F714B9F5
S3150000CED0A34208D9206821188B4201BF19685B68F4
S3150000CEE009182160EDE71A465B680BB1A342FAD92F
S3150000CEF011685018A0420BD1206801445018834293
S3150000CF001160E0D118685B68536008441060DAE786
S3150000CF1002D90C232B60D6E7206821188B4204BF68
S3150000CF2019685B68636004BF091821605460CAE72A
S3150000CF3038BD00BF846501002DE9F0478E681F46A5
S3150000CF40BE420B6882460C4690462DD8B1F90C209D
S3150000CF5012F4906F26D06569096905EB4505A3EBC8
S3150000CF60010905EBD5757B1C4B446D109D4238BFFE
S3150000CF701D46530527D52946FEF74AFC064660B3EB
S3150000CF8021694A46FFF7BCF8A38923F4906343F06E
S3150000CF908003A381266165614E44A5EB09052660E1
S3150000CFA0A5603E46BE4200D93E462068324641460E
S3150000CFB0FFF71BF8A3689B1BA36023683344236019
S3150000CFC00020BDE8F0872A4600F0C5FE0646002888
S3150000CFD0E0D121695046FFF765FF0C23CAF80030FF
S3150000CFE0A38943F04003A3814FF0FF30E9E7000037
S3150000CFF02DE9F04F98468B891B069DB007460D46D6
S3150000D000144610D50B6973B94021FEF701FC286060
S3150000D010286130B90C233B604FF0FF301DB0BDE8EE
S3150000D020F08F40236B610023099320238DF829306C
S3150000D030CDF80C803023DFF89C818DF82A304FF034
S3150000D040010923469A4613F8012B0AB1252AF9D17C
S3150000D050BAEB040B0BD05B46224629463846FFF74F
S3150000D0606BFF013000F0A780099A5A4409929AF89A
S3150000D0700030002B00F09F8000234FF0FF32CDE9F7
S3150000D08005230AF1010A049307938DF853301A9386
S3150000D0905446052214F8011B4E48FEF7E1FF049A98
S3150000D0A0D8B9D00644BF20238DF85330110744BFAA
S3150000D0B02B238DF853309AF800302A2B15D0079A77
S3150000D0C0544600204FF00A0C214611F8013B303B34
S3150000D0D0092B4BD9B0B1079214E0A0EB080309FA6B
S3150000D0E003F313430493A246D2E7039B191D1B685F
S3150000D0F00391002BBBBF5B4242F0020207930793EA
S3150000D100B8BF049223782E2B0AD163782A2B32D10A
S3150000D110039B1A1D1B68039243EAE37302340593CB
S3150000D120DFF8C0A0217803225046FEF799FF38B1F8
S3150000D130049BA0EB0A00402282401343013404936F
S3150000D14014F8011B24488DF828100622FEF788FFE4
S3150000D150002836D0214B1BBB039B073323F0070364
S3150000D16008330393099B334409936AE70CFB0232A5
S3150000D1700C460120A8E700230134059319464FF019
S3150000D1800A0C204610F8012B303A092A03D9002B45
S3150000D190C6D00591C4E70CFB012104460123F0E744
S3150000D1A003AB00932A460E4B04A93846FEF7C8F88F
S3150000D1B0421C0646D6D1AB895B063FF52DAF0998D2
S3150000D1C02CE703AB00932A46054B04A93846FEF725
S3150000D1D005FCEDE7182221082222210841C3200878
S3150000D1E039DF20081E2221089368013B002B10B46A
S3150000D1F0936008DA9469A34201DB0A2903D15DF83A
S3150000D200044B00F0D6BD1368581C10601970084610
S3150000D2105DF8044B7047F8B506460F461446D51818
S3150000D220AC4201D1002007E014F8011B3A46304613
S3150000D230FFF7DAFF431CF3D1F8BD00002DE9F04FEC
S3150000D2400D469DB014469846064618B1036A0BB9BA
S3150000D250FEF7D0FD6B6ED90705D4AB899A0502D4CB
S3150000D260A86DFEF7FAFEAB891B0701D52B699BB9A2
S3150000D2702946304600F0DCFD70B16B6EDC0704D544
S3150000D2804FF0FF301DB0BDE8F08FAB899805F7D49D
S3150000D290A86DFEF7E3FEF3E70023099320238DF83C
S3150000D2A02930CDF80C803023DFF8AC818DF82A3098
S3150000D2B04FF0010923469A4613F8012B0AB1252A95
S3150000D2C0F9D1BAEB040B0BD05B4622462946304611
S3150000D2D0FFF7A1FF013000F0A780099A5A4409928E
S3150000D2E09AF80030002B00F09F8000234FF0FF32A9
S3150000D2F0CDE905230AF1010A049307938DF853300B
S3150000D3001A935446052214F8011B5348FEF7A8FE4B
S3150000D310049AD8B9D10644BF20238DF85330130799
S3150000D32044BF2B238DF853309AF800302A2B15D0A2
S3150000D330079A544600204FF00A0C214611F8013B8B
S3150000D340303B092B4BD9B0B1079214E0A0EB080390
S3150000D35009FA03F313430493A246D2E7039B191D6C
S3150000D3601B680391002BBBBF5B4242F0020207938E
S3150000D3700793B8BF049223782E2B0AD163782A2B01
S3150000D38032D1039B1A1D1B68039243EAE3730234EE
S3150000D3900593DFF8D4A0217803225046FEF760FEFD
S3150000D3A038B1049BA0EB0A004022824013430134AB
S3150000D3B0049314F8011B29488DF828100622FEF75D
S3150000D3C04FFE00283FD0264B1BBB039B073323F0A1
S3150000D3D0070308330393099B3B4409936AE70CFB55
S3150000D3E002320C460120A8E70023013405931946B2
S3150000D3F04FF00A0C204610F8012B303A092A03D9BF
S3150000D400002BC6D00591C4E70CFB0121044601237D
S3150000D410F0E703AB00932A46124B04A93046FDF70A
S3150000D4208FFF0746781CD6D16B6ED90705D4AB891A
S3150000D4309A0502D4A86DFEF711FEAB895B063FF58F
S3150000D4401FAF09981EE703AB00932A46054B04A9B4
S3150000D4503046FEF7C3FAE4E7182221082222210803
S3150000D46041C3200817E220081E222108B1F90C202A
S3150000D4702DE9F041170705460C4656D44B68002B9C
S3150000D48002DC0B6C002B3DDDE66A002E3AD0002351
S3150000D49012F480522F68216A2B6025D0626DA38911
S3150000D4A0580705D56368D21A636B0BB1236CD21A81
S3150000D4B0216AE66A00232846B047411C24D000238F
S3150000D4C0636023692360A389DA0400D56065616B14
S3150000D4D02F60B9B104F14403994202D02846FFF700
S3150000D4E0E1FC002363630DE001232846B047461C98
S3150000D4F00246D4D12B68002BD1D01D2B01D0162B80
S3150000D5002BD12F6000202FE02A68B4F90C3042B1ED
S3150000D5101D2A01D0162A22D10023636023692360C5
S3150000D520D5E7626022692260CEE70F69002FE9D055
S3150000D53093070E6808BF4B690F6018BF0023A6EB60
S3150000D54007088B60B8F1000FDCDD216AA66A434646
S3150000D5503A462846B047002808DCB4F90C3043F0B8
S3150000D5604003A3814FF0FF30BDE8F0810744A8EBEC
S3150000D5700008E7E738B50B6905460C4613B90025E0
S3150000D580284638BD18B1036A0BB9FEF733FCB4F967
S3150000D5900C30002BF3D0626ED00704D4990502D468
S3150000D5A0A06DFEF75AFD28462146FFF75FFF636E22
S3150000D5B0DA070546E4D4A3899B05E1D4A06DFEF7FE
S3150000D5C04DFDDDE770B5C66904460D4676B91020F7
S3150000D5D0FEF7ECF80246E06120B9184B18486B21BB
S3150000D5E0FDF7D2FDC0E901660660C660E669F3682C
S3150000D5F083B1E369DB6853F82500B8B9012101FA64
S3150000D60005F6721D92002046FDF7E4FD60B1C0E903
S3150000D61001560EE0212204212046FDF7DBFDE369D9
S3150000D620F060DB68002BE4D1002070BD026843F88F
S3150000D63025200023C0E90333F7E700BF8F21210827
S3150000D6402922210870B5C66905460C4676B9102010
S3150000D650FEF7ACF80246E86120B9094B09488F216C
S3150000D660FDF792FDC0E901660660C6603CB1EB6954
S3150000D6706268DB6853F82210216043F8224070BDCF
S3150000D6808F212108292221082DE9F0410D6907463D
S3150000D6900C461E4601F1140C0020DCF8003099B24D
S3150000D6A002FB01611E0C0B0C02FB063389B2013032
S3150000D6B001EB034185424CF8041B4FEA1346ECDCB0
S3150000D6C00EB3A368AB4219DC616838460131FFF737
S3150000D6D079FF804628B902460C4B0D48BA21FDF762
S3150000D6E053FD2269023204F10C0192000C30FEF760
S3150000D6F007FD21463846FFF7A5FF444604EB8503A0
S3150000D70001355E6125612046BDE8F08107222108CA
S3150000D71029222108B0F5803F034636BF03040020C6
S3150000D7201020B3F1807F3CBF1B020830B3F1805F4D
S3150000D7303CBF1B010430B3F1804F03D3002B0ADB3F
S3150000D740013070479B0001D5023070475B0001D560
S3150000D75003307047202070470368024613F0070025
S3150000D7600BD0D90721D4980749BF5B089B08012035
S3150000D77013605CBF13600220704799B209B91B0C95
S3150000D7801020D9B209B908301B0A190704BF1B09B2
S3150000D7900430990704BF9B080230D90703D45B08FD
S3150000D7A000F1010003D0136070470020704720206D
S3150000D7B07047000010B50C460121FFF703FF024633
S3150000D7C028B9054B054840F24511FDF7DDFC01235C
S3150000D7D04461036110BD00BF0722210829222108E8
S3150000D7E02DE9F04F14460A6923699A42A8BF2346D9
S3150000D7F00F46A4BF0C461F46D4F810A0D7F81090C9
S3150000D800A36861680AEB0906B34285B0B8BF013167
S3150000D810FFF7D8FE30B90246444B45484FF4B17184
S3150000D820FDF7B2FC00F1140505EB86082B46002235
S3150000D830434521D307F1140104F1140202EB8A02D5
S3150000D84001EB89030293131B153B23F003030433F7
S3150000D85004F11507BA4238BF04230193029B0391D2
S3150000D8608B420CD8002E03DD58F8043D002B5BD00C
S3150000D870066105B0BDE8F08F43F8042BD8E7B1F890
S3150000D88000A0BAF1000F24D004F1140EA9464FF0FF
S3150000D890000C5EF8047BD9F800301FFA87FB9BB2B8
S3150000D8A00AFB0B334FEA174BD9F8007063444FEA73
S3150000D8B0174C0AFB0BC707EB13479BB243EA074318
S3150000D8C0724549F8043B4FEA174CE2D8019B45F8EC
S3150000D8D003C0039BB3F802900431B9F1000F21D0C5
S3150000D8E02B6804F1140CAE464FF0000ABCF800B0E9
S3150000D8F0BEF8027009FB0B7757449BB243EA074315
S3150000D9004EF8043B5CF8043B4FEA134ABEF800307D
S3150000D91009FB0A3303EB174362454FEA134AE5D87E
S3150000D920019FEB51043599E7013E9BE70722210849
S3150000D930292221082DE9F843154612F0030207466D
S3150000D9400E4607D0254C013A002354F82220FFF753
S3150000D9509BFE0646AD103DD0FC697CB91020FDF754
S3150000D96025FF0246F86128B91D4B1E4840F2B31147
S3150000D970FDF70AFCC0E901440460C460D7F81C80C6
S3150000D980D8F808404CB940F271213846FFF712FF2B
S3150000D9900023C8F80800044603604FF00009EB07AF
S3150000D9A00AD5314622463846FFF71AFF31468046E9
S3150000D9B03846FFF747FE46466D100BD0206838B94B
S3150000D9C0224621463846FFF70BFF2060C0F800903C
S3150000D9D00446E4E73046BDE8F88300BF8C22210800
S3150000D9E08F212108292221082DE9F0470C46496894
S3150000D9F0236903EB6218A368074691464FEA621A49
S3150000DA0008F10106B3420BDB3846FFF7DBFD05469E
S3150000DA1048B90246284B29484FF4EF71FDF7B4FB8D
S3150000DA2001315B00EEE7002300F1140100F1100262
S3150000DA301846534533DB20692AEAEA7A04F11403CF
S3150000DA4019F01F0901EB8A0103EB800C2BD0C9F1F9
S3150000DA50200E8A460022186800FA09F010434AF898
S3150000DA60040B53F8042B9C4522FA0EF2F3D8ACEBC8
S3150000DA700403153B23F00303043304F11500844526
S3150000DA8038BF0423CA500AB108F10206013E3846DF
S3150000DA902E612146FFF7D6FD2846BDE8F08742F8FD
S3150000DAA0040F0133C5E7043953F8042B41F8042F5A
S3150000DAB09C45F9D8EAE700BF072221082922210858
S3150000DAC00A6903460069801A30B50ED11433143141
S3150000DAD003EB820401EB820154F8045D51F8042D36
S3150000DAE0954203D005D24FF0FF3030BDA342F3D3A9
S3150000DAF0FBE70120F9E700002DE9F74F89460646C6
S3150000DB00114648461446FFF7DBFF051E12D129468B
S3150000DB103046FFF757FD024628B93F4B40F2372102
S3150000DB203E48FDF731FB0123C0E90435104603B03A
S3150000DB30BDE8F08FBCBF4B46A1463046D9F804106D
S3150000DB40BABF1C4601250025FFF73CFD024618B961
S3150000DB50314B40F24521E3E7D9F810702669C560DC
S3150000DB6009F1100309F1140504F1140E00F1140B68
S3150000DB7005EB87080EEB86060193D9464FF0000C9D
S3150000DB80019B5EF8040B53F804AF01931FFA8AF366
S3150000DB90194683B2CB1A000C6344C0EB1A4000EB63
S3150000DBA023409BB243EA0043764549F8043B4FEADB
S3150000DBB0204CE5D8331B153B23F0030315340433FF
S3150000DBC0A64238BF04231D445B441E462C464445EA
S3150000DBD00ED308F10301491B21F00301033DA845BB
S3150000DBE038BF00210B4453F8041D91B117619DE71E
S3150000DBF054F8041BE646080C1CFA81FC714400EB41
S3150000DC002C4089B241EA004146F8041B4FEA204CF9
S3150000DC10DDE7013FE7E700BF0722210829222108A7
S3150000DC202DE973430121089E90469946FFF7CAFCE9
S3150000DC30044630B90246244B244840F20F31FDF722
S3150000DC40A3FAC9F30A55C9F313030DB143F48013BC
S3150000DC500193B8F1000324D068460093FFF77CFDDA
S3150000DC60DDE90012D8B1C0F1200302FA03F30B4339
S3150000DC70C24063610192019BA361002B0CBF01228C
S3150000DC8002222261ADB1A5F2334505443560C0F1EB
S3150000DC903500099B1860204602B0BDE870836161BB
S3150000DCA0E9E701A8FFF758FD019B636120300122D7
S3150000DCB0E7E704EB8203A0F2324030601869FFF711
S3150000DCC029FDC0EB4210E4E707222108292221089A
S3150000DCD010B50C46B1F90E1000F0DAF90028ABBF0A
S3150000DCE0636DA3891B1823F48053ACBF6365A381BE
S3150000DCF010BD2DE9F0411F468B89DB0505460C4614
S3150000DD00164605D5B1F90E100223002200F0AEF931
S3150000DD10A389B4F90E1023F48053A38132463B46FF
S3150000DD202846BDE8F04100F009BA10B50C46B1F935
S3150000DD300E1000F09BF9431CA38915BF606523F400
S3150000DD40805343F48053A38118BFA38110BDB1F95A
S3150000DD500E1000F059B92DE9F041804615460C46E3
S3150000DD6021B9BDE8F0411146FDF752BD2AB9FFF7CA
S3150000DD7099F800242046BDE8F08100F003FA8542B8
S3150000DD80064602D8B5EB500FF4D829464046FDF7B3
S3150000DD903FFD07460028ECD0B5422A46214628BF5B
S3150000DDA03246FEF7ADF921464046FFF77BF83C4682
S3150000DDB0E0E7F8B50E461446054618B1036A0BB9F6
S3150000DDC0FEF718F8A369A360A3891A0701D523698A
S3150000DDD043B92146284600F02BF818B14FF0FF371B
S3150000DDE03846F8BD23682269981A6369F6B28342F9
S3150000DDF0374605DC21462846FFF7BCFB0028EDD157
S3150000DE00A368013BA36023685A1C22601E706269E6
S3150000DE10431C9A4204D0A389DB07E1D50A2EDFD141
S3150000DE2021462846FFF7A6FB0028D9D0D6E70000F2
S3150000DE3038B5294B054618680C4618B1036A0BB964
S3150000DE40FDF7D8FFB4F90C30190722D4DA0607D447
S3150000DE5009222A6043F04003A3814FF0FF3033E0EC
S3150000DE60580712D5616B41B104F14403994202D0BF
S3150000DE702846FFF717F800236363A38923F02403DA
S3150000DE80A3810023636023692360A38943F0080309
S3150000DE90A38123694BB9A38903F42073B3F5007FEB
S3150000DEA003D02146284600F03FF8B4F90C3013F0B1
S3150000DEB001020AD00022A26062695242A26122696E
S3150000DEC042B913F08000C5D138BD990758BF6269C1
S3150000DED0A260F4E70020F7E7440A000070B50C469C
S3150000DEE0B1F90E10002996B015461E460DDAA38923
S3150000DEF013F0800F4FF0000114BF40234FF48063EE
S3150000DF00002031602B6016B070BD6A4600F08CF8B8
S3150000DF100028ECDB019901F47041A1F50053594248
S3150000DF2059414FF48063EBE78B89F7B59D070646A9
S3150000DF300C4607D504F1470323602361012363617F
S3150000DF4003B0F0BD01AB6A46FFF7C8FF009F054668
S3150000DF5039463046FDF75CFC48B9B4F90C309A05F1
S3150000DF60EED423F0030343F00203A381E2E7A3897F
S3150000DF70206043F08003A381019BC4E904075BB1E1
S3150000DF80B4F90E10304600F061F828B1A38923F0E9
S3150000DF90030343F00103A381A3891D43A581CFE7B2
S3150000DFA070B50D461446064618B1036A0BB9FDF75F
S3150000DFB021FF636ED80705D4A389990502D4A06D05
S3150000DFC0FEF74BF8A368013B002BA36005DAA269B4
S3150000DFD0934212DBEBB20A2B0FD023685A1C226045
S3150000DFE01D70EDB2636EDA0705D4A3899B0502D4D2
S3150000DFF0A06DFEF733F8284670BD29462246304606
S3150000E000FFF7D7FE0546EDE738B5064D0023044673
S3150000E01008462B60F4F732F9431C02D12B6803B192
S3150000E020236038BDC866010038B5074D0023044695
S3150000E030084611462B60F4F724F9431C02D12B68DD
S3150000E04003B1236038BD00BFC866010038B5064D70
S3150000E0500023044608462B60F4F718F9431C02D146
S3150000E0602B6803B1236038BDC866010038B5074D7B
S3150000E07004460846114600222A601A46F4F708F9B3
S3150000E080431C02D12B6803B1236038BDC86601006A
S3150000E09038B5074D04460846114600222A601A463E
S3150000E0A0F4F7F8F8431C02D12B6803B1236038BD9E
S3150000E0B0C86601001F2938B505460C4604D9162343
S3150000E0C003604FF0FF3038BDC26B12B152F82130F9
S3150000E0D04BB9284600F030F8224601462846BDE8EE
S3150000E0E0384000F017B8012B0AD0591C03D116236B
S3150000E0F003600120E7E7002142F8241020469847F4
S3150000E1000020E0E7024B01461868FFF7D3BF00BFC7
S3150000E110440A000038B5074D002304460846114658
S3150000E1202B60F4F77BF8431C02D12B6803B1236004
S3150000E13038BD00BFC8660100F4F76EB838B5074DA4
S3150000E14004460846114600222A601A46F4F774F877
S3150000E150431C02D12B6803B1236038BDC866010099
S3150000E16082B001B901A942B14BB113780B601278A4
S3150000E170101E18BF012002B070471046FBE76FF073
S3150000E1800100F8E751F8043C181F002BBCBF0B58E0
S3150000E190C01870470346084641B1FF2A04D98A22AF
S3150000E1A01A604FF0FF3070470A7001207047000078
S3150000E1B04FEA410C7FEA6C5C02D150EA013C0AD17D
S3150000E1C04FEA430C7FEA6C5C02D152EA033C02D16F
S3150000E1D04FF0000070474FF0010070474FEA4102D0
S3150000E1E012F5001215D211D56FF47873B3EB6252A3
S3150000E1F012D94FEAC12343F0004343EA505311F0CA
S3150000E200004F23FA02F018BF404270474FF000005B
S3150000E210704750EA013005D111F0004008BF6FF099
S3150000E220004070474FF00000704700BF044A0549A0
S3150000E2301368002B08BF0B46184410601846704739
S3150000E240CC660100D09601005FF800F0155D000075
S3150000E2505FF800F09D1700005FF800F051600000C5
S3150000E2605FF800F0AB4200005FF800F08941000063
S3150000E2705FF800F0694100005FF800F035540000D7
S3150000E2805FF800F0515F00005FF800F0DF42000029
S3150000E2905FF800F01D4600005FF800F0515D0000D9
S3150000E2A05FF800F0373600005FF800F041640000C8
S3150000E2B05FF800F0B56700005FF800F02F4500003A
S3150000E2C05FF800F0F94600005FF800F0C141000079
S3150000E2D05FF800F0D11700005FF800F0D9410000A8
S3150000E2E05FF800F0FB4200005FF800F03D410000DF
S3150000E2F05FF800F06D0E00005FF800F0B914000042
S3150000E3005FF800F0111300005FF800F03F360000E0
S3150000E3105FF800F0790F00005FF800F0DF430000BF
S3150000E3205FF800F0ED0D00005FF800F0850F0000CB
S3150000E3305FF800F06B4400005FF800F0E544000071
S3150000E3405FF800F08D4600005FF800F0C55C000045
S3150000E3505FF800F02D5D00005FF800F087420000D6
S3150000E3605FF800F0795F00005FF800F09D4500005F
S3150000E3705FF800F0A51100005FF800F099120000A8
S3150000E3805FF800F0B91300005FF800F09D18000078
S3150000E3905FF800F04F3600005FF800F031360000FD
S3150000E3A05FF800F0496600005FF800F0DD3200001B
S3150000E3B05FF800F0274300005FF800F03D5F0000C3
S3150000E3C05FF800F0474400005FF800F0C518000051
S3150000E3D05FF800F0896200005FF800F07912000033
S3150000E3E00D0A504F53542048545450207265737090
S3150000E3F06F6E736520636F64653A2025750D0A009C
S3150000E4000D0A504F5354207374617475733A20305B
S3150000E41078256C580D0A000D0A526573706F6E737D
S3150000E4206520626F64793A20252E2A730D0A000D45
S3150000E4300A4854545020726573706F6E7365207469
S3150000E440696D656F7574210D00696F7470726F6AFE
S3150000E450656374332D38396633652D646566617579
S3150000E4606C742D727464622E66697265626173657E
S3150000E470696F2E636F6D002F72656164696E6773D5
S3150000E4802E6A736F6E006170706C69636174696F78
S3150000E4906E2F6A736F6E00436F6E74656E742D54C3
S3150000E4A0797065004669726573746F726520504FA6
S3150000E4B0535400544C532068616E647368616B65F5
S3150000E4C0206661696C6564202842424432292C200A
S3150000E4D07265747279696E672E2E2E202825642F38
S3150000E4E02564290D0A000D0A53656E7420746F2089
S3150000E4F066697265626173652073756363657373BC
S3150000E50066756C6C7921000D0A4661696C6564203C
S3150000E510746F2073656E6420746F2066697265621D
S3150000E5206173652E000D0A5265736F6C76696E67AE
S3150000E53020444E5320666F722025732E2E2E0D0A10
S3150000E540000D0A444E53207265736F6C7665207217
S3150000E550657475726E65643A203078256C580D0ABC
S3150000E560000D0A444E53205265736F6C7574696FC3
S3150000E5706E204661696C65643A203078256C580DCA
S3150000E5800A0025752E25752E25752E257500444EF7
S3150000E59053205265736F6C76656420746F3A20253C
S3150000E5A0730D0A007B224C7578223A2031312C20DB
S3150000E5B0225248223A2031322C202254656D702294
S3150000E5C03A2031337D000D0A4854545020504F53A1
S3150000E5D05420726571756573742053756363657332
S3150000E5E0730D000D0A4170706C69636174696F6E1A
S3150000E5F0205374617274205461736B206E6F7720A0
S3150000E600617474656D7074696E6720746F207275BD
S3150000E6106E20687474705F636C69656E745F617098
S3150000E620706C69636174696F6E28290D00466169B3
S3150000E6306C656420746F206C6F6164204669726536
S3150000E6406261736520434120636572743A203078B5
S3150000E650256C580D0A004669726562617365204330
S3150000E660412063657274206C6F616465640D000DF2
S3150000E6700A556E6578706563746564206572726F9D
S3150000E68072207768696C65204854545020636C6921
S3150000E690656E74206F7065726174696F6E3A2030B2
S3150000E6A078256C580D0A000D0A4170706C6963611B
S3150000E6B074696F6E2044656D6F6E737472617469F0
S3150000E6C06F6E20436F6D706C65746564205375635F
S3150000E6D06365737366756C6C79210D000D0A4D6563
S3150000E6E07373616765205265636569766564206644
S3150000E6F06F72204854545020436C69656E742E0D19
S3150000E700006170700000000001F7200800000000A2
S3150000E71000000000000000000000000000200000D3
S3150000E7201800000000000000000000002D2D2D2D17
S3150000E7302D424547494E2043455254494649434197
S3150000E74054452D2D2D2D2D0A4D494946596A4343D1
S3150000E7504245716741774942416749516437304EB6
S3150000E760624E73322B52727149512F4538466A54A4
S3150000E7704454414E42676B71686B69473977304242
S3150000E78041517346414442580A4D5173774351599A
S3150000E790445651514745774A435254455A4D426370
S3150000E7A0474131554543684D5152327876596D4649
S3150000E7B07355326C6E626942756469317A59544593
S3150000E7C0514D413447413155450A43784D48556DC1
S3150000E7D0397664434244515445624D426B47413158
S3150000E7E0554541784D5352327876596D46735532B8
S3150000E7F06C6E626942536232393049454E424D422F
S3150000E8003458445449774D4459780A4F5441774D0A
S3150000E8104441304D6C6F58445449344D4445794F0A
S3150000E8204441774D4441304D6C6F77527A454C4D9B
S3150000E830416B474131554542684D4356564D7849DF
S3150000E8406A416742674E5642416F540A475564769D
S3150000E850623264735A534255636E567A6443425425
S3150000E8605A584A3261574E6C6379424D54454D7839
S3150000E8704644415342674E5642414D5443306455D7
S3150000E8805579425362323930494649780A4D4949E9
S3150000E89043496A414E42676B71686B694739773005
S3150000E8A0424151454641414F43416738414D4949EF
S3150000E8B04343674B4341674541746845436978372D
S3150000E8C06A6F5865624F39792F6C4436330A6C612A
S3150000E8D06441504B483967766C394D6761436366CE
S3150000E8E062326A482F37364E7538616936586C364B
S3150000E8F04F4D532F6B72397248357A6F5164736678
S3150000E9006E466C39377675664B6A366277530A6996
S3150000E91056366E716C4B722B434D6E793653786E4C
S3150000E92047506231356C2B384170653632696D3926
S3150000E9304D5A615277314E4544506A547245546F70
S3150000E940386759624576732F416D513335316B0AFD
S3150000E9504B53556A42364730306A3075594F4450EA
S3150000E96030676D487538314938453343776E71499C
S3150000E970697275367A316B5A31712B5073416577EE
S3150000E9806E6A4878677348413379366D6257775AAD
S3150000E9900A447258596669596152514D3973486D26
S3150000E9A06B6C4369744433386D356167492F706207
S3150000E9B06F50476955552B36444F6F6772465A5903
S3150000E9C04A737542366A43353131707A7270315AFC
S3150000E9D06B0A6A355A50614B34396C384B456A3884
S3150000E9E04338514D414C584C333268374D31624BA8
S3150000E9F0775955482B4534457A4E6B744D673654D6
S3150000EA004F3855706D764D725570737955717445E2
S3150000EA106A350A6375484B5A50666D6768434E36C9
S3150000EA204A3343696F6A364F47614B2F475035412A
S3150000EA30666C342F587463642F7032682F72733388
S3150000EA4037454F655A5658744C306D3739594230F0
S3150000EA506573570A4372754F43375846785970564F
S3150000EA6071394F733670464C4B63775A7044496C14
S3150000EA70546972785A555451417336717A6B6D30B8
S3150000EA803670393867374241652B64447136647392
S3150000EA906F3439390A69594836544B582F3159372A
S3150000EAA0447A6B76677464697A6A6B585064734407
S3150000EAB0745143763955772B777039553744624709
S3150000EAC04B6F6750654D61334D642B7076657A37B1
S3150000EAD057333545690A4575612B2B7467792F4283
S3150000EAE0426A46464679336C335746704F394B5720
S3150000EAF0677A377A706D3741654B4A7438543131CD
S3150000EB00646C65436665586B6B55414B4941663588
S3150000EB10716F496261700A735A577770626B4E461D
S3150000EB206848617832784950454467666731617A4A
S3150000EB30565938305A63467563744C37546C4C6E6C
S3150000EB404D512F306C555462695377316E483639C2
S3150000EB504D47367A4F30620A39663642516467410C
S3150000EB606D443036794B35366D446359425A5543B8
S3150000EB704177454141614F43415467776767453067
S3150000EB804D41344741315564447745422F775145CD
S3150000EB9041774942686A41500A42674E5648524D8B
S3150000EBA04241663845425441444151482F4D423016
S3150000EBB04741315564446751574242546B727973E9
S3150000EBC06D63526F72534365464C314A6D4C4F2FFD
S3150000EBD07769524E78506A41660A42674E564853E4
S3150000EBE04D45474441576742526765325961525114
S3150000EBF03258796F6C514C3330457A54536F2F2FFE
S3150000EC007A39537A4267426767724267454642518C
S3150000EC106342415152554D4649770A4A5159494B2B
S3150000EC20775942425155484D4147474757683064E6
S3150000EC304841364C79397659334E774C6E4272617B
S3150000EC4053356E6232396E4C32647A636A45774B5D
S3150000EC505159494B775942425155480A4D414B4704
S3150000EC6048576830644841364C79397761326B755C
S3150000EC705A3239765A79396E633349784C32647A26
S3150000EC80636A457559334A304D44494741315564A5
S3150000EC90487751724D436B774A36416C0A6F434F42
S3150000ECA04749576830644841364C79396A636D770D
S3150000ECB075634774704C6D6476623263765A334E70
S3150000ECC0794D53396E633349784C6D4E79624441C0
S3150000ECD03742674E56485341454E4441790A4D41A5
S3150000ECE06747426D65424441454341544149426745
S3150000ECF05A6E67517742416749774451594C4B7771
S3150000ED0059424241485765514946417749774451EE
S3150000ED10594C4B77594242414857655149460A4139
S3150000ED20774D774451594A4B6F5A496876634E413D
S3150000ED3051454C42514144676745424144536B48F3
S3150000ED4072456F6F3943306468656D4D586F68362C
S3150000ED5064465350736A6264425A42694C67390A80
S3150000ED604E52337435502B5434567866713776715B
S3150000ED70664D2F6235413352693166794A6D396283
S3150000ED8076686447614A513362327436794D415927
S3150000ED904E2F6F6C55617A73614C2B7979456E39BC
S3150000EDA00A5770724B41534F7368494172416F79EC
S3150000EDB05A6C2B744A616F78313138666573736D9E
S3150000EDC0586E316849567734316F65516131763105
S3150000EDD0766734467637347A506C362F41685372EC
S3150000EDE0770A39553570435A457434576934775321
S3150000EDF0747A3664545A2F434C414E78384C5A68CC
S3150000EE00314A37514A566A3266684D7466544A72B8
S3150000EE103977347A33305A323039664F5530694F44
S3150000EE204D790A2B716475426D7076765975523735
S3150000EE30685A4C36447570737A666E7730536B66D3
S3150000EE4074687331386447395A4B62353955687678
S3150000EE506D6153475A5256624E5170736733425A28
S3150000EE606C76690A64306C494B4F326431786F7A3C
S3150000EE70636C4F7A676A5850596F764A4A49756C7F
S3150000EE80747A6B4D75333471516239537A2F7969BF
S3150000EE906C726243676A383D0A2D2D2D2D2D454E25
S3150000EEA0442043455254494649434154452D2D2D4E
S3150000EEB02D2D0A000D0A417474656D7074696E67B4
S3150000EEC0204D515454207265636F6E6E656374698C
S3150000EED06F6E0D004661696C656420746F20696E03
S3150000EEE06974206D71747420636C69656E743A2060
S3150000EEF03078256C780D0A000D0A417474656D70C2
S3150000EF0074696E6720636F6E6E656374696F6E20D9
S3150000EF10666F7220696E6974696174696E67206DC7
S3150000EF2071747420636C69656E740D004D51545490
S3150000EF30207265636F6E6E656374206661696C65C9
S3150000EF40643A203078256C780D0A000D0A417474F5
S3150000EF50656D7074696E67206D71747420636C6979
S3150000EF60656E7420636F6E6E656374696F6E0D00F7
S3150000EF700D0A53756365737366756C6C7920636FE0
S3150000EF806E6E656374656421004D657373616765B4
S3150000EF90205265636569766564206F6E20546F70D4
S3150000EFA069633A200025303278005465726D696EC7
S3150000EFB06174696E672070726F6772616D2C20458F
S3150000EFC072726F723A2025640D0A004661696C659B
S3150000EFD06420746F20737562736372696265203A88
S3150000EFE0203078256C780D0A00417474656D707454
S3150000EFF0696E6720746F20737562736372696265E8
S3150000F00020746F20746F7069633A20257300507501
S3150000F010626C6973686564206D65737361676520EA
S3150000F0207375636365737366756C6C79206F6E2098
S3150000F030746F7069633A2000537562736372696214
S3150000F040656420746F20546F7069633A2025730DD0
S3150000F0500A00556E73756273637269626564206631
S3150000F060726F6D20746F7069633A2025730D0A0004
S3150000F070446973636F6E6E65637465642066726F50
S3150000F0806D204D5154542062726F6B65720D0046AF
S3150000F09061696C656420746F206C6F6164204D51EA
S3150000F0A0545420434120636572743A203078256CAD
S3150000F0B0580D0A004D515454204341206365727423
S3150000F0C0206C6F616465640D0062726F6B65722EF1
S3150000F0D0686976656D712E636F6D004661696C6552
S3150000F0E06420746F20636F6E6E65637420746F2086
S3150000F0F06D7174742062726F6B65723A2030782578
S3150000F1006C780D0A00436F6E6E65637420746F2011
S3150000F1106D7174742062726F6B65722053756363D0
S3150000F120657373200D004D51545420436C69656E10
S3150000F1307420646973636F6E6E656374696E6720AD
S3150000F140746F2068616E646C65204854545020507A
S3150000F1506F7374004C6F72656D20697073756D20E6
S3150000F160646F6C6F722073697420616D65742C20F6
S3150000F170636F6E736563746574757220616469701C
S3150000F180697363696E6720656C69742C20736564A6
S3150000F19020646F0057495345434F4E4E4543542D07
S3150000F1A053444B2D4D5154542D434C49454E542DEB
S3150000F1B04944006D71747400B30121080000000019
S3150000F1C00000000000000000000000000020000019
S3150000F1D01800000000000000000000002D2D2D2D5D
S3150000F1E02D424547494E20434552544946494341DD
S3150000F1F054452D2D2D2D2D0A4D4949456B6A434306
S3150000F200413371674177494241674954426E2B55F4
S3150000F21053696F6E7A6650367771347241666B4900
S3150000F22037726E45786A414E42676B71686B694703
S3150000F23039773042415173460A414443426D444551
S3150000F2404C4D416B474131554542684D4356564DED
S3150000F250784544414F42674E5642416754423046D4
S3150000F2607961587076626D4578457A415242674EAB
S3150000F2705642416354436C4E6A0A623352306332DB
S3150000F2805268624755784A54416A42674E5642412F
S3150000F2906F5448464E3059584A6D615756735A4313
S3150000F2A042555A574E6F626D3973623264705A58BE
S3150000F2B04D7349456C75597934780A4F7A41354210
S3150000F2C0674E5642414D544D6C4E3059584A6D6109
S3150000F2D05756735A4342545A584A3261574E6C63D2
S3150000F2E07942536232393049454E6C636E52705AD8
S3150000F2F06D6C6A5958526C494546310A64476876BE
S3150000F300636D6C3065534174494563794D42345899
S3150000F310445445314D4455794E5445794D444177D1
S3150000F3204D466F5844544D334D54497A4D544178A7
S3150000F3304D4441774D466F774F54454C0A4D416BCE
S3150000F340474131554542684D4356564D78447A41BA
S3150000F3504E42674E5642416F54426B46745958703E
S3150000F36076626A455A4D4263474131554541784D6B
S3150000F3705151573168656D397549464A760A623387
S3150000F3805167513045674D54434341534977445182
S3150000F390594A4B6F5A496876634E4151454242512C
S3150000F3A04144676745504144434341516F43676752
S3150000F3B04542414C4A346748484B654E586A0A6391
S3150000F3C061394867464230665737593134683239B1
S3150000F3D04A6C6F3931676859506C306841457672AE
S3150000F3E041497468744F675133704F737154514E6D
S3150000F3F0726F42766F3362534D6748467A5A4D0AAA
S3150000F400394F36494938632B367A663174526E3431
S3150000F4105357697733746535646A6764595A366B2E
S3150000F4202F6F49327065564B5675524634666E39A3
S3150000F43074426236644E71636D7A55354C2F71771E
S3150000F4400A4946414762487251674C4B6D2B612F02
S3150000F4507352786D5055446748334B4B484F566A44
S3150000F46034757457702B55686E4D4A62756C4868D2
S3150000F4706562346D6A55634177686D61685257619C
S3150000F480360A564F756A77354835534E7A2F3065AA
S3150000F49067774C583074644841313134676B39357D
S3150000F4A037455757363763346358386A4A474B4CA3
S3150000F4B068442B726364717371303870386B4469B9
S3150000F4C0314C0A39334663586D6E2F367055437981
S3150000F4D07A694B726C4134623976374C5749627897
S3150000F4E0636365564F463334476649443579484920
S3150000F4F039592F5143422F494944456745772B4F88
S3150000F50079516D0A6A675375624A72497167304369
S3150000F5104177454141614F4341544577676745749B
S3150000F5204D41384741315564457745422F7751461D
S3150000F5304D414D42416638774467594456523050E2
S3150000F5404151482F0A42415144416747474D423095
S3150000F55047413155644467515742425345474D79B7
S3150000F560464E4F7938444A53554C67685A6E4D6536
S3150000F570794545344B4344416642674E5648534DA0
S3150000F58045474441570A6742536358774466716753
S3150000F59048584D437334694B4B3462557163386830
S3150000F5A04752677A4234426767724267454642511C
S3150000F5B06342415152734D476F774C6759494B77B8
S3150000F5C05942425155480A4D414747496D68306492
S3150000F5D04841364C79397659334E774C6E4A7662C5
S3150000F5E033526E4D6935686257463662323530633E
S3150000F5F06E567A6443356A623230774F4159494BC9
S3150000F600775942425155480A4D414B474C4768305D
S3150000F610644841364C79396A636E5175636D397643
S3150000F620644763794C6D467459587076626E5279A8
S3150000F63064584E304C6D4E766253397962323930A9
S3150000F6405A7A4975593256790A4D443047413155EF
S3150000F65064487751324D4451774D7141776F433647
S3150000F660474C476830644841364C79396A636D7750
S3150000F67075636D3976644763794C6D467459587075
S3150000F68076626E527964584E300A4C6D4E766253ED
S3150000F6903979623239305A7A497559334A734D424B
S3150000F6A04547413155644941514B4D416777426762
S3150000F6B05945565230674144414E42676B71686BFB
S3150000F6C0694739773042415173460A41414F4341B8
S3150000F6D0514541596A6443584C77517454364C4CE1
S3150000F6E04F6B4D6D3278463467634165766E46578B
S3150000F6F04175354349772B37624D6C504C567655DC
S3150000F7004F544E4E57716E6B7A53570A4D69477078
S3150000F710534553726E4F3039744B707A6265522F6F
S3150000F720466F434A624D386F4178694452336D6A79
S3150000F73045483477573677377347446764395149B4
S3150000F7407075456466463741752F6D610A65794B5C
S3150000F750647077414A66717847463450636E435AFF
S3150000F760586D5441355970615037647265717358DC
S3150000F7704D477A374B513268735678613831513478
S3150000F780674C76372F776D70644C71424B0A625224
S3150000F79052596835546D4F5446666648504C6B490D
S3150000F7A06871684247574A36627432594647706EE6
S3150000F7B0366A6367414B556A36446941646A643404
S3150000F7C06C704677383568644B724345564E0A303E
S3150000F7D04645362F5631644E32524D666A43795647
S3150000F7E05352436E546177585A7758675748787919
S3150000F7F0766B5141695372367731306B59313752D6
S3150000F800536C514F596979706F6B314A5234550AAE
S3150000F810616B636A4D5339636D7671746D673569D3
S3150000F82055615171716354354E4A306847413D3DCB
S3150000F8300A2D2D2D2D2D454E442043455254494623
S3150000F84049434154452D2D2D2D2D0A0057656254EF
S3150000F8506F4D65736800004D657368546F57656238
S3150000F86000004661696C656420746F207374617270
S3150000F870742057692D466920636C69656E7420692A
S3150000F8806E746572666163653A203078256C780D12
S3150000F8900A000D0A57692D466920496E697420537E
S3150000F8A07563636573730D004661696C65642074E6
S3150000F8B06F206272696E672057692D466920636CF6
S3150000F8C069656E7420696E7465726661636520751C
S3150000F8D0703A203078256C780D0A000D0A57692D8C
S3150000F8E0466920436C69656E7420436F6E6E65636E
S3150000F8F07465640D0074696D652E676F6F676C655E
S3150000F9002E636F6D000D0A534E545020737461724E
S3150000F91074206661696C65643A203078256C580DF0
S3150000F9200A000D0A534E5450206765742074696DA1
S3150000F93065206661696C65643A203078256C580DDF
S3150000F9400A000D0A534E54502074696D653A2025FD
S3150000F950730D0A000D0A534E54502073746F7020B5
S3150000F9606661696C65643A203078256C580D0A002A
S3150000F9700D0A534E54502073796E63206661696C8C
S3150000F98065643A203078256C580D0A004661696C2A
S3150000F990656420746F2063726561746520617070A0
S3150000F9A06C69636174696F6E5F73746172742074DD
S3150000F9B0687265616421006170706C696361746965
S3150000F9C06F6E5F737461727420746872656164200F
S3150000F9D063726561746564207375636365737366CA
S3150000F9E0756C6C79004661696C656420746F206380
S3150000F9F07265617465206D7174745F6170706C6995
S3150000FA00636174696F6E5F73746172742074687277
S3150000FA106561642100000000310000000000000064
S3150000FA2000000000000000000600000084050180C0
S3150000FA3000000080000090200000000040A002208E
S3150000FA4000000000000000000000000000000000B0
S3150000FA500000000001F72008000000000000000080
S3150000FA600000000000000000002000001800000058
S3150000FA7000000000000000004D0D210800000000FD
S3150000FA800000000000000000000000000010000060
S3150000FA9037000000000000000000000049444C450B
S3150000FAA000546D725100546D72205376630000004D
S3150000FAB000000000000000008C5101005000000012
S3150000FAC0AD352008CD352008613720084537200898
S3150000FAD02D372008E53620089D36200849362008AF
S3150000FAE03D36200831362008FD352008F13520083E
S3150000FAF0E5352008D9352008004A030000410300F7
S3150000FB0000490300004B0300000A0605000B060629
S3150000FB100006060100070602002F020B0030020C49
S3150000FB200009020400060201001D0200001E020078
S3150000FB300019020002020A022F55736572732F61C3
S3150000FB40726D696E64656C6D6F2F53696D706C694B
S3150000FB506369747953747564696F2F53444B732FBB
S3150000FB6073696D706C69636974795F73646B5F3216
S3150000FB702F657874656E73696F6E2F776973656329
S3150000FB806F6E6E6563742F636F6D706F6E656E74E6
S3150000FB90732F6465766963652F73696C6162732F71
S3150000FBA073693931782F776972656C6573732F6164
S3150000FBB068625F696E746572666163652F737263EE
S3150000FBC02F7273695F68616C5F6D63755F6D345F1B
S3150000FBD0726F6D2E630025733A25733A25643A0DCC
S3150000FBE00A20494E56414C494420494E54455252EA
S3150000FBF0555054200D0A0D0A00736C695F6D345F11
S3150000FC00696E746572727570745F69737200000054
S3150000FC105A60010001000000010000000100000020
S3150000FC205960010001000000010000005860010059
S3150000FC3001000000010000000100000001000000BA
S3150000FC40010000005760010056600100010000003D
S3150000FC50556001005460010001000000526001007F
S3150000FC6001000000516001001A0000000F000000B2
S3150000FC70190000000200000021000000070000003B
S3150000FC80000000002F55736572732F61726D696EE7
S3150000FC9064656C6D6F2F53696D706C6963697479F7
S3150000FCA053747564696F2F53444B732F73696D706A
S3150000FCB06C69636974795F73646B5F322F657874FE
S3150000FCC0656E73696F6E2F77697365636F6E6E65A8
S3150000FCD063742F636F6D706F6E656E74732F6465DA
S3150000FCE0766963652F73696C6162732F7369393145
S3150000FCF0782F776972656C6573732F6168625F69C7
S3150000FD006E746572666163652F7372632F736C5FC1
S3150000FD1073693931785F6275732E630025733A25EE
S3150000FD20733A25643A0D0A20484541502045584803
S3150000FD3041555354454420445552494E4720414C61
S3150000FD404C4F434154494F4E200D0A0D0A0025736E
S3150000FD503A25733A25643A0D0A544120697320699D
S3150000FD606E206163746976652073746174650D0A2B
S3150000FD700D0A00736C695F73693931785F636F6E62
S3150000FD806669675F6D345F646D615F646573635F49
S3150000FD906F6E5F726573657400736C695F73693942
S3150000FDA031785F7375626D69745F72785F706B74BA
S3150000FDB0002F55736572732F61726D696E64656C81
S3150000FDC06D6F2F53696D706C6963697479537475BF
S3150000FDD064696F2F53444B732F73696D706C69633D
S3150000FDE06974795F73646B5F322F657874656E73BF
S3150000FDF0696F6E2F77697365636F6E6E6563742FB7
S3150000FE00636F6D706F6E656E74732F64657669636C
S3150000FE10652F73696C6162732F73693931782F7737
S3150000FE206972656C6573732F6D656D6F72792F6D71
S3150000FE30656D5F706F6F6C5F6275666665725F7128
S3150000FE40756F74612E630025733A25733A25643AFB
S3150000FE5051756F746120666F722062756666657291
S3150000FE602074797065732073686F756C64206265A1
S3150000FE702061746C656173742031300D0A00736CF7
S3150000FE805F73693931785F636865636B5F666F724C
S3150000FE905F76616C69645F636F6E666967002F5594
S3150000FEA0736572732F61726D696E64656C6D6F2F09
S3150000FEB053696D706C696369747953747564696F9D
S3150000FEC02F53444B732F73696D706C696369747932
S3150000FED05F73646B5F322F657874656E73696F6EDE
S3150000FEE02F77697365636F6E6E6563742F636F6DCD
S3150000FEF0706F6E656E74732F6465766963652F73B4
S3150000FF00696C6162732F73693931782F776972650D
S3150000FF106C6573732F736C5F6E65742F7372632FCA
S3150000FF20736C5F6E65745F73693931785F63616C9A
S3150000FF306C6261636B5F6672616D65776F726B2E63
S3150000FF40630025733A25733A25643A0D0A556E7394
S3150000FF507570706F72746564206576656E740D0ACF
S3150000FF600D0A00736C5F73693931785F6465666189
S3150000FF70756C745F68616E646C6572002F5573658D
S3150000FF8072732F61726D696E64656C6D6F2F536944
S3150000FF906D706C696369747953747564696F2F53F6
S3150000FFA0444B732F73696D706C69636974795F7301
S3150000FFB0646B5F322F657874656E73696F6E2F7729
S3150000FFC0697365636F6E6E6563742F636F6D706FB3
S3150000FFD06E656E74732F6465766963652F73696CDD
S3150000FFE06162732F73693931782F776972656C6531
S3150000FFF073732F736C5F6E65742F7372632F736CDC
S315000100005F6E65745F73693931785F696E746567B0
S31500010010726174696F6E5F68616E646C65722E637E
S315000100200025733A25733A25643A44726F707069F4
S315000100306E67206D71747420636C69656E742065DA
S3150001004076656E742C205369393178204576656E54
S31500010050743A202568750D0A0025733A25733A25E9
S31500010060643A44726F7070696E67206D71747420A2
S31500010070646973636F6E6E656374206576656E740D
S315000100803A202568750D0A0025733A25733A2564C9
S315000100903A736C695F68616E646C655F6D717474E7
S315000100A05F636C69656E745F6173796E63685F65C2
S315000100B076656E74733A206576656E742025780DC3
S315000100C00A0025733A25733A25643A3E3C3C3C3C8A
S315000100D020476F74206E6574206576656E74203ACC
S315000100E02025750A0D0A0025733A25733A25643AC7
S315000100F00D0A3E3E3E2048545450204576656E74A6
S315000101002072656365697665643A202575203C3CF5
S315000101103C0D0A0D0A00736C695F68616E646C655B
S315000101205F6D7174745F636C69656E745F61737919
S315000101306E63685F6576656E747300736C5F6E657A
S31500010140745F73693931785F6576656E745F64696A
S315000101507370617463685F68616E646C6572002FA9
S3150001016055736572732F61726D696E64656C6D6F1F
S315000101702F53696D706C6963697479537475646919
S315000101806F2F53444B732F73696D706C6963697478
S31500010190795F73646B5F322F657874656E73696F0F
S315000101A06E2F77697365636F6E6E6563742F636F08
S315000101B06D706F6E656E74732F6465766963652FF6
S315000101C073696C6162732F73693931782F7769723C
S315000101D0656C6573732F736F636B65742F737263CD
S315000101E02F736C5F73693931785F736F636B6574F5
S315000101F05F7574696C6974792E630025733A25738A
S315000102003A25643A0D0A20494E56414C4944205339
S31500010210454C4543542049440D0A0D0A00736C6947
S315000102205F73693931785F736F636B65745F657688
S31500010230656E745F68616E646C6572002F557365D7
S3150001024072732F61726D696E64656C6D6F2F536980
S315000102506D706C696369747953747564696F2F5332
S31500010260444B732F73696D706C69636974795F733D
S31500010270646B5F322F657874656E73696F6E2F7765
S31500010280697365636F6E6E6563742F636F6D706FEF
S315000102906E656E74732F6465766963652F73696C19
S315000102A06162732F73693931782F776972656C656D
S315000102B073732F7372632F736C5F7273695F7574D7
S315000102C0696C6974792E630025733A25733A25643E
S315000102D03A52534E204F554920253032783A25302F
S315000102E032783A253032782E0A0D0A0025733A25DE
S315000102F0733A25643A506169727769736520636957
S315000103007068657220737569746520636F756E74A4
S315000103103A2025752E0A0D0A0073693931785F6115
S3150001032073796E635F72785F6576656E7400717559
S315000103306575652D3E7461696C203D3D204E554CB9
S315000103404C00736C695F73693931785F72656D6FE3
S3150001035076655F6275666665725F66726F6D5F71FF
S31500010360756575655F62795F636F6D7061726174E2
S315000103706F7200736C695F73693931785F666C758A
S3150001038073685F736F636B65745F636F6D6D616EC9
S31500010390645F7175657565735F62617365645F6FCF
S315000103A06E5F71756575655F7479706500736C69EB
S315000103B05F70726F636573735F736F636B65745F91
S315000103C0636C6F736500736C695F70726F636573DD
S315000103D0735F72736E5F656C656D656E7400000F99
S315000103E0AC0050F271756575652D3E6865616420D6
S315000103F03D3D204E554C4C002F55736572732F6150
S31500010400726D696E64656C6D6F2F53696D706C6981
S315000104106369747953747564696F2F53444B732FF1
S3150001042073696D706C69636974795F73646B5F324C
S315000104302F657874656E73696F6E2F77697365635F
S315000104406F6E6E6563742F636F6D706F6E656E741C
S31500010450732F6465766963652F73696C6162732FA7
S3150001046073693931782F776972656C6573732F7388
S3150001047072632F736C5F73693931785F6472697661
S3150001048065722E6300736C695F73693931785F70C9
S315000104906F705F66726F6D5F6275666665725F71BA
S315000104A07565756500736C695F73693931785F616C
S315000104B07070656E645F746F5F6275666665725FA4
S315000104C07175657565000404040204000A0A0A00D0
S315000104D0500600000000000001002A09000100008A
S315000104E001000000310000002F55736572732F6102
S315000104F0726D696E64656C6D6F2F53696D706C6991
S315000105006369747953747564696F2F53444B732F00
S3150001051073696D706C69636974795F73646B5F325B
S315000105202F657874656E73696F6E2F77697365636E
S315000105306F6E6E6563742F636F6D706F6E656E742B
S31500010540732F6465766963652F73696C6162732FB6
S3150001055073693931782F776972656C6573732F7397
S3150001056072632F736C5F73693931785F6874747065
S315000105705F636C69656E745F63616C6C6261636B0A
S315000105805F6672616D65776F726B2E630025733AD4
S3150001059025733A25643A0D0A3E3E3E202573203ADC
S315000105A0202578203C3C3C0D0A0D0A00736C695FDE
S315000105B0687474705F636C69656E745F64656661A7
S315000105C0756C745F6576656E745F68616E646C6583
S315000105D0720054544C530046415354005045415007
S315000105E0004C4541500022617574683D4D534348A6
S315000105F04150563222002F55736572732F61726D09
S31500010600696E64656C6D6F2F53696D706C69636992
S31500010610747953747564696F2F53444B732F7369DF
S315000106206D706C69636974795F73646B5F322F6592
S315000106307874656E73696F6E2F77697365636F6E14
S315000106406E6563742F636F6D706F6E656E74732F55
S31500010650736572766963652F6D7174742F73693969
S3150001066031782F736C5F6D7174745F636C69656E3D
S31500010670742E630025733A25733A25643A4D515415
S315000106805420636C69656E7420696E7374616E6360
S3150001069065206E6F7420696E697469616C697A652B
S315000106A064207965740A0D0A002F00494E464F00F1
S315000106B00D0A25732025733A25643A203078256C76
S315000106C075200D0A0025733A25733A25643A0D0AF9
S315000106D0574C414E20646973636F6E6E6563746532
S315000106E0642E204E6F206E65656420746F206361F1
S315000106F06C6C2074686520646973636F6E6E6563E4
S315000107007420616761696E2E0D0A0D0A0025733A20
S3150001071025733A25643A4661696C656420746F20D5
S31500010720646973636F6E6E656374207468652063B4
S315000107306C69656E74206166746572206661696CA8
S31500010740656420636F6E6E656374696F6E20617494
S3150001075074656D70742E2055736572206E656564BF
S315000107607320746F2063616C6C20646973636F6EB0
S315000107706E656374206578706C696369746C792E33
S315000107800D0A0025733A25733A25643A556E61625E
S315000107906C6520746F2066696E642073756273637D
S315000107A072697074696F6E3A2044726F7070696E07
S315000107B067204D515454206D6573736167652068D8
S315000107C0616E646C696E670D0A0025733A25733A8A
S315000107D025643A0D0A466C757368206E6F646573FD
S315000107E0206661696C6564205374617475733A257A
S315000107F06C640D0A0D0A0025733A25733A25643A8D
S315000108004661696C656420746F20646973636F6EF9
S315000108106E6563742074686520636C69656E742007
S3150001082061667465722072656D6F74652074657298
S315000108306D696E6174696F6E2E2055736572206ED7
S315000108406565647320746F2063616C6C20646973E1
S31500010850636F6E6E656374206578706C6963697425
S315000108606C790D0A00000401050203736C695F735C
S31500010870693931785F68616E646C655F6469736359
S315000108806F6E6E65637465645F6576656E7400731D
S315000108906C695F73693931785F68616E646C655F35
S315000108A06D6573736167655F7265636569766564B6
S315000108B05F6576656E7400736C695F73693931784B
S315000108C05F68616E646C655F636F6E6E65637465A8
S315000108D0645F6576656E7400736C695F736939313F
S315000108E0785F72656D6F76655F616E645F6672656E
S315000108F0655F616C6C5F737562736372697074694D
S315000109006F6E7300736C5F6D7174745F636C696590
S315000109106E745F636F6E6E65637400003100000074
S3150001092000000000000100000600000001000000B8
S3150001093010000080000000800000902000000000F0
S3150001094000000000000000000000000000000000A0
S31500010950000000000000000031000000000000005F
S31500010960000100000000000081000000040D088065
S3150001097000000080000090280000000000A1000097
S315000109800000000000000000000000000000000060
S315000109900000000041726D696E0000000000000059
S315000109A00000000000000000000000000000000040
S315000109B0000000002F55736572732F61726D696EA9
S315000109C064656C6D6F2F53696D706C6963697479B9
S315000109D053747564696F2F53444B732F73696D702C
S315000109E06C69636974795F73646B5F322F657874C0
S315000109F0656E73696F6E2F77697365636F6E6E656A
S31500010A0063742F636F6D706F6E656E74732F73658C
S31500010A1072766963652F6E6574776F726B5F6D6150
S31500010A206E616765722F7372632F736C695F6E6592
S31500010A30745F636F6D6D6F6E5F7574696C697479E0
S31500010A402E630025733A25733A25643A4661696C2B
S31500010A50656420746F207465726D696E61746520BA
S31500010A606E6574776F726B206D616E61676572205A
S31500010A707468726561640A0D0A0025733A25733A32
S31500010A8025643A4661696C656420746F2064656CFF
S31500010A90657465206E6574776F726B206D616E612A
S31500010AA0676572206D65737361676520717565751C
S31500010AB0650A0D0A0025733A25733A25643A46619B
S31500010AC0696C656420746F2064656C65746520616A
S31500010AD075746F2D6A6F696E206576656E74206612
S31500010AE06C61670A0D0A0025733A25733A25643A43
S31500010AF00D0A4661696C656420746F206765742010
S31500010B00706572666F726D616E63652070726F6675
S31500010B10696C653A203078256C780D0A0D0A002536
S31500010B20733A25733A25643A0D0A537563636573FF
S31500010B307320746F207365742075702057692D4674
S31500010B406920666F722050726F66696C6520494430
S31500010B502025640D0A0D0A0025733A25733A25648A
S31500010B603A0D0A4661696C656420746F2073657479
S31500010B702075702057692D466920666F7220507264
S31500010B806F66696C652049442025643A20307825D2
S31500010B906C780D0A0D0A0025733A25733A25643AD5
S31500010BA00D0A5265747279696E6720746F207365D8
S31500010BB0742075702057692D46692E2E2E0D0A0D4B
S31500010BC00A0025733A25733A25643A0D0A20436FC4
S31500010BD06E6E6563746564206173796E6368726FA6
S31500010BE06E6F75736C790D0A0D0A0025733A2573BC
S31500010BF03A25643A4661696C656420746F206372B4
S31500010C0065617465206175746F2D6A6F696E206503
S31500010C1076656E7420666C61672E0A0D0A0025736F
S31500010C203A25733A25643A4661696C656420746FA6
S31500010C3020637265617465206E6574776F726B20CF
S31500010C406D616E61676572206D657373616765209D
S31500010C5071756575652E0A0D0A0025733A25733A75
S31500010C6025643A4661696C656420746F2063726518
S31500010C70617465206E6574776F726B206D616E614C
S31500010C80676572207468726561642E0A0D0A002513
S31500010C90733A25733A25643A4661696C6564207432
S31500010CA06F20636F6E6E65637420746F2057692DB4
S31500010CB04669206E6574776F726B2E0A0D0A0025E0
S31500010CC0733A25733A25643A4175746F2D6A6F69D3
S31500010CD06E2070726F6365737320636F6D706C65E0
S31500010CE07465642E0A0D0A0025733A25733A256444
S31500010CF03A4175746F2D6A6F696E2070726F636504
S31500010D007373206661696C65642E0A0D0A00736C43
S31500010D10695F617474656D70745F636F6E6E656330
S31500010D2074696F6E5F746F5F70726F66696C6573FD
S31500010D3000736C695F636F6E6E6563745F746F5F7A
S31500010D40736F727465645F776966695F70726F66E7
S31500010D50696C657300736C695F6765745F69746557
S31500010D60726174655F70726F66696C65735F636FDC
S31500010D70756E7400736C695F6E6574776F726B5F05
S31500010D806D616E616765725F6576656E745F6861D8
S31500010D906E646C657200736C695F68616E646C6524
S31500010DA05F6175746F5F6A6F696E00736C695F630B
S31500010DB06C65616E75705F6175746F5F6A6F696E80
S31500010DC0006E6574776F726B5F6D616E61676572D8
S31500010DD05F7175657565006E6574776F726B5F6DB2
S31500010DE0616E616765720000C11D21080000000087
S31500010DF000000000000000000000000000000000EC
S31500010E00D71D2108000000000000000000000000BE
S31500010E1000000000000900001800000000000000AA
S31500010E20000000002F55736572732F61726D696E34
S31500010E3064656C6D6F2F53696D706C696369747944
S31500010E4053747564696F2F53444B732F73696D70B7
S31500010E506C69636974795F73646B5F322F6578744B
S31500010E60656E73696F6E2F77697365636F6E6E65F5
S31500010E7063742F636F6D706F6E656E74732F736C11
S31500010E80695F73693931785F776966695F65766528
S31500010E906E745F68616E646C65722F7372632F7313
S31500010EA06C695F73693931785F776966695F657601
S31500010EB0656E745F68616E646C65722E630025737E
S31500010EC03A25733A25643A0D0A204255535F575223
S31500010ED04954455F4552524F52200D0A0D0A0025CD
S31500010EE0733A25733A25643A3C3E3E3E3E20547899
S31500010EF0202D3E2071756575654964203A2025755A
S31500010F002C206672616D654964203A203078257817
S31500010F102C206C656E677468203A2025750A0D0AC7
S31500010F200025733A25733A25643A3E3C3C3C3C2005
S31500010F305278202D3E2071756575654964203A20E9
S31500010F4025752C206672616D654964203A203078DA
S31500010F5025782C206672616D655374617475733AD8
S31500010F6020307825782C206C656E677468203A20CD
S31500010F7025750A0D0A0025733A25733A25643A52F6
S31500010F80617720446174610A0D0A00736C695F63BD
S31500010F9072656174655F67656E657269635F7278B4
S31500010FA05F7061636B65745F66726F6D5F706172AE
S31500010FB0616D73006275735F77726974655F6461F1
S31500010FC074615F6672616D65006275735F777269E0
S31500010FD074655F6672616D6500736C695F7369390B
S31500010FE031785F776966695F68616E646C655F72A7
S31500010FF0785F6576656E747300736C695F77696691
S31500011000695F636F6D6D616E645F656E67696E655D
S31500011010002C2066756E6374696F6E3A20006173E9
S3150001102073657274696F6E20222573222066616969
S315000110306C65643A2066696C6520222573222C2032
S315000110406C696E65202564257325730A00494E4631
S3150001105000696E66004E414E006E616E00300030D2
S315000110603132333435363738394142434445460007
S315000110703031323334353637383961626364656607
S315000110800000202020202020202020282828282871
S315000110902020202020202020202020202020202049
S315000110A020208810101010101010101010101010A1
S315000110B010100404040404040404040410101010A1
S315000110C0101010414141414141010101010101015C
S315000110D001010101010101010101010101101010CC
S315000110E0101010424242424242020202020202022F
S315000110F0020202020202020202020202021010109F
S3150001110010200000000000000000000000000000A8
S3150001111000000000000000000000000000000000C8
S3150001112000000000000000000000000000000000B8
S3150001113000000000000000000000000000000000A8
S315000111400000000000000000000000000000000098
S315000111500000000000000000000000000000000088
S315000111600000000000000000000000000000000078
S315000111700000000000000000000000000000000068
S315000111800000496E66696E697479004E614E0052BF
S3150001119045454E54206D616C6C6F632073756363B6
S315000111A06565646564002F566F6C756D65732F6494
S315000111B06174612F6A656E6B696E732F776F726BDF
S315000111C073706163652F474E552D746F6F6C63683D
S315000111D061696E2F61726D2D31322F7372632F6EBD
S315000111E065776C69622D63796777696E2F6E6577AE
S315000111F06C69622F6C6962632F7374646C69622F08
S3150001120064746F612E630042616C6C6F6320737549
S315000112106363656564656400232D302B2000686C6B
S315000112204C00656667454647002F566F6C756D65C0
S31500011230732F646174612F6A656E6B696E732F77A4
S315000112406F726B73706163652F474E552D746F6FA7
S315000112506C636861696E2F61726D2D31322F737205
S31500011260632F6E65776C69622D63796777696E2F77
S315000112706E65776C69622F6C6962632F7374646C37
S3150001128069622F6D707265632E63000005000000B0
S31500011290190000007D0000000080E03779C341435A
S315000112A0176E05B5B5B89346F5F93FE9034F384DC5
S315000112B0321D30F94877825A3CBF737FDD4F157571
S315000112C0000000000000F03F000000000000244084
S315000112D000000000000059400000000000408F405F
S315000112E0000000000088C34000000000006AF840CA
S315000112F00000000080842E4100000000D0126341EE
S315000113000000000084D797410000000065CDCD4163
S31500011310000000205FA00242000000E87648374244
S31500011320000000A2941A6D42000040E59C30A242E2
S315000113300000901EC4BCD64200003426F56B0C4357
S315000113400080E03779C3414300A0D88557347643FE
S3150001135000C84E676DC1AB43003D9160E458E1435F
S31500011360408CB5781DAF154450EFE2D6E41A4B44D4
S3150001137092D54D06CFF08044F64AE1C7022DB54419
S31500011380B49DD9794378EA444300504F53495800F4
S315000113907F490278D1F80035F0B502F001024478B0
S315000113A0877CC57CDFF8E8E123F4802343EA8243A6
S315000113B0C1F80035427F017804F001039B0012F069
S315000113C00F0643EA91134FEAC3431FBFC7F3021C3B
S315000113D043EA8C2305F0030C4FEA4C0C1CBF4CEA84
S315000113E0D71C43EACC13DEF89CC42CF4601C08BF5E
S315000113F043F410632CF4FC5C43EA0C0CCEF89CC459
S31500011400DFF8A0C1ACF80030C3F3C21CC3F38223DA
S31500011410042B98BF0133BCF1000F00F0B080BCF182
S31500011420010F00F0AF80ACF1020EBEF1020F01D840
S315000114300CF1010C9B0243EACC13DFF86CC1ACF84A
S315000114400030534BD3F8ACC4C1F344012CF01F0C4C
S3150001145041EA0C01C3F8AC14D3F8101421F4FE1CB4
S31500011460817801F00301490141EAD4014CEA813155
S31500011470C3F81014D3F80414847821F4FC11A408D9
S3150001148041EAC431C3F80414D3F80814447C07F0C4
S315000114900F077F0047EAD41721F4F81141EA074103
S315000114A0C3F80814D3F80C1484793A4F640821F46C
S315000114B0FE1141EA8431C3F80C14D3F83814C47907
S315000114C021F4F03104F00F0441EA4431C3F8381431
S315000114D0D3F81414047A21F4FE1104F07F0441EACE
S315000114E08431C3F81414C37A847AD7F808155B00DB
S315000114F043EAD413047B21F47F7104F0010421F043
S31500011500030143EA44230B432349C7F80835234C17
S31500011510D1F834740123C1F83434D4F8103A23F0E5
S315000115200F0343EA1513C4F8103AC1F8347466B3CD
S3150001153002F00F0252041A4990F82440D1F84037BC
S3150001154023F4F0131A43C1F84027D1F87C27837F8F
S3150001155022F00F02C3F383031343C1F87C3790F8DB
S315000115602530D1F8482703F007035B0022F4F03257
S3150001157043EAD41342EA4333C1F84837F0BD4FF08A
S31500011580020C57E74FF0000C54E74FF4C012D2E7B4
S3150001159000A0052400800424001004240030042443
S315000115A0008005242A510100285101000000000095
S315000115B00000000000000000000000000000000024
S315000115C00000000000000000000000000000000014
S315000115D00000000000000000000000000000000004
S315000115E000000000000000000000000000000000F4
S315000115F000000000000000000000000000000000E4
S3150001160000000000000000000000000000000000D3
S3150001161000000000000000000000000000000000C3
S3150001162000000000000000000000000000000000B3
S3150001163000000000000000000000000000000000A3
S315000116400000000000000000000000000000000093
S315000116500000000000000000000000000000000083
S315000116600000000000000000000000000000000073
S315000116700000000000000000000000000000000063
S315000116800000000000000000000000000000000053
S315000116900000000000000000000000000000000043
S315000116A00000000000000000000000000000000033
S315000116B00000000000000000000000000000000023
S315000116C00000000000000000000000000000000013
S315000116D00000000000000000000000000000000003
S315000116E000000000000000000000000000000000F3
S315000116F000000000000000000000000000000000E3
S3150001170000000000000000000000000000000000D2
S315000117100000000000000000F8B500BFF8BC08BCDE
S315000117209E467047F8B500BFF8BC08BC9E46704798
S315000117304D7500000101000057082108090000004D
S31500011740260121082D000000000000000000010014
S3150001175001000000940121081E290000000000007C
S315000117600000000000000000000000000000B3229D
S31500011770010010271027000037000000AAAAAAAA14
S31500011780008007240A000000001C06240000034410
S315000117902100000000FC0200891F0000001804243B
S315000117A00C0000000000000000000000D8550100F8
S315000117B000000000040B2108000B2108FC0A210887
S315000117C0F80A2108000000000000000000000000E7
S315000117D0000000000000000000000000891F00005A
S315000117E00000024527000000000000000000000084
S315000117F00856010000000000140B2108100B2108F7
S315000118000C0B2108080B2108000000000000000055
S3150001181000000000010000000000000000000000C0
S315000118209FFF1F000000004426000000000000008A
S315000118300000000038560100300B21082C0B21084E
S31500011840280B2108240B2108200B21081C0B210839
S31500011850180B210800000000010000000000000034
S315000118600000000000050400010000000001000165
S315000118700002030001000000000101000000000059
S315000118800000000000000000000000000000000051
S3150001189000000000000000000000000028230000F6
S315000118A00000000000000000000000000000000031
S315000118B00000000000000000000000000000000021
S315000118C00000000000000000000000000000000011
S315000118D00000000000000000000000000000000001
S315000118E000000000000000000000000000000000F1
S315000118F000000000000000000000000000000000E1
S3150001190000000000000000000000000000000000D0
S3150001191000000000000000000000000000000000C0
S3150001192000000000000000000000000000000000B0
S3150001193000000000000000000000000000000000A0
S315000119400000000000000000000000000000000090
S315000119500000000000000000000000000000000080
S315000119600000000000000000000000000000000070
S31500011970000000000000000000000000010000005F
S315000119800000000000000000000000000000000050
S315000119900000000000000000000000000000000040
S315000119A00000000000000000000000000000000030
S315000119B00000000000000000000000000000000020
S315000119C00000000000000000000000000000000010
S315000119D00000000000000000000000000000000000
S315000119E000000000000000000000000000000000F0
S315000119F000000000000000000000000000000000E0
S31500011A0000000000000000000000000000000000CF
S31500011A1000000000000000000000000001010000BD
S31500011A2000FC0200001C0624E0050000D4050000AD
S31500011A30985E0100205E0100011F1FFF0100FFFFEC
S31500011A4001000000E80300000202FFFFFFFFFFFFA5
S31500011A50000001000C006561737970617373776F23
S31500011A607264000000000000000000000000000099
S31500011A70000000000000000000000000000000005F
S31500011A80000000000000000000000000000000004F
S31500011A90000000000000000000000000000000003F
S31500011AA0000000000000000000000000000000002F
S31500011AB0000000000000000000000000000000001F
S31500011AC0000000000000000000000000000000000F
S31500011AD000000000000000000000000000000000FF
S31500011AE000000000000000000000000000000000EF
S31500011AF000000000000000000000000000000000DF
S31500011B0000000000000000000000000000000000CE
S31500011B100000000000000000000001000C006561EB
S31500011B20737970617373776F72640000000000004F
S31500011B30000000000000000000000000000000009E
S31500011B40000000000000000000000000000000008E
S31500011B50000000000000000000000000000000007E
S31500011B60000000000000000000000000000000006E
S31500011B70000000000000000000000000000000005E
S31500011B80000000000000000000000000000000004E
S31500011B90000000000000000000000000000000003E
S31500011BA0000000000000000000000000000000002E
S31500011BB0000000000000000000000000000000001E
S31500011BC0000000000000000000000000000000000E
S31500011BD000000000000000000000000000000000FE
S31500011BE000000000000000000300000088650100FD
S31500011BF0480A00000000000088650100F065010048
S31500011C00586601000000000000000000000000000E
S31500011C1000000000000000000000000000000000BD
S31500011C2000000000000000000000000000000000AD
S31500011C30000000000000000000000000000000009D
S31500011C40430000000000000000000000000000004A
S31500011C50000000000000000000000000000000007D
S31500011C60430000000000000000000000000000002A
S31500011C70000000000000000000000000000000005D
S31500011C80430000000000000000000000000000000A
S31500011C90000000000000000000000000000000003D
S31500011CA043000000000000000000000000000000EA
S31500011CB0000000000000000000000000000000001D
S31500011CC043000000000000000000000000000000CA
S31500011CD000000000000000000000000000000000FD
S31500011CE043000000000000000000000000000000AA
S31500011CF000000000000000000000000000000000DD
S31500011D004300000000000000000000000000000089
S31500011D1000000000000000000000000000000000BC
S31500011D2095F1200861F120080000000081202108BA
S31500011D3023F520084D0D21084D0D21084D0D2108D3
S31500011D404D0D21084D0D21084D0D21084D0D210880
S31500011D504D0D21084D0D2108FFFFFFFFFFFFFFFF7E
S31500011D60FFFFFFFFFFFF0000010041534349490008
S31500011D70000000000000000000000000000000005C
S31500011D8000000000000000000000415343494900E3
S31500011D90000000000000000000000000000000003C
S31500011DA000000000000000000000000008B572B647
S31500011DB0012809D1202000F031F80F4AD2F87031FC
S31500011DC09806FBD462B608BD022808D1402000F06F
S31500011DD025F8094AD2F870315906FBD4F2E70328EF
S31500011DE0F0D14FF4807000F019F8034AD2F870313F
S31500011DF0DB05FBD4E6E700BF00800046054B06483D
S31500011E000422C3F86C2100684FF0FF33002202213F
S31500011E1003F0BBBB008000461C5F0100014BC3F809
S31500011E206C01704700800046014BC3F8780170478A
S31500011E3000800046064B0748196810B505F0ECF915
S31500011E40044618B94FF4806005F0DEF9204610BD4E
S31500011E50205F0100245F010037B52A4CD4F8803198
S31500011E605D070DD5284B0221186803F032FB0423C8
S31500011E70264AC4F88031C2F89030002003B030BD44
S31500011E80D4F88031980705D5FFF7D4FF0028F5D19E
S31500011E900223EDE7D4F88031D9050DD54FF48075CD
S31500011EA0C4F878514FF4804005F0AEF9174BC4F8E9
S31500011EB08051C3F89050E0E7D4F880319A0604D5F2
S31500011EC00220FFF773FF2023D2E7D4F880311B06E7
S31500011ED004D50320FFF76AFF8023C9E7D4F88031D0
S31500011EE013F0100304D00120FFF760FF1023BFE7B2
S31500011EF00093074A074908484FF49D7306F0FAF81C
S31500011F0000BEBAE7008000461C5F010000000541E3
S31500011F10F90B2108380B2108D60B2108024B5B6807
S31500011F20DBB203800020704700000541064BD3F861
S31500011F30742142F00102C3F87421D3F87421120707
S31500011F40FBD50020704700BF00800046034AD2F847
S31500011F50743123F00103C2F87431704700800046E2
S31500011F600B4BD3F8742142F00102C3F87421D3F864
S31500011F7074211207FBD5C3F86C01D3F880211042F6
S31500011F80FBD0C3F88001034BC3F89000FFF7DEBF17
S31500011F90008000460000054110B5114C23786BB94D
S31500011FA0104AD2F880319B0509D54FF40073C2F867
S31500011FB080310D4AC2F890300123237010BD05F01F
S31500011FC085FC40B14FF40070FFF7CAFF4FF4006083
S31500011FD0FFF7C6FFF0E7054B01221A70ECE700BFD9
S31500011FE0185F01000080004600000541195F0100ED
S31500011FF008B5074B1B784BB14FF40070FFF7B0FFE4
S31500012000BDE808404FF40060FFF7AABF08BD00BF56
S31500012010195F0100FFF720BF10B5034C206810B906
S3150001202003F041FA206010BD1C5F0100407A0A7876
S31500012030131A5842584170472DE9F04F85B00546AD
S31500012040ADF806300F9BDDF838800C461646002B9E
S315000120504DD000284BD0002949D003F087F9DFF88D
S315000120609CA0002307460393434534BFA8EB030313
S31500012070002302223146204603F087FA0330012865
S3150001208038D906F03FF803AB834652460DF10601F7
S31500012090284605F021FC814688B9284605F0E6FB6D
S315000120A018B93146204603F045FA584606F01EF89F
S315000120B00F9B039A1A60484605B0BDE8F08F1B28AE
S315000120C00BD13146204603F035FA584606F00EF894
S315000120D0384605F093F80346C6E7584606F006F873
S315000120E0B9F12D0FF4D1022003F0CFF9F0E74FF04B
S315000120F02209E0E74FF00709DDE700BF810E000086
S3150001210073B50D460221064605F0B0FF044630B907
S3150001211001460DF10602306805F0B8FF2860204639
S3150001212002B070BD014B1888704700BF92080000CD
S3150001213051B1C20704D5074B1B780B7000207047BD
S31500012140830703D5044BF7E72220704740F6363064
S31500012150704700BF9C0800009D08000038B5044682
S315000121600D4605F0CFFF636873B9236833B1074B9A
S31500012170074A084840F6042105F074FF25606560AA
S31500012180BDE8384005F0B2BF1D60F8E7E413210849
S31500012190A5142108F81321082DE9F04F89B01D4631
S315000121A000230493ADF80E3081460E4617464FF4D0
S315000121B07A73182204A905A8DDF84C80FFF7A0FF61
S315000121C0044618B1384605F0ADFF3DE0002D3FD07D
S315000121D0B8F1000F3ED06B0F03F0020343F0010389
S315000121E0B9F11C0F06D8524A22FA09F2D20748BFA2
S315000121F043F00803049C4F4AA371925D129BE3606E
S3150001220022712760667103F0B1F8002DACBF25F08D
S3150001221080434FF0FF33236160614FF0440A464C1F
S315000122200AFB06FA04EB0A0905F06CFF99F840303F
S3150001223083468BB9384605F075FF059805F072FFA0
S31500012240584605F053FF1124204609B0BDE8F08F2A
S315000122502B46C5E70123C3E7384A13787B72591C1D
S31500012260117005998DF80D304B7200230B604846AD
S31500012270FFF774FF324A01201368B040034313602D
S3150001228004F0C2FF584605F031FF002D4DD0ACBF1A
S3150001229025F080454FF0FF3506ABCDE900532949BE
S315000122A09DF80D30096805360AF10800012220441F
S315000122B0B240FFF7C1FE0728044612D1224A07ABF6
S315000122C00DF10D01484605F007FB02460028BBD17A
S315000122D00146079805F0DAFE006805F023FF079826
S315000122E071E70028B0D1069E01460DF10E02304677
S315000122F005F0CCFE0589B8F1000F0FD00368C8F8C8
S315000123000030304605F00EFF0DB145F480340F4B19
S3150001231022461978002005F0E1FE95E783799B07AF
S31500012320EFD5006805F0FEFEEBE705248CE700BF5C
S3150001233000002110C6142108346001009A610100D1
S315000123407865010090610100810E00008F08000090
S3150001235004292DE9FF4106460F4690461C462BD817
S315000123604FF47A7304F1100203A902A8FFF7C8FE1D
S31500012370F8B9039D01461022284605F067FEB8F11B
S31500012380000F05D02246414605F1100005F0A2FED8
S315000123909DF834306B71C4F30B040C9B2C806E805A
S315000123A001930B9B0093029A0A9B39463046FFF72D
S315000123B0F3FE04B0BDE8F0812720FAE72DE9FF41DD
S315000123C01C460646884617464FF47A7304F11002F6
S315000123D003A902A8FFF794FE08BB039D014610223C
S315000123E0284605F033FE2FB12246394605F1100085
S315000123F005F070FE102E08BF6B696E8004BF43F4B2
S3150001240080336B61C4F30B040C9B2C8001930B9BF3
S315000124100093029A0A9B41463046FFF7BDFE04B07F
S31500012420BDE8F08170B40429DDE90345059E05D8B0
S31500012430CDE90456039470BCFFF7C0BF272070BCDA
S315000124407047000070B588B005468DF81710002159
S31500012450079158B3174B1B7853B307ABCDE901135B
S31500012460154B00930DF117020123A020FFF7A6FFDC
S31500012470079E044650B902460146304605F006FE5F
S31500012480028842B9304605F04DFE01E0002EF9D131
S31500012490204608B070BD9DF817300BB1012BF1D164
S315000124A000F11001284605F015FEEBE72224EFE7BF
S315000124B01124EDE7F0610100983A00402DE9F04F53
S315000124C0ADF21C6D81468A461746002140F2FE5246
S315000124D006A8984605F0BAFD214B1B78002B3DD086
S315000124E000264446B34640F2FE52002106A805F0F6
S315000124F0ADFD84B340F2F1439C4299BFA5B20023DE
S31500012500012340F2F2453FB12A46B9190DF19E0069
S31500012510059305F0DFFD059B8DF81B3040F6B833BA
S315000125200093CDE901BB05F1860306AA01214D20E1
S315000125302E44641BADF818808DF81A908DF81EA0F4
S31500012540ADF81C50FFF73AFF08B9002CCBD10DF2BC
S315000125501C6DBDE8F08F23462546DDE71120F6E721
S31500012560F06101007FB503284FF000030A46059389
S3150001257012D8012101FA00F0CDE9013347F2945353
S315000125800490ADF81420009304AA0823EA20FFF76B
S3150001259015FF07B05DF804FB2120FAE710B500230B
S315000125A086B0CDE9013340F6B8330093012300F13B
S315000125B00802194604461120FFF700FF03460028CA
S315000125C048D1A389062B1BD1002340F6B834CDE9A7
S315000125D001331A46009401211220FFF7EFFE03464C
S315000125E0002837D11D4A009410680590CDE90133C2
S315000125F005AA04230121BE20FFF7E0FE034629E0D8
S31500012600174C21884FF6FF7399421DD161884FF609
S31500012610FF73994204D00020FFF7A4FF0346C8B90F
S31500012620A1884FF6FF73994204D00220FFF79AFF63
S31500012630034678B9E1880029C6D00320FFF792FF47
S3150001264003460028C0D005E00120FFF78BFF0346B3
S315000126500028DBD0184606B010BD00BFD8142108EB
S315000126609E0800002DE9F0438BB00023CDE9043329
S315000126700693C38990F80080012B054600F013816B
S3150001268080892A7A8C4F062814BF01230223012A46
S315000126903B701BD0022A03D02AB943F0040301E0A0
S315000126A043F00C033B70854B854E1960337883B13B
S315000126B0844B1B88092B40F0F880092800F0D6804E
S315000126C04FF4366420460BB0BDE8F08343F00803AF
S315000126D0E8E76A697C4B1340002B40F0E8807B48B1
S315000126E005F0F4FC04460028ECD1794B0493794BB0
S315000126F0059304A82B788DF8183005F0E3FC044601
S315000127000028DFD104F020FD04460028DAD105F0C7
S31500012710C3F804460028D5D100F022F90446002862
S31500012720D0D1DFF8CC9199F80030002B00F0A080D1
S3150001273095F83810404605F081FC04460028C1D1C1
S3150001274089F8000004F022FA04460028BAD105F0FF
S3150001275071FC04F0F1FB50B141F28831202005F003
S315000127608BF8830640F1A580204604F0DFFB0021AB
S3150001277040F6B8330093CDE90111282305F10C0287
S315000127801020FFF71BFE044600289BD1524B2A69F5
S315000127901A6047F29453CDE90100009305F1340222
S315000127A003230121C720FFF709FE0446002889D12A
S315000127B04A4B93E80700EB8907AC84E8070033B975
S315000127C0AB69474A1A421CBF01238DF81C30AB89FD
S315000127D0082B52D100230993002142F21073009372
S315000127E02246CDE901110C23C820FFF7E7FD044677
S315000127F000287FF467AFE88C80F0010000F001004B
S3150001280004F058FB686AC0F3033005F03BFC6968C5
S31500012810002936D1EB890C2B06D02846FFF7BEFEE0
S31500012820044600287FF44EAFAB692E4A002B03DA2B
S31500012830EB6903F0C0431360106808B105F05EFC54
S315000128400123204A3370AB89138023F0020212B1AF
S31500012850083B012B05D82B7A022B19D1224B0122D9
S315000128605A71E88904F06EFBFFF7C2FB002429E7E1
S3150001287005F018FC00F082F864E7072BACD133238E
S31500012880A9E7387805F0E6FB04460028C2D019E727
S31500012890012B02D1144A9370E3E7002BE1D1124BCD
S315000128A001221A70DDE70F240CE712240AE70E2431
S315000128B008E70E4C06E700BFF1610100F461010073
S315000128C0F06101009208000028000200CC142108E2
S315000128D0357F2008397F2008E0610100DC142108DA
S315000128E010000001E4610100E96101005960010085
S315000128F09008000038B504460D4605F003FC236830
S3150001290073B9636833B10D4B0D4A0E4840F6132176
S3150001291005F0A8FB2B601B2405F0E8FB204638BD1B
S315000129202B60626893421CBF1B6823604FF0000254
S3150001293008BFC4E900220024EEE700BF2E132108D8
S3150001294085142108F8132108034B1B680360034B08
S315000129501B684360704700BF980800009408000098
S3150001296010B5054B00244FF48070C3E90044FFF70E
S315000129705BFA204610BD00BF245F010013B500239A
S31500012980ADF80630184BD3F86C4114F0020427D188
S3150001299016484FF47A734FF4CA62012105F066FBBB
S315000129A030B1134A13491448522305F0A3FB00BE64
S315000129B00E4B0DF106021868002105F067FB0F4B5F
S315000129C0102200F5A000186010449A8098604FF418
S315000129D0C86202209A81FFF721FA204602B010BD93
S315000129E06FF00104F9E700BF00800046205F010097
S315000129F0990D2108840C21081C0D21082C5F01006A
S31500012A000146014804F00DBC245F010008B5074BDF
S31500012A1000F5A000186001F5A001102098809960CA
S31500012A209A81FFF7EBF9002008BD00BF3C5F01006A
S31500012A3008B50220FFF7F8F9FFF7A0FFBDE8084047
S31500012A40022005F067BB0000064B38B9064AD26979
S31500012A50D20703D45A6B12F4204FFBD1034A5A63AF
S31500012A60704700BF00000541000008123C5F0100ED
S31500012A70014B024ADA657047000005412C5F0100EF
S31500012A8008B50A4AD2F874311B07FBD5084A094929
S31500012A900948CA2305F02EFB642002F0F6FC074B19
S31500012AA0074A5A63074ADA6508BD00BF0080004637
S31500012AB0730D2108840C21084E0D210800000541E3
S31500012AC03C5F01002C5F010038B5234B0222C3F89D
S31500012AD08420BFF34F8FBFF36F8F204BD3F80028AD
S31500012AE0D30735D401231946202B01D11C4606E014
S31500012AF001FA03F4144203F1010027D0DCB2184BAA
S31500012B0003EB04139A68C2F38162032A22D09B68FD
S31500012B109B0F032B1ED0134B142202FB0433D3E964
S31500012B200253ED1A18BF01250F4B0E4ADB680C49FB
S31500012B30DB690E4898472DB1084A01235169A34024
S31500012B400B435361044B02225A6038BD0346CBE75F
S31500012B500024D4E70025E7E700E100E00000034494
S31500012B6000FC0200DC52010000013000E00500001B
S31500012B7038B5244B4FF48062C3F88020BFF34F8FE2
S31500012B80BFF36F8F204BD3F80028D30736D4012328
S31500012B9019460C2B01D11C4606E001FA03F4144236
S31500012BA003F1010028D0DCB2184B03EB04139A6839
S31500012BB0C2F38162032A23D09B689B0F032B1FD08C
S31500012BC0134B142202FB0433D3E90253ED1A18BF47
S31500012BD00125104B0E4ADB680C49DB690E48984704
S31500012BE02DB1094A01235169A3400B435361054B9A
S31500012BF04FF480621A6038BD0346CAE70024D3E762
S31500012C000025E6E700E100E000800724001C062419
S31500012C10EC51010000013000D4050000024B0146D1
S31500012C20186802F056BC00BF8C610100F0B5274E52
S31500012C30337887B00446002B3AD1204605A904F023
S31500012C40F0FA0446002839D102460146059805F0F6
S31500012C501DFA4378078843F0500305464370012067
S31500012C6004F02EFE3A4605F110012846FFF7CEFE86
S31500012C7038B1174A1749184840F27B1305F03AFA5A
S31500012C8000BE002004F01CFE05230022CDE900321F
S31500012C9010490F4A1148029740F2831305F02AFAA8
S31500012CA033780BB1FFF752F9059805F03BFA09E0C5
S31500012CB0FFF73CF90028C0D0072403E033780BB1B5
S31500012CC0FFF744F9204607B0F0BD00BFE25F0100FF
S31500012CD0B41F2108241E2108BE1E2108DF1E21085B
S31500012CE038B50C4660B90B4D2846FFF717F9012C8C
S31500012CF008D12B88DB070BD54FF4807005F00AFA53
S31500012D00002038BD288880F01000C0F30010F8E7D5
S31500012D102046F6E76265010038B5154610B309B3DA
S31500012D2002B3134C4FF482738380D4F88030C360AE
S31500012D3094F87630837194F874304B725372002391
S31500012D400360A06F04F05AFAE36F98420BD8294644
S31500012D5004F14C0004F060FA402004F055FA002317
S31500012D60C4E91E3338BD284605F0DCF9F7E700BF94
S31500012D70346001002DE9F043454F3B7887B00446A6
S31500012D80002B77D105A9204604F04BFA0646002808
S31500012D9077D102460146059805F078F93146054690
S31500012DA03246006805F072F929794378B0F8009047
S31500012DB043EA01134370438806461BB3AA791007F9
S31500012DC042BF34484FF0010C80F800C0D00610D441
S31500012DD0012084F821002868407A84F8241084F8B8
S31500012DE032202A69A2636A696263EA68208663847B
S31500012DF0E263B02B03D04D2B01D01C2B02D1012055
S31500012E0004F058FD012004F05BFD4A4606F110016D
S31500012E103046FFF7FBFDB3781C2B804601D1FFF747
S31500012E202FFE002004F04CFDB8F1000F07D01A4A1E
S31500012E301A491B4840F23F1305F05CF900BECDF874
S31500012E400890738801932B790093134A1349154807
S31500012E5040F2431305F04EF93B780BB1FFF776F8D4
S31500012E60286805F05FF9059805F05CF9E36A013316
S31500012E70E36203E0FFF75AF8002883D007B0BDE804
S31500012E80F0833B78002BF9D0FFF760F8F6E700BF37
S31500012E90E25F010060650100C91F2108241E2108A7
S31500012EA0BE1E2108DF1E2108064B012283F82020C1
S31500012EB083F8642083F8A82083F8EC2083F8302176
S31500012EC0704700BF3460010047F61F40704700009D
S31500012ED003685B0533D41C4B1B78002B31D11B4B8C
S31500012EE01B4A1B88126803F00101C3F3001322BBBE
S31500012EF0184A1078184A126882431ED1174A106878
S31500012F00174A126822EA000232F0080215D1154A60
S31500012F101268003A18BF01225B0043EAC103124856
S31500012F2043EA82035B00D84010F003000BD001286E
S31500012F300CBF0A204FF0FF3070470122ECE700205A
S31500012F4070474FF0FF307047606501006265010010
S31500012F507065010064650100746501006865010022
S31500012F60786501006C650100620062512DE9FF413F
S31500012F700023244F0193384604F078FC10B904B0BD
S31500012F80BDE8F08101A9384604F04BF90546002851
S31500012F90F1D102460146019805F078F84388868901
S31500012FA0142B04460ED10823002E17488DF808303D
S31500012FB014BF02230123039300682B462A4602A964
S31500012FC002F002FCDFF84480D8F80030B3B1314694
S31500012FD0A07803F0BDFF6388AF2B06460D4602D1EC
S31500012FE0204603F0EBFD002D08BFB6F1FF3F019A25
S31500012FF004D0D8F80030304629469847019805F0A4
S3150001300091F8B8E78860010048650100F4610100A4
S3150001301073B50023124E0193114804F027FC08B939
S3150001302002B070BD01A9304604F0FBF80446002841
S31500013030F2D102460146019805F028F822460546D6
S315000130402146006805F022F80146284604F0DEFF15
S31500013050286805F067F8019805F064F8DCE700BF19
S315000130605461010073B50024144D019455F8040B05
S31500013070F0B101A900F5EC7004F0D3F80246B8B935
S3150001308055F8043CD3F874317BB10146019804F03C
S31500013090FDFF018B55F8043C4269D3F87461103188
S315000130A000F1100301442046B047019805F03AF8B3
S315000130B00134142CDAD102B070BD00BF8C5F01005F
S315000130C004F0DABB08B504F09FF8002008BD000043
S315000130D0F7B51D46002304460F4616460193ADF883
S315000130E0023018224FF47A73012101A804F0BEFFC1
S315000130F038B1104A1049114840F29E7304F0FAFFA4
S3150001310000BE019838600DF10202002104F0BEFFF5
S3150001311068B1019B5E72089BC360BDF824300381D0
S315000131200423857103712060002003B0F0BD0E20D9
S31500013130FBE700BF8B1F2108241E21081C0D210857
S31500013140002070472DE9F04F03685B059DB080466E
S3150001315040F1AD83402200210CA804F077FF002343
S3150001316007A8CDE906330893ADF81630FFF748FCFA
S31500013170002840F07187654F3B780BB1FEF7E6FEFC
S31500013180634B1B682BB9D8F8003023F48063C8F869
S31500013190003007980DF11602002104F077FF4488EC
S315000131A090F801908689B02C05464FEA191903D08B
S315000131B04D2C01D01C2C02D1002004F07BFB2B8866
S315000131C0544A5549554823F47043CDE90263CDE984
S315000131D0009440F25F2304F08DFFB9F1040F07D08C
S315000131E0B9F1050F00F0CB86079804F09BFF5CE36D
S315000131F06B78B32C03F00F036B7000F21D82432C26
S3150001320000F29E801C2C00F2AB810B2CECD9444AB7
S315000132100123A340134240F07A83424A134240F00D
S315000132209582414A1A40002ADED0404DAB6A0133ED
S31500013230AB6295F83230DF0740F1B1826B8CA34265
S3150001324040F0AD8218224FF47A7301210DEB020092
S3150001325004F00CFF38B12F4A2F49354840F2A1231B
S3150001326004F048FF00BE06980BAA002104F00EFFE9
S3150001327095F8323013F00203074600F07D82079B72
S3150001328003600423BB80EB6B3E81FB6095F8323013
S31500013290BB71079A95F830305372069A5372686B70
S315000132A003F0ACFFAB6B984200F26B8221480699A2
S315000132B0FEF754FF202003F0A7FF6CE2A4F1C90238
S315000132C092B2012393401C4A1A40002A40F00F8310
S315000132D01A4A1A40002A40F05881CD2C84D1FEF7B3
S315000132E035FE124B07989A6A01329A625A8CA242AB
S315000132F001BF0022C3E90D2283F821205A8404F07C
S3150001330011FF202003F080FFCFE200BFE25F010042
S31500013310245F0100D91F2108241E2108211F21082D
S3150001332000009E0300002110001000083460010017
S315000133301C0D21083C600100430088000C000408B4
S31500013340A4F144036F2B3FF64FAF01A252F823F0CD
S31500013350DF2300003D2000003D200000092600007B
S315000133603D20000009260000092600003D2000003E
S315000133700926000009260000092600003D2000005C
S315000133803D200000852C0000852C0000072D000043
S315000133903D200000DF2300003D2000003D2000000D
S315000133A03D2000003D2000003D2000003D200000A2
S315000133B03D2000003D2000003D2000003D20000092
S315000133C03D200000FF290000012A00000926000017
S315000133D03D200000092600003D2000003D200000A0
S315000133E0092600003D20000057280000012A0000A0
S315000133F0012A000009260000DF230000092600003B
S3150001340009260000092600000926000009260000F9
S31500013410012A00003D2000007F2000003D20000021
S315000134203D2000003D20000009260000092600007D
S31500013430092600003D2000003D2000003D2000003F
S315000134403D200000092600003D2000003D2000002F
S315000134503D2000003D2000003D2000003D200000F1
S315000134603D200000372100003D2000000926000014
S315000134700926000009260000092600003D2000005B
S315000134803D2000003D2000007F2000003D2000007F
S315000134903D2000003D2000003D2000003D200000B1
S315000134A03D200000092600003D2000003D200000CF
S315000134B03D2000003D2000003D2000003D20000091
S315000134C07F200000DF230000092600003D200000C8
S315000134D03D200000092600003D200000012A0000D1
S315000134E03D2000003D200000DF2300003F2C0000AE
S315000134F03D2000003D2000000926000009260000AD
S315000135007F200000DF2300003D200000072D000082
S31500013510A4F11D030F2B3FF667AE01A252F823F06B
S31500013520452600003D2000003D2000003D20000012
S315000135303D2000003D2000003D2000004526000002
S315000135403D2000007F2000003D2000003D200000BE
S31500013550DF230000DF2300003D2000007F20000064
S315000135602C2CD5D9A4F12E039BB2152B3FF63CAEDC
S31500013570984901229A400A4240F0B98112F4401F4B
S3150001358040F01483132B7FF42FAE934FD7F8B0304E
S3150001359018220133C7F8B03001214FF47A730DEBCD
S315000135A0020004F063FD38B18C4A8D498D4840F222
S315000135B0DD3304F09FFD00BE0BAA0021069804F03E
S315000135C065FD4FF401728280B7F8AA1006818C421C
S315000135D00346DDE906C005D0A12C40F053829029AF
S315000135E040F05082D7F8C420DA6097F8BA209A7171
S315000135F097F8B8208CF80920F02C4272186097F8D9
S31500013600BA2000F05382CB2C40F0AD824BF6F13557
S31500013610AE4240F0A482CB2940F0B482002387F861
S31500013620A930A7F8AA30002A40F06F8206996E48A1
S3150001363003F0F2FD042029E3E42C4DD8C82C3FF613
S315000136403DAEA4F1BA039BB20E2B3FF6CDAD0122DE
S315000136509A4042F208310A4240F0498144F201019E
S315000136600A427FF4E2AD042B7FF4BEAD5A4CE36E01
S3150001367094F876200133D707E366B4F8663020D58F
S31500013680BE2B7FF4B1AD18224FF47A7301210DEBF5
S31500013690020004F0EBFC38B1504A5149514840F25E
S315000136A09A3304F027FD00BE0BAA0021069804F008
S315000136B0EDFC642E08BF0026DDE906210681FFF731
S315000136C02BFBB4F86630BE2B7FF48EAD002384F855
S315000136D06530A4F8663087E5A4F1E9039AB2162AA3
S315000136E03FF682AD162B3FF67FAD01A252F823F0CD
S315000136F07F20000045260000852C00003D200000AB
S315000137003D2000003D200000DF230000DF230000F4
S31500013710452600007F2000004526000045260000C2
S315000137203D2000003D2000003D2000003D2000001E
S315000137303D2000003D2000003D2000003D2000000E
S315000137403D2000003D20000045260000224B5B8CF9
S31500013750A3427FF46AAD152C06D12EB90CA803F04D
S3150001376087FB9DF830303B703B780BB1FEF7EEFBE3
S315000137701E4B00221A7058E50360079804F0D2FC2C
S315000137807FE5069804F0CEFC95F83230980702D50D
S31500013790079804F0C7FC0023C5E90D3302E007983A
S315000137A004F0C0FC6B8CA3427FD1002385F8213045
S315000137B06B847AE0084BDA6E0132DA66B3F866207A
S315000137C0A24202D1002283F86520AE2C00F0B98016
S315000137D019E000BF0393060034600100D91F2108D8
S315000137E0241E21081C0D2108CC6001006065010022
S315000137F0A64BDA6E0132DA66B3F86620A24202D12E
S31500013800002283F86520A14D95F87630D90740F15D
S31500013810F080B5F86630A34240F0EB8018224FF4F1
S315000138207A7301210DEB020004F020FC38B1984AAD
S31500013830984999484FF44D7304F05CFC00BE069814
S315000138400BAA002104F022FC95F8763013F002034E
S31500013850074600F0BD80079B03604FF48273BB806F
S31500013860D5F880303E81FB6095F87630BB71069ABB
S3150001387095F874305372079A5372A86F03F0BEFC21
S31500013880EB6F984200F2A9800699844803F0C4FCC4
S31500013890402003F0B9FC0023C5E91E33B5F86630B4
S315000138A0A34202D10023A5F86630FFF7C1F8D8F884
S315000138B0003043F61F021A4200F05184734D784ED0
S315000138C000244FF00109D8F8002009FA04F3134245
S315000138D007D095F82120002A00F0D88332681343D7
S315000138E033600134052C05F14405ECD1DDE3674B6A
S315000138F0DA6E0132DA66B3F86620A24202D10022FC
S3150001390083F86520192C1CD0C32C1AD05DE75F4BB8
S31500013910DA6E0132DA66B3F86620944204BF0021FA
S3150001392083F86510142CEDD1142A07D1002E3FF42B
S315000139306AAF03F0B1FA02233B7064E7002E3FF44D
S3150001394062AF4FF00009DFF844A10798DAF880B0BA
S31500013950CDF824904A46494604F098FBCDE90096F5
S3150001396005464B464A4609A90AA8FFF7B1FB78B9AD
S315000139702A880B9010324FF47A7301210BA804F0B8
S3150001398075FBDDF82490024658B1484604F0CAFB9F
S31500013990142CCBD0192C7FF436AF03F07DFA00231B
S315000139A0CAE701460B9804F071FBDDE90A321A6099
S315000139B02A88C3F80CB01032294604F08BFB49461D
S315000139C00AF1980003F028FC0420FFF727F9DFE746
S315000139D00360079804F0A6FB3FE7069804F0A2FBF4
S315000139E095F876309A077FF556AF079804F09AFB5B
S315000139F051E707992B4803F00FFC0220FFF70EF958
S31500013A004CE7224CE36E0133E36694F87630DB072C
S31500013A102CD5B4F866306A2B28D118224FF47A7364
S31500013A2001210DEB020004F021FB38B1184A1949B6
S31500013A30194840F2763304F05DFB00BE0BAA002163
S31500013A40069804F023FBDDE906210681FFF764F9F8
S31500013A50079804F067FBB4F866306A2B7FF425AF4C
S31500013A60002384F86530A4F866301EE716B90E4BBC
S31500013A7001221A7007990B4803F0CEFB0220FFF7CB
S31500013A80CDF8E8E70022DA609A71B3E53460010007
S31500013A90D91F2108241E21081C0D21088060010060
S31500013AA06865010088600100E8610100CB293FF4E7
S31500013AB0B5ADD60766D5F02964D112F0020202D15E
S31500013AC01A6004F02FFBD7F8BC0003F097FBD7F878
S31500013AD0C03098425ED80699A84803F09DFB802025
S31500013AE003F092FB0023C7E92F33B7F8AA309C42B3
S31500013AF005D0A12C7FF4D9AE902B7FF4D6AE00234E
S31500013B0087F8A930A7F8AA30CFE64FF47A731822BE
S31500013B10012108A804F0AAFA38B1994A99499A48A4
S31500013B2040F20D4304F0E6FA00BE00221146089861
S31500013B3004F0ACFA00244FF6F6730381046097F89B
S31500013B40BA3083710899B7F8B8304B728B4803F0D5
S31500013B5063FB802003F058FBC7E92F44A5E6D50790
S31500013B6010D5CB29A8E7D60705D58C42A5D0902933
S31500013B7001D1A12CA1D0AA2C04D101221A810023A2
S31500013B802A736B730699814803F046FB0420FFF7FD
S31500013B9045F8AAE7069804F0C5FA97F8BA309B07E4
S31500013BA0A0D5079804F0BEFA9CE76C24284604F0D9
S31500013BB099FA6B88612B04BF6C236B806B88422B4F
S31500013BC008D1B5F9122000214FF0FF3004F076FA42
S31500013BD0074613E06C2B5CD16D49A88D14230D4665
S31500013BE051F8042B42B3578C874225D192F858706D
S31500013BF0032F21D1D2F8843155F8237007B3742CE1
S31500013C0021D0422C63D0A72C61D007F5C675AB6ACB
S31500013C100133AB62AB6B002B00F0C280686B03F023
S31500013C20EDFAAB6B984240F2BB80079804F07AFA42
S31500013C300023C5E90D3338E6013B13F0FF03CFD16D
S31500013C40742C40F0988018224FF47A7301210DEB01
S31500013C50020004F00BFA38B1494A4A494A4840F28F
S31500013C606F4304F047FA00BE002106980BAA04F040
S31500013C700DFA40F204438380079B0360069906818F
S31500013C800023C360434803F0C7FA1020FEF7C6FFBE
S31500013C900BE6432B17D12B8A8BB9E98A3C4A1423AD
S31500013CA052F8047B37B1788C884203D197F85800D3
S31500013CB00328A4D0013B13F0FF03F1D1C0E74FF075
S31500013CC0FF32002182E74FF0FF3203217EE7324DBA
S31500013CD0D5F838310133C5F83831D5F8483105F50D
S31500013CE08875002B9AD118224FF47A7301210DEBB6
S31500013CF0020004F0BBF938B1214A2249224840F2B8
S31500013D00974304F0F7F900BE0BAA0021069804F0C8
S31500013D10BDF940F204428280698C06818C420346D9
S31500013D2008BFEA6B079808BFDA60186004BF95F808
S31500013D3032209A71069E0FBF95F830200022DA6074
S31500013D409A714272727295F83220D60745D58C4225
S31500013D5043D112F0020202D11A6004F0E3F9069986
S31500013D6005F1080003F058FA0C4B9D422FD14FF490
S31500013D700070FFF7A0BA094D002748E7C4600100AB
S31500013D80D91F2108241E21081C0D2108CC60010021
S31500013D908C5F01005461010034600100446101003F
S31500013DA06B2CA0D16B8C6B2B9DD10799B7F8BC31CD
S31500013DB04B72002385F821306B8407F5EC7003F014
S31500013DC02BFABB680120984004F03CF96DE5BB680D
S31500013DD00120984004F036F9DDE40699A24803F083
S31500013DE01BFA1020FEF71AFFDCE418224FF47A734F
S31500013DF001210DEB020004F039F938B19B4A9C49C7
S31500013E009C4840F2DB4304F075F900BE0BAA002181
S31500013E10069804F03BF940F204418180079A06991D
S31500013E20068100230260C360837153724B7229E7D6
S31500013E30914CD4F8B0300133C4F8B030B4F8AA309C
S31500013E40512B08D100220798114604F01FF916B923
S31500013E50038A012B04D1002384F8A930A4F8AA30DF
S31500013E6018224FF47A7301210DEB020004F0FEF8DB
S31500013E7038B17E4A7E497F4840F20A5304F03AF946
S31500013E8000BE0BAA0021069804F000F94FF4017355
S31500013E908380D4F8C430079A02600681C36094F81F
S31500013EA0BA308371069994F8B83053724B72FFF7A2
S31500013EB0BEBB714DD5F8B03018220133C5F8B0300C
S31500013EC001214FF47A730DEB020004F0CFF838B1FB
S31500013ED0664A6749674840F2255304F00BF900BE6C
S31500013EE00BAA0021069804F0D1F84FF401728280E2
S31500013EF0D5F8C4200681C26095F8BA208271069968
S31500013F0095F8B8600346079846724E72D6072ED5C5
S31500013F10B5F8AA20A2422AD100221A6004F002F9B9
S31500013F20D5F8BC0003F06AF9D5F8C030984213D829
S31500013F300699524803F070F9802003F065F9B5F847
S31500013F40AA30A3427FF4B1AC0023C5E92F3385F82B
S31500013F50A930A5F8AA30A8E4069804F0E3F895F884
S31500013F60BA30D807EBD4079804F0DCF8E7E7186015
S31500013F70434803F051F90420FEF750FEDFE76B7862
S31500013F8003F00F036B70002C48D1384A38493D487D
S31500013F9040F26B5304F0AEF8284604F0A3F84FF054
S31500013FA0FF32032104F08AF8044600283FF47DAC71
S31500013FB0079BB0F8BC215A72D0F8C00104F5EC7623
S31500013FC0D0B9B4F8AE316B2B24D194F8AD31CBB165
S31500013FD094F8BE31990715D5002384F8AD310799B8
S31500013FE0304603F019F9A3680120984004F02AF835
S31500013FF00023C4E9703358E403F000F9D4F8C4315E
S315000140009842DED90799304603F006F92020FEF7DB
S3150001401005FEEDE76A889A42F4D1D6E7012C05D16F
S3150001402007992046FFF78CF8FFF7DEB8032C7FF4DB
S315000140303CAC114B0799DA6E13480132DA66B3F8D4
S315000140406620032A02BF0022C3E91E2283F86520E7
S3150001405003F0E2F8022019E6D8F8003023F4806371
S31500014060C8F8003023E400BF54610100D91F2108BC
S31500014070241E21081C0D210834600100C4600100C2
S31500014080CC600100761F2108886001003268DF4399
S3150001409022EA030333605F4B032C0CBF022101218B
S315000140A01878FEF71DFE00285CD15B4B5B4C1A6845
S315000140B02368934368D1D8F800301A0534D5012016
S315000140C0574C544F574E0025814654F8043B0BB3C9
S315000140D0D3F8D031F3B138780121FEF701FEE0B112
S315000140E054F8040C00F5E870FEF7A0FD30B954F859
S315000140F0042C92F88931013B82F8893154F8043C49
S31500014100D3F8D0312BB9336809FA05F223EA020351
S31500014110336000200135142DD7D1D8F8003018B1FD
S3150001412023F40063C8F80030D8F800309B0416D594
S31500014130384B01211878FEF7D3FD80B13A4C204661
S31500014140FEF774FD236853B9D8F80030374A23F4D3
S315000141500053C8F80030136823F4005313601DB0F0
S31500014160BDE8F08F2846FEF705FE2B68002B7FF48D
S31500014170B8ABD8F800303B40C8F800302C4B1A6871
S3150001418017401F60FFF7ADBBDFF89490DFF8A4A0DE
S31500014190204F0025012659F8043B6BB1D3F88C2139
S315000141A052B193F8AD3106FA05F24BB19AF80030E7
S315000141B01343DBB28AF800300135142DEBD10CE044
S315000141C09AF80030387823EA020301216FEA020BDC
S315000141D08AF80030FEF784FD50B92268D8F800301D
S315000141E0002A7FF468AF23F48053C8F8003062E7F1
S315000141F059F8040C00F5C670FEF7BCFD59F8043CED
S31500014200D3F88C31002BD7D123680BEA0303236043
S31500014210D2E700BF606501006865010074650100B1
S315000142208C5F0100706501002C6001006C65010066
S31500014230786501006465010070B50C460646FDF718
S3150001424071FF6388C32B054616D0192B07D10628A3
S3150001425004D009281BD1E379012B36D170BD142B6B
S3150001426042D13389002BF9D040F6283003F010F9FA
S31500014270308903F003FF4AE02388C3F30B032B2B9A
S31500014280ECD104F11000BDE8704003F0C7BE092867
S315000142900DD8DFE800F0050C050C0C0C0C05051A11
S315000142A040F6283003F0F4F8308903F0E7FE0024E5
S315000142B02146308903F084FA204603F0BFFA2046EE
S315000142C00021BDE8704003F0F1BEE37933B940F651
S315000142D0283003F0DDF8308903F0D0FE6488A4F1BC
S315000142E0AE014C424C41E3E7AE2BB7D8A02B02D826
S315000142F0412BB9D0B2E7A3F1A10189B242F2012261
S31500014300CA40D207AAD5AA2BAED0A12BACD0092D73
S31500014310E4D0CCE773B50023144E0193134803F0A0
S31500014320A5FA08B902B070BD01A9304602F079FFBD
S3150001433005460028F2D102460146019803F0A6FE81
S315000143402A4604462946006803F0A0FE05460146B2
S315000143502046FFF771FF2946204603F057FE2068E5
S3150001436003F0E0FE019803F0DDFED7E7CC60010023
S3150001437038B5144D0024B4FA84F35B0928685B420E
S3150001438000223E2101F001F90443A00704D5FEF7FE
S31500014390EDFD24F00204EEE7610704D5FFF7BAFF4D
S315000143A024F00404E7E7E20604D5FEF731FE24F023
S315000143B01004E0E7A306DED5FEF754FE24F0200440
S315000143C0D9E700BF8C61010013B5FEF77DFD00231F
S315000143D0019340F4000401A8FEF77AFD0146204648
S315000143E0FEF76EFE019B1843030204D4019001A857
S315000143F0FEF7A8FEEFE720F4000001904FF0807071
S31500014400FEF760FE01F013F801F025F8EFE7000072
S3150001441030B50D4D8BB0FEF747FD2C688CB92022C7
S31500014420214602A803F012FE084B019340F2646292
S315000144303023CDE90623064801AA214600F0A2FF52
S3150001444028600BB030BD00BF7C650100F91F210853
S315000144501D3200000B48D0F800D05DF804EB5DF882
S3150001446004CB5DF804BB5DF804AB5DF8049B5DF815
S31500014470048B80BC40BC20BC10BC08BC04BC02BC84
S3150001448001BC704734510100114AD2F8103623F4A9
S315000144908073C2F810360F4B596B41F00101596315
S315000144A0596B41F0020159630423C2F8383482B0D2
S315000144B000238DF807309DF80730092B01D902B08A
S315000144C0704700BF9DF807300133DBB2F1E700BF4B
S315000144D0008004240084042413B5044640B94FF037
S315000144E0140383F31188BFF36F8FBFF34F8FFEE77A
S315000144F020230193019B202B08D04FF0140383F353
S315000145001188BFF36F8FBFF34F8FFEE7002340F88B
S31500014510043B00F07EF901232046237702B010BD4B
S3150001452038B5202003F01AFC044628B1002540F8CE
S31500014530045B00F06EF92577204638BD2DE9F84376
S31500014540DDF820900C4617469846064640B94FF0CE
S31500014550140383F31188BFF36F8FBFF34F8FFEE709
S31500014560B1F1807F08D34FF0140383F31188BFF3B1
S315000145706F8FBFF34F8FFEE741B94FF0140383F3FB
S315000145801188BFF36F8FBFF34F8FFEE702F044F838
S31500014590D0B9B9F1000F08D04FF0140383F3118895
S315000145A0BFF36F8FBFF34F8FFEE701F089FC3568CC
S315000145B004EA0503B8F1000F32D09C4232D18FB321
S315000145C025EA040434602DE001F07AFC356804EA3A
S315000145D00503B8F1000F2AD1002BF0D1B9F1000F74
S315000145E020D0391E18BF012109064A462143301D34
S315000145F001F078FE01F042FD28B302F0FFF88301D5
S3150001460005460AD403F064FA356804EA0503B8F1ED
S31500014610000F23D123BB03F07BFA25F07F4503E08E
S31500014620002BCCD101F02AFD2846BDE8F8839C4237
S31500014630C5D0B9F1000FF5D0391E18BF0121090601
S3150001464041F08061D1E74FF0E0234FF08052C3F88B
S31500014650042DBFF34F8FBFF36F8FCEE79C42DAD1A4
S31500014660002FD8D025EA04043460D4E770B50C468F
S31500014670054640B94FF0140383F31188BFF36F8FDA
S31500014680BFF34F8FFEE7B1F1807F08D34FF01403DC
S3150001469083F31188BFF36F8FBFF34F8FFEE703F0EC
S315000146A017FA2E6826EA04042C6003F031FA304624
S315000146B070BDFFF7DBBF00000A4600230146014833
S315000146C002F050BA07350000EFF311834FF01402E0
S315000146D082F31188BFF36F8FBFF34F8F006883F3A7
S315000146E0118870472DE9F0410D46044640B94FF057
S315000146F0140383F31188BFF36F8FBFF34F8FFEE768
S31500014700B1F1807F08D34FF0140383F31188BFF30F
S315000147106F8FBFF34F8FFEE700F10C0601F0D0FB60
S31500014720236820692B43236000258642216807D12F
S3150001473021EA0501216001F0A1FC2068BDE8F081B4
S31500014740D0E9002822F07F4312F0806F03EA0107C7
S3150001475002D11FB94046E8E7BB42FBD1D20141F085
S31500014760007148BF1D4301F083FEF3E7FFF7BABFAF
S3150001477038B5044640B94FF0140383F31188BFF3EB
S315000147806F8FBFF34F8FFEE701F09AFB04F10C0523
S31500014790636843B901F072FC237FABB92046BDE8DB
S315000147A0384003F0B1BB2069A84208D14FF0140389
S315000147B083F31188BFF36F8FBFF34F8FFEE74FF07F
S315000147C0007101F055FEE3E738BD000013460A46C5
S315000147D00146014802F0C6B9C13500000023036055
S315000147E0704703680B60016070470346006818B1A3
S315000147F002681A60002303607047036803B97047B3
S315000148008B4204D10B68036000230B607047184686
S31500014810F3E700F108034FF0FF32C0E902234360DA
S3150001482003610023036070470023036170474368F7
S315000148304B609A688A605160996003680861013328
S315000148400360704730B50C68631C0AD103695A6866
S315000148504A6091608B6059600368086101330360A7
S3150001486030BD00F10802134652681568A542FAD90F
S31500014870EDE7D0E9011203698A6051605968814206
S3150001488008BF5A6000220261186801381860704733
S3150001489010B5044603F01CF9A46B03F039F9B4FA18
S315000148A084F0400910BD70B51646026C856B04464E
S315000148B042B906689EB9806801F004FFA660013519
S315000148C0A56370BD6EB9406803F004FC6368226C91
S315000148D01344A2686360934224BF23686360002087
S315000148E0EDE7C06803F0F6FB226CE36851429B1AC0
S315000148F02268E36093423EBFA3685B18E360022E21
S31500014900EDD10DB1013DEAE72846D8E7034610B4DB
S315000149101A6C08466AB1DC68996814448C4228BF4F
S315000149201968DC6028BFD960D9685DF8044B03F0CB
S31500014930D1BB5DF8044B704770B5044603F0C8F867
S3150001494094F8455004F124066DB2002D14DCFF23C2
S3150001495084F8453003F0DCF803F0BAF894F84450D3
S3150001496004F110066DB2002D12DCFF2384F84430E9
S31500014970BDE8704003F0CCB8636A002BE7D030463F
S3150001498001F012FD08B101F025FE013D6DB2DCE733
S315000149902369002BE9D0304601F006FD08B101F08C
S315000149A019FE013D6DB2DEE770B50E46044640B90B
S315000149B04FF0140383F31188BFF36F8FBFF34F8F4B
S315000149C0FEE7C56BA5B3036CA3FB053585BB03F0F9
S315000149D07FF8D4E90F31226862604B43D0185B1A25
S315000149E01A44FF23A563A06084F84430E26084F88A
S315000149F04530A6B9236973B104F1100001F0D4FC66
S31500014A0048B14FF0E0234FF08052C3F8042DBFF3B5
S31500014A104F8FBFF36F8F03F07BF8012070BD04F158
S31500014A201000FFF7F6FE04F12400FFF7F2FEF2E7AD
S31500014A304FF0140383F31188BFF36F8FBFF34F8FCA
S31500014A40FEE737B50D461C4643B94FF0140383F311
S31500014A501188BFF36F8FBFF34F8FFEE748B3B2B133
S31500014A6039B350230193019B502B19D1019B22602D
S31500014A700121C4E90F0584F846102046FFF794FF8B
S31500014A809DF8183084F84C30204603B030BD81B90A
S31500014A9050230193019B502B02D1019B2246E6E74D
S31500014AA04FF0140383F31188BFF36F8FBFF34F8F5A
S31500014AB0FEE74FF0140383F31188BFF36F8FBFF343
S31500014AC04F8FFEE72DE9F0410D461746064600B326
S31500014AD0A1FB0038B8F1000F1BD1484310F1510F6B
S31500014AE017D8503003F03AF9044668B180F8468089
S31500014AF06DB100F15003C4E90F6523600121204621
S31500014B00FFF752FF84F84C702046BDE8F08103465A
S31500014B10F1E74FF0140383F31188BFF36F8FBFF3EF
S31500014B204F8FFEE7F0B585B00E4601921D4604464D
S31500014B3040B94FF0140383F31188BFF36F8FBFF3AE
S31500014B404F8FFEE751B9036C43B14FF0140383F362
S31500014B501188BFF36F8FBFF34F8FFEE7022D0BD185
S31500014B60E36B012B08D04FF0140383F31188BFF3D5
S31500014B706F8FBFF34F8FFEE701F04EFD08B9019B22
S31500014B8003BB02F0A5FFA26BE36B9A4223D22A462E
S31500014B9031462046FFF787FE636A1BB104F1240004
S31500014BA001F002FC48B14FF0E0234FF08052C3F808
S31500014BB0042DBFF34F8FBFF36F8F02F0A9FF0120C2
S31500014BC005B0F0BD4FF0140383F31188BFF36F8F67
S31500014BD0BFF34F8FFEE7022DD9D000231F4637E0E2
S31500014BE013B902A801F0A2FC02F092FF01F068F9E4
S31500014BF002F06EFF94F84430FF2B08BF84F844702E
S31500014C0094F84530FF2B08BF84F8457002F080FF09
S31500014C1001A902A801F096FC002839D102F058FF3B
S31500014C20A26BE36B9A421AD102F072FF019904F169
S31500014C30100001F03DFB2046FFF77EFE01F01EFA53
S31500014C40D8B102F045FFA36BE26B9A429FD80123CC
S31500014C50019A002AC4D102F05BFF0020B0E702F0FE
S31500014C6057FF2046FFF768FE01F008FA02F030FF11
S31500014C70A26BE36B9A42EAD289E74FF0E0234FF049
S31500014C808052C3F8042DBFF34F8FBFF36F8FEDE74B
S31500014C902046FFF751FE01F0F1F9DEE713B50022D8
S31500014CA00B46009011460120FFF7CBFE044638B1B2
S31500014CB0002383600360C3601A461946FFF732FF7B
S31500014CC0204602B010BD38B5044640B94FF0140372
S31500014CD083F31188BFF36F8FBFF34F8FFEE78568AC
S31500014CE001F094FC85420BD1E368013BE3600BB113
S31500014CF0012038BD1A4619462046FFF713FFF7E78C
S31500014D000020F6E710B5024600210120FFF7DAFE82
S31500014D10044638B1002383600360C3601A4619460E
S31500014D20FFF700FF204610BD2DE9F84389461746D7
S31500014D301E46044640B94FF0140383F31188BFF3AE
S31500014D406F8FBFF34F8FFEE751B9036C43B14FF03D
S31500014D50140383F31188BFF36F8FBFF34F8FFEE701
S31500014D60022E0BD1E36B012B08D04FF0140383F312
S31500014D701188BFF36F8FBFF34F8FFEE702F0C0FFBD
S31500014D80EFF311884FF0140383F31188BFF36F8F8C
S31500014D90BFF34F8FA26BE36B9A4201D3022E2DD143
S31500014DA094F84550A36B6DB2324649462046FFF74B
S31500014DB07AFD6B1C0ED1636A3BB104F1240001F04C
S31500014DC0F3FA10B10FB101233B60012088F311887A
S31500014DD0BDE8F88301F08AF88542F6D27F2D08D125
S31500014DE04FF0140383F31188BFF36F8FBFF34F8F17
S31500014DF0FEE701356DB284F84550E6E70020E5E7A8
S31500014E00F0B585B00E460192044640B94FF0140341
S31500014E1083F31188BFF36F8FBFF34F8FFEE751B94D
S31500014E20036C43B14FF0140383F31188BFF36F8F03
S31500014E30BFF34F8FFEE701F0EFFB50B9019B43B182
S31500014E404FF0140383F31188BFF36F8FBFF34F8FB6
S31500014E50FEE702F03DFEA56BDDB131462046FFF7C8
S31500014E6055FD2369013DA56373B104F1100001F0FD
S31500014E709BFA48B14FF0E0234FF08052C3F8042D5E
S31500014E80BFF34F8FBFF36F8F02F042FE012005B0D3
S31500014E90F0BD019B1BB902F03BFE0020F7E702A81B
S31500014EA001F044FB2F4602F033FE01F009F802F04F
S31500014EB00FFE94F84430FF2B08BF84F8447094F831
S31500014EC04530FF2B08BF84F8457002F021FE01A989
S31500014ED002A801F037FB38BB2046FFF7D9FCE8B141
S31500014EE0019904F1240001F0E3F92046FFF724FDBE
S31500014EF001F0C4F848B94FF0E0234FF08052C3F8EF
S31500014F00042DBFF34F8FBFF36F8F02F0E1FDA56B49
S31500014F10002DA2D1019B002BC5D1BCE72046FFF78E
S31500014F200BFD01F0ABF8F0E72046FFF705FD01F0B8
S31500014F30A5F82046FFF7ACFC0028E6D0ADE7F0B5B2
S31500014F4085B00446019140B94FF0140383F31188EB
S31500014F50BFF36F8FBFF34F8FFEE7056C45B14FF07F
S31500014F60140383F31188BFF36F8FBFF34F8FFEE7EF
S31500014F7001F052FB064620B32E46002702F0A8FD9B
S31500014F80A36B53B3013BA363236813B901F042FC3E
S31500014F90A060236973B104F1100001F005FA48B16C
S31500014FA04FF0E0234FF08052C3F8042DBFF34F8F2B
S31500014FB0BFF36F8F02F0ACFD012005B0F0BD3546A1
S31500014FC0DBE7019B002BFAD04FF0140383F3118822
S31500014FD0BFF36F8FBFF34F8FFEE7019B1BB902F043
S31500014FE097FD0020E9E716B902A801F09FFA02F041
S31500014FF08FFD00F065FF02F06BFD94F84430FF2B46
S3150001500008BF84F8447094F84530FF2B08BF84F834
S31500015010457002F07DFD01A902A801F093FA50BB8B
S315000150202046FFF735FC00B323683BB902F050FD7B
S31500015030A06801F001FB054602F06AFD019904F141
S31500015040240001F035F92046FFF776FC01F016F849
S3150001505048B94FF0E0234FF08052C3F8042DBFF357
S315000150604F8FBFF36F8F012688E72046FFF764FC59
S3150001507001F004F8F7E72046FFF75EFC00F0FEFFBB
S315000150802046FFF705FC0028EDD0002DA9D002F03F
S315000150901FFD616A19B1236B1968C1F13801A06856
S315000150A001F05AFB9BE770B50D46044640B94FF037
S315000150B0140383F31188BFF36F8FBFF34F8FFEE79E
S315000150C0866801F0A3FA864204D1E3680133E360FE
S315000150D0012070BD29462046FFF731FF0028F8D090
S315000150E0E3680133E360F4E72DE9F8438946904626
S315000150F0044640B94FF0140383F31188BFF36F8F51
S31500015100BFF34F8FFEE751B9036C43B14FF0140360
S3150001511083F31188BFF36F8FBFF34F8FFEE702F062
S31500015120EFFDEFF311874FF0140383F31188BFF3FB
S315000151306F8FBFF34F8FA66B86B394F844504946E1
S315000151406DB22046FFF7E2FB013E6B1CA66311D14F
S31500015150236953B104F1100001F026F928B1B8F121
S31500015160000F02D00123C8F80030012087F311880F
S31500015170BDE8F88300F0BAFE8542F6D27F2D08D14C
S315000151804FF0140383F31188BFF36F8FBFF34F8F73
S31500015190FEE701356DB284F84450E6E73046E5E7AF
S315000151A070B540B94FF0140383F31188BFF36F8FC5
S315000151B0BFF34F8FFEE7B9B10C4A00231C461546D3
S315000151C05668864204D105EBC403C3E900100BE01F
S315000151D01BB91668002E08BF13460134082C02F1CC
S315000151E00802EDD1002BF0D170BD00BFE4820000B2
S315000151F010B540B94FF0140383F31188BFF36F8FD5
S31500015200BFF34F8FFEE7094A002352F8331081425C
S315000152104FEAC30406D1064A002142F8331022445C
S31500015220516010BD0133082BEFD1FAE7E882000087
S31500015230E482000010B540B94FF0140383F31188DE
S31500015240BFF36F8FBFF34F8FFEE7FFF7D1FF90F8E4
S3150001525046301BB9BDE8104002F056BE10BD70B510
S3150001526004460D46164602F033FC94F84430FF2BF3
S3150001527004BF002384F8443094F84530FF2B04BF63
S31500015280002384F8453002F043FCA36B2BB9324668
S31500015290294604F1240001F05DF82046BDE870407E
S315000152A0FFF74ABB10B5EFF3058414B1012420467C
S315000152B010BD01F0B1F90128F9D0EFF31083002BED
S315000152C0F4D1EFF31184003C18BF0124EFE708B5D0
S315000152D04FF0E0231B6901F09FF9012803D0BDE8D7
S315000152E0084002F029BC08BD08B5FFF7DBFF48B945
S315000152F001F092F90128034607D1054A106820B941
S31500015300136008BD6FF00500FBE74FF0FF30F8E7CB
S31500015310E082000008B501F07FF938B1022804D017
S31500015320034B1868431E5842584108BD0320FCE749
S31500015330E082000010B5FFF7B5FF044668B901F039
S315000153406BF901280CD1084B1A68012A08D10222EF
S315000153501A6000F061FD204610BD6FF00500FBE705
S315000153604FF0FF30F8E700BFE082000008B5FFF715
S3150001537099FF18B1BDE8084000F0B0BDBDE808408E
S3150001538000F0A6BD2DE9F04186B0002305460E4684
S3150001539090460593FFF786FF00BBFDB1B8F1000FFC
S315000153A03ED0D8F818402CB1631E372B03D906B06E
S315000153B0BDE8F0811824D8F80430DB0735D4D8F8D5
S315000153C014306BB19A08D8E90270D8F8001057B1B9
S315000153D0772803D9D8F8100000B1BBB90598E6E7DC
S315000153E04FF48072EFE70028F8D1D8F81030002B7F
S315000153F0F4D105AB013C019300943346284600F0F5
S3150001540034FC01281CBF00230593E7E7013CCDE9E5
S31500015410010700943346284600F0DDFB0590DDE7E1
S31500015420414618244FF48072E3E70020BFE701F0FC
S31500015430EDB808B5FFF736FF50B94FF0E0234FF04E
S315000154408052C3F8042DBFF34F8FBFF36F8F08BD92
S315000154506FF00500FBE738B50546FFF723FF044665
S3150001546050B965B1284600F08BFC04280AD02846BD
S3150001547000F02AFC204638BD6FF00500FBE76FF00F
S315000154800300F8E76FF00200F5E710B50446FFF7F1
S3150001549009FF28B914B1204600F09EFE002010BD78
S315000154A06FF00500FBE710B50446FFF7FBFE50B9A8
S315000154B05CB1D4E9020328B11F2B04D9BDE8104021
S315000154C0FFF70AB80BB1002010BDBDE81040FFF789
S315000154D027B837B50C46054630B3B1F1807F23D2E4
S315000154E0FFF7E0FEC8B1002301AA21462846019331
S315000154F0FFF76CF9D8B12846FFF7E6F8019B4BB1E7
S315000155004FF0E0234FF08052C3F8042DBFF34F8FC5
S31500015510BFF36F8F204303B030BD2146284603B049
S31500015520BDE83040FFF7DEB86FF00300F3E76FF038
S315000155300200F0E770B50E46054600B3B1F1807F73
S315000155401DD2FFF7AFFEA0B12846FFF7BDF83146E1
S3150001555004462846FFF7B0F8A0B14FF0E0234FF01C
S315000155608052C3F8042DBFF34F8FBFF36F8F2046D0
S3150001557070BD31462846BDE87040FFF777B86FF039
S315000155800304F4E76FF00204F1E72DE9F3410C4659
S3150001559015461E46074610B1B1F1807F04D36FF060
S315000155A0030002B0BDE8F081FFF77CFE20B1002EBA
S315000155B0F5D16FF00500F4E705F0010885F0020268
S315000155C0C2F340020096434621463846FEF7B6FF2F
S315000155D004EA0002B8F1000F08D0A242E1D0002E81
S315000155E014BF6FF001006FF00200DAE7002AF6D06F
S315000155F0D7E738B50546FFF755FE044628B93DB14C
S315000156002846FFF7B5F8204638BD6FF00500FBE7E1
S315000156106FF00300F8E738B50546FFF743FE10B112
S315000156200024204638BD25B9BDE838400120FFF7E2
S3150001563069BB6B681A07F3D4D5E9021203F00103BB
S3150001564079B14F2AECD99BB10420FFF727FB044619
S315000156500028E5D0296809B1FFF7A2FD44F001044D
S31500015660DFE7002ADCD17BB10420FFF74BFBEEE735
S315000156700120FFF713FB04460028D1D02968002931
S31500015680CFD0FFF78DFDCCE70120FFF73BFBF2E71B
S31500015690F8B505460C4620F0010600F00107FFF7B4
S315000156A001FEA0B9012D15D92146304667B1FFF794
S315000156B0FAFC012801D10020F8BD002C14BF6FF0BF
S315000156C001006FF00200F7E7FFF739FCF1E76FF031
S315000156D00500F1E76FF00300EEE770B5044620F030
S315000156E0010500F00106FFF7DDFD90B9012C13D984
S315000156F046B12846FFF7E7FA01280CBF00206FF0F4
S31500015700020070BD3346324631462846FFF70AFA93
S31500015710F2E76FF00500F4E76FF00300F1E738B543
S315000157200546FFF7BFFD044640B955B12846FFF7C8
S315000157305FFD2846FFF77EFD204638BD6FF0050068
S31500015740FBE76FF00300F8E7F7B505460E4614468A
S31500015750FFF7A8FD18B10025284603B0F0BD002DBE
S31500015760F9D0002EF7D03CB3D4E90232BBB14F2AAF
S31500015770F1D92269002AEED0676906FB05F18F424D
S31500015780E9D3009031462846FFF75BF90546002824
S31500015790E1D021680029DFD0FFF702FDDCE7002A0E
S315000157A0D9D12369002BD6D16269002AD3D13146DA
S315000157B02846FFF787F9E9E722463146284603B02E
S315000157C0BDE8F040FFF77EB973B51C4605460E46A7
S315000157D0FFF768FD0346F0B15DB356B34CBB2346F4
S315000157E001AA314628460194FFF79EFA012803D003
S315000157F06FF0020002B070BD019B0BB90020F9E702
S315000158004FF0E0234FF08052C3F8042DBFF34F8FC2
S31500015810BFF36F8FF2E765B15EB122463146284686
S31500015820FFF780F90128E9D0002CE1D06FF00100E3
S31500015830E0E76FF00300DDE773B505460E461C464B
S31500015840FFF730FDE8B155B34EB344BB01AA31466B
S3150001585028460194FFF748FC012803D06FF00200A7
S3150001586002B070BD019B0BB90020F9E74FF0E023B0
S315000158704FF08052C3F8042DBFF34F8FBFF36F8FE4
S31500015880F2E765B15EB1224631462846FFF7B8FA1E
S315000158900128E9D0002CE1D06FF00100E0E76FF0BC
S315000158A00300DDE7FFF73BBF034B0360034B0B60D0
S315000158B04FF480731360704768820000687E0000B1
S315000158C0034B0360034B0B604FF400731360704787
S315000158D0F07D0000F07500002DE9F041044602F06C
S315000158E0F7F8334B334E1A68334F01321A60356875
S315000158F0002D52D134601B68012B1FD1B84640469A
S315000159000135FEF786FF382D08F11408F7D1DFF8C7
S31500015910D0802A4D4046FEF77CFF2846FEF779FFE8
S315000159202748FEF776FF2748FEF773FF2648FEF75E
S3150001593070FF264BC3F80080254B1D60254A13686E
S3150001594001331360244AA3641168E36A8B4288BF5A
S31500015950136014225343F918201D4A68A260956802
S31500015960E56068609060FA5861610132FA5002F0B0
S31500015970CFF81A4B1B6873B13368DA6AE36A9A4245
S3150001598009D24FF0E0234FF08052C3F8042DBFF344
S315000159904F8FBFF36F8FBDE8F081104B1A68E36A32
S315000159A0002ACBD13268D26A9A4298BF3460C5E7E1
S315000159B04C83000024880000C48300009C830000FF
S315000159C0808300006C8300005483000098830000EC
S315000159D0948300003083000044830000408300006C
S315000159E0B08300002DE9F8431F4B204C1D68204B66
S315000159F0D3F800801F4B0646D3F800902368206831
S31500015A00002283F8722004300F46FEF732FF731C22
S31500015A1014D19FB1184B21685A688A602168906831
S31500015A20C8602168043141602168043191602268AF
S31500015A3053611A6801321A60BDE8F8832368216848
S31500015A40AD195D6001F1040104D34846BDE8F84390
S31500015A50FEF7F8BE4046FEF7F5FE084B1A68AA4265
S31500015A6088BF1D60E8E700BF488300002488000066
S31500015A709883000094830000548300002C83000067
S31500015A80064A13681968064B19B94FF0FF321A60B6
S31500015A9070471268D2681268F9E700BF9883000060
S31500015AA02C83000010B590F8713004463BB9006BA9
S31500015AB002F02AFA2046BDE8104002F025BA012B71
S31500015AC0F9D0022B08D04FF0140383F31188BFF3EA
S31500015AD06F8FBFF34F8FFEE710BD0000F8B50C4C7A
S31500015AE00C4F0D4D236803B9F8BD01F0F1FFFB68BA
S31500015AF0DE68301DFEF7BDFE2B68013B2B60236877
S31500015B00013B236002F004F83046FFF7CBFFE9E7DB
S31500015B10688300006C8300004C83000008B5084EC2
S31500015B204FF0E0244FF08055FFF7D8FF3368012B83
S31500015B30FAD9C4F8045DBFF34F8FBFF36F8FF3E754
S31500015B40C48300002DE9F0470A9C96003246804640
S31500015B500D46206BA5219946DDE9087A02F076FA11
S31500015B60236B043E1E4426F0070666646DB16B1E68
S31500015B7004F133020E3513F8011F02F8011F09B1B2
S31500015B80AB42F8D1002384F84230372F08D94FF0C1
S31500015B90140383F31188BFF36F8FBFF34F8FFEE7B3
S31500015BA0E7622765201DFEF73FFEC7F1380704F1BE
S31500015BB01800FEF739FE2461A76164624A46414630
S31500015BC0304601F06FFF2060BAF1000F01D0CAF82C
S31500015BD00040BDE8F0872DE9F04387B0DDE90F9479
S31500015BE00E4600210546174698460491B9F1000F65
S31500015BF008D14FF0140383F31188BFF36F8FBFF3FE
S31500015C004F8FFEE744B94FF0140383F31188BFF3B6
S31500015C106F8FBFF34F8FFEE778230593059A9A425C
S31500015C2008D04FF0140383F31188BFF36F8FBFF3CE
S31500015C304F8FFEE72046059B02F008FA022384F8FF
S31500015C40713004ABC4F8309001930E9B00933A4631
S31500015C504346314628460294FFF774FF2046FFF774
S31500015C603BFE049807B0BDE8F0832DE9F0430746F3
S31500015C7085B0900088461646994602F06FF80546AB
S31500015C80F0B1782002F06AF80446B0B1782200211A
S31500015C9002F0DCF90D9B256301930C9B00933246C0
S31500015CA04B46414638460294FFF74CFF2046FFF724
S31500015CB013FE012005B0BDE8F083284602F024F961
S31500015CC04FF0FF30F6E70000F8B50446254D01F028
S31500015CD0FFFE04B92C68271D3846FEF7CAFDA36AE4
S31500015CE01BB104F11800FEF7C4FD1F4A1F4E1368CD
S31500015CF0013313602B68A342336800D15BB91C4A98
S31500015D001368013B1360FFF7BBFE01F001FF20465C
S31500015D10FFF7C8FE09E017483946FEF788FD164A1F
S31500015D2013680133136001F0F3FE3368C3B12B68C6
S31500015D30A34215D1114B1B6843B14FF0140383F3F2
S31500015D401188BFF36F8FBFF34F8FFEE74FF0E0234C
S31500015D504FF08052C3F8042DBFF34F8FBFF36F8FFF
S31500015D60F8BD00BF24880000308300004083000096
S31500015D704C8300006C8300006883000024830000CC
S31500015D802DE9F041044640B94FF0140383F311881D
S31500015D90BFF36F8FBFF34F8FFEE7194B1B6883422B
S31500015DA026D001F095FE174BD4F828801F68164BB4
S31500015DB065691E6801F0ACFE144B98451AD0BD42C8
S31500015DC01AD0B54218D0124B9D4209D1A36A9BB98C
S31500015DD094F87030012B14BF03200220BDE8F08136
S31500015DE00C4B9D420AD0002D14BF01200420F5E77B
S31500015DF00020F3E70120F1E70220EFE70420EDE7B9
S31500015E0024880000988300009483000080830000AA
S31500015E10548300006C83000030B58DB008AB214A75
S31500015E201D4612F8014B03F8014B002CF9D107AAC4
S31500015E3006A905A8CDE90544FFF736FD059B0293A2
S31500015E40069B079A1848CDE9004329462346FFF7E2
S31500015E50C2FE164B1860A8B100F052FE012815D1FA
S31500015E604FF0140383F31188BFF36F8FBFF34F8F86
S31500015E700F4B4FF0FF321A600E4B18600E4B1C6031
S31500015E8001F082FE0D4B1B680DB030BD0130F9D11A
S31500015E904FF0140383F31188BFF36F8FBFF34F8F56
S31500015EA0FEE700BF9C0A2108714900002883000013
S31500015EB02C8300004083000048830000CC050000CD
S31500015EC0024A136801331360704700BF2483000040
S31500015ED0014B1868704700BF4883000008B501F000
S31500015EE00FFF014B186808BD48830000014B186875
S31500015EF0704700BF4C8300002DE9F84F544B1B68D7
S31500015F00002B40F09E80534B1C6801341C60BCB9C9
S31500015F10514B1A68126842B14FF0140383F311888A
S31500015F20BFF36F8FBFF34F8FFEE74C4A19681068B6
S31500015F30186011604A4A136801331360FFF7A0FD28
S31500015F40484D494A2B68DFF82CB19C424FF00000BE
S31500015F500FD2DBF80030DB6A14214B43D358022BF6
S31500015F60424B1B6828BF0120002B18BF0120BDE84A
S31500015F70F88FDFF804C10746374B1B681B681BB94E
S31500015F804FF0FF332B60E4E7334B1B68DB68DB68BC
S31500015F9059688C4201D22960DBE7D3E90219D3F8AB
S31500015FA01480C1F80890C9F80410D8F8041003F158
S31500015FB0040E7145D8F8001008BFC8F804900139DD
S31500015FC05F61C8F80010D3F82880B8F1000F13D02C
S31500015FD0D3E90719C1F80890C9F80410D8F80410D4
S31500015FE003F1180A5145D8F8001008BFC8F8049003
S31500015FF001399F62C8F80010D96ADCF800801426BE
S31500016000414506FB01F802EB080A88BFCCF80010EF
S31500016010DAF80490C3F80890D9F80860DE60C6F88B
S3150001602004E0C9F808E0C3F814A052F808300133B7
S3150001603042F80830DBF80030DB6A994288BF01205C
S315000160409AE70B4A13680133136000208FE700BFFC
S315000160502483000048830000988300009483000095
S31500016060348300002C830000C483000038830000C1
S315000160703C83000024880000448300002DE9F84F8A
S3150001608001F026FD4C4B1A6842B94FF0140383F315
S315000160901188BFF36F8FBFF34F8FFEE71A68013A7E
S315000160A01A601B682BB1002401F032FD2046BDE8C1
S315000160B0F88F424A1268002AF5D04148414C424ABB
S315000160C0424E434F14254FF0010C51E0C368DB6883
S315000160D0D3E90718D3F828E0C1F80880C8F80410F6
S315000160E0DEF8041003F1180949454FF0000108BF15
S315000160F0CEF804809962DEF800100139CEF800105E
S31500016100D3E90218D3F814E0C1F80880C8F80410DE
S31500016110DEF8041003F104094945DEF8001008BF52
S31500016120CEF804800139CEF80010D3F82CE02168AE
S3150001613005FB0EF802EB080A8E45DAF804109960A1
S31500016140D1F808B0C3F80CB0CBF80490C1F80890A8
S3150001615052F8081088BFC4F800E00131C3F814A052
S3150001616042F808103168C96A8E4501D9C7F800C0DE
S3150001617001680029AAD10BB1FFF782FC154D2C68E5
S3150001618044B1134E0127FFF7B7FE00B13760013C5A
S31500016190F9D12C600E4B1B68002B84D00B4B1B686E
S315000161A04FF0E0234FF08052C3F8042DBFF34F8F19
S315000161B0BFF36F8F012477E7248300004C8300002F
S315000161C08083000044830000C4830000248800000B
S315000161D0388300003C83000008B550B94FF0E02336
S315000161E04FF08052C3F8042DBFF34F8FBFF36F8F6B
S315000161F008BDFFF765FE0A4B1B68012B08D04FF05F
S31500016200140383F31188BFF36F8FBFF34F8FFEE73C
S315000162100021FFF7E7FBFFF731FF0028DED0E7E7B4
S31500016220248300001C4B1A681C4BF0B512B10122E5
S315000162301A60F0BD1A481A601A4D03681A4E2A6888
S315000162405A671A4932684FF0140C0CFB02F35C18BA
S31500016250CF58A7B1676808337F6867600B449F42D0
S3150001626004BFE3686360142303FB02114B68DB6818
S3150001627003603260036803685B6F2B60D9E742B93C
S315000162804FF0140383F31188BFF36F8FBFF34F8F62
S31500016290FEE7013AD9E700BF2483000038830000F6
S315000162A0248800005083000044830000C48300005A
S315000162B010B50C4640B94FF0140383F31188BFF3B0
S315000162C06F8FBFF34F8FFEE7054B19681831FEF745
S315000162D0B9FA20460121BDE81040FFF783BB00BF94
S315000162E02488000030B4034640B94FF0140383F309
S315000162F01188BFF36F8FBFF34F8FFEE71348006816
S3150001630040B94FF0140383F31188BFF36F8FBFF3C6
S315000163104F8FFEE70E4C206841F0004181612068F5
S315000163205968C16120688D68056220681830686007
S3150001633020681830886021688B62196801311960FC
S3150001634030BC01211046FFF74DBB00BF248300007E
S315000163502488000070B40C46114640B94FF014036E
S3150001636083F31188BFF36F8FBFF34F8FFEE70D4B9A
S3150001637042681D689668EA611D682E621D681835B7
S3150001638075601D681B681835956098620368002959
S3150001639003F1010303600CBF20464FF0FF3070BCD0
S315000163A0FFF720BB24880000C368DB68F0B543B95A
S315000163B04FF0140383F31188BFF36F8FBFF34F8F31
S315000163C0FEE7D3E907019A6A81604860506803F1E4
S315000163D01804A04208BF5160002199621168013971
S315000163E011601D4AD96A1268002A29D1D3E90240EF
S315000163F05A69A060446054681D1DAC4208BF5060D4
S31500016400106801381060154A1068814288BF116012
S31500016410134814224A43861874689C60A768DF6093
S315000164207D60A5605E618358013383500D4B1B6807
S31500016430DB6A994283BF0C4B012018600020F0BD36
S315000164400A4A5068D86185681D626C6084609A62E8
S31500016450136801331360E9E72483000044830000D5
S31500016460C483000024880000388300008083000074
S31500016470294B1B68F0B543B94FF0140383F3118818
S31500016480BFF36F8FBFF34F8FFEE7C36841F0004143
S31500016490016043B94FF0140383F31188BFF36F8F83
S315000164A0BFF34F8FFEE7D0E901410269A1604C605D
S315000164B05468844208BF51600021016111680139A5
S315000164C01160D3E902015A698160486050681D1D57
S315000164D0A84208BF51601168013911600F4AD96A93
S315000164E01068814288BF11600D4814224A438618FC
S315000164F074689C60A768DF607D60A5605E618358F3
S3150001650001338350074B1B68DB6A994282BF064BF6
S3150001651001221A60F0BD00BF2483000044830000FD
S31500016520C48300002488000038830000034B1B68E5
S315000165300360034B1B684360704700BF3483000050
S315000165404883000070B50D46044640B94FF0140368
S3150001655083F31188BFF36F8FBFF34F8FFEE741B906
S315000165604FF0140383F31188BFF36F8FBFF34F8F7F
S31500016570FEE701F0ADFA144B62681968134B18680F
S3150001658090F8720040B11B68002283F87220012442
S3150001659001F0BEFA204670BD2B68581C12D00C487B
S315000165A026680068864204D08A4202D800232B60FE
S315000165B0EDE7881A8342F9D95B1A13442B6020460A
S315000165C0FFF7B4FF0024E3E74883000024880000B6
S315000165D034830000014B01221A60704738830000A2
S315000165E004290FD858B9084B186840B94FF014035D
S315000165F083F31188BFF36F8FBFF34F8FFEE7163119
S3150001660040F82120704700BF24880000014B18681C
S31500016610704700BF24880000054B1B6833B1054B4A
S315000166201868B0FA80F040094000704701207047B1
S315000166304083000024830000F8B5044600282ED0CC
S315000166401D4DC36A2A68D26A93422DD282691B4EB6
S31500016650002AA1BF2A68D26AC2F1380282611422D5
S3150001666002FB036342699A421AD1071D3846FEF7B7
S3150001667000F92B68124ADB6A1168E3628B4288BF14
S31500016680136014225343F1184A68A2609068E060CF
S3150001669047609760F25861610132F2500120F8BDFE
S315000166A02B68DB6AC362F9E72B68006DDB6A9842E7
S315000166B02CBF00200120F2E724880000C4830000DB
S315000166C04483000070B5044608B9002070BD1F4B15
S315000166D01B68834208D04FF0140383F31188BFF37C
S315000166E06F8FBFF34F8FFEE75B6D43B94FF0140316
S315000166F083F31188BFF36F8FBFF34F8FFEE7C16A34
S31500016700026D013B91424365DFD0002BDDD1051DB2
S315000167102846FEF7AEF8236DE362C3F13802A261A3
S315000167200B4A11688B4288BF13601421094A4B43F7
S31500016730D0184168A1608E68E66075608D60D15899
S3150001674060610131D1500120C0E700BF24880000FB
S3150001675044830000C483000070B50446002846D077
S31500016760426D42B94FF0140383F31188BFF36F8F63
S31500016770BFF34F8FFEE7036D994238BF1946C36ACF
S315000167808B4234D0012A32D1194A1268824208D189
S315000167904FF0140383F31188BFF36F8FBFF34F8F4D
S315000167A0FEE78269134DC162002A4FF0140202FB13
S315000167B003534269A4BFC1F1380181619A4216D1DE
S315000167C0061D3046FEF755F80B4AE36A11688B42FF
S315000167D088BF136014225343E9184A68A26090687F
S315000167E0E06046609660EA5861610132EA5070BD28
S315000167F024880000C483000044830000044B1A6807
S31500016800196890691A68CB6AC3F1380393617047B6
S3150001681024880000034B186810B1436D01334365AA
S31500016820704700BF24880000914208B541600061AD
S315000168300AD8D21A83699A420DD2084B011D1868EB
S31500016840FEF700F8002008BD9A4201D2994202D211
S31500016850034B011DF3E70120F5E700BFD4880000D3
S31500016860D888000070B504460D461646A1692B4628
S31500016870324629442046FFF7D7FF00B970BDA36908
S3150001688020461D44236A9847F0E700000E4B1B681B
S31500016890DB6870B5DC680546201D0E46FDF7E9FF8D
S315000168A094F828305A0709D5324629462046FFF77B
S315000168B0D9FF236A2046BDE87040184723F001033B
S315000168C084F82830F5E700BFD8880000F8B50F4EE8
S315000168D00546FFF7FDFA33688342044609D90C4F92
S315000168E03B681A6852B90B4A116839601360012373
S315000168F000E000232B6034602046F8BDDB684FF0D2
S31500016900FF311868FFF7C2FFEAE700BFC888000039
S31500016910D8880000D48800002DE9F0415B4F5C4E19
S3150001692086B03B68D3F80080B8F1000F38D0DB6839
S31500016930D3F800800024FFF7C3FA02A8FFF7C6FFC9
S31500016940029B0546002B48D164BB404530D3FFF777
S3150001695095FB29464046FFF799FF1022002102A820
S3150001696001F074FB3068002202A9FEF749FA0028FB
S31500016970D7D0029B0498002B32DB049C6369002B61
S3150001698035D101A8FFF7A2FF029B013B0546082B63
S31500016990E8D8DFE803F03030535A733030535A00E9
S315000169A00124C8E73B4B1B681C68B4FA84F46409EC
S315000169B030682246A8EB0501FEF751FCFFF75EFBA6
S315000169C00028CAD14FF0E0234FF08052C3F8042DBE
S315000169D0BFF34F8FBFF36F8FBFE7FFF74FFBBCE7E7
S315000169E0039B05999847029B002BBBDBC5E7201D3E
S315000169F0FDF73FFFC5E794F82830A16943F001038D
S31500016A0084F82830039B024619442046FFF70CFF01
S31500016A100028A7D094F8283059070AD5A369039905
S31500016A202A4619442046FFF71DFF236A2046984748
S31500016A3098E723F0010384F82830F6E794F8283024
S31500016A4023F0010384F828308CE794F8283043F0CA
S31500016A50010384F828300399A16141B94FF0140369
S31500016A6083F31188BFF36F8FBFF34F8FFEE70346A2
S31500016A70024601442046FFF7D7FE73E794F8283013
S31500016A809A07DDD4204601F03FFA6BE7D88800006B
S31500016A90D0880000D4880000F7B5114C01F018F831
S31500016AA02568BDB90F4F104E3846FDF7B2FE304688
S31500016AB0FDF7AFFE0D4B0E4A1F600E4B10211E60F7
S31500016AC005200D4B0095FDF7BCFF206010B10B4969
S31500016AD0FEF766FB03B0BDE8F04001F019B800BF50
S31500016AE0D0880000F0880000DC880000D88800000B
S31500016AF078880000D488000028880000A10A2108AF
S31500016B0010B588B0FFF7C8FF124B1B68B3B100245C
S31500016B1007AA06A905A8CDE90544FEF7D1FE059BFE
S31500016B200293069B019337230093079A0A490B4860
S31500016B302346FFF750F80A4B186040B94FF014038B
S31500016B4083F31188BFF36F8FBFF34F8FFEE70120E9
S31500016B5008B010BDD0880000A60A21086D570000B4
S31500016B60CC8800001FB514461A466FF00103CDE923
S31500016B7000300548CDE90214002369460068FEF796
S31500016B80D3F804B010BD00BFD088000010B501F0E5
S31500016B9071FA0446FEF74BFC20B9204601F08AFA49
S31500016BA0002010BD04480378FF2BF6D101F056FAF8
S31500016BB00028F2D0F5E700BF8F0800002DE9F04F5D
S31500016BC0044695B03022002108A801F03FFAA37AC5
S31500016BD0DB438DF82630E37A8DF8243094F8323091
S31500016BE003F00302012A08BF8DF827201B0744BFC3
S31500016BF003238DF82530237C03F0F003502B01D0BD
S31500016C00802B5FD12688242E5CD9236ACDF84A30A1
S31500016C10243EA38CDFF84892DFF848A2DFF848B299
S31500016C20ADF84E30B6B234342778302F64D0DD2F2C
S31500016C3000F0E0805FB96578A11C2A460AA801F038
S31500016C4049FA05F150030DEB030505F8287C627836
S31500016C50C2F57F43FE3333449EB20232022E144400
S31500016C60E2D8DFF80892D9F800804446A4B930206A
S31500016C7001F014FA09AE0746051D0FCE0FC50FCE5A
S31500016C800FC596E8070085E807003C60B8F1000FDC
S31500016C901DD1C9F8007015E0062204F12A010DF193
S31500016CA04A0001F03BFA80B90AAA083412AD13462C
S31500016CB003CBAB42206061601A4604F10804F6D1A9
S31500016CC01B88238015B0BDE8F08F2468CEE7BA791A
S31500016CD098F80630934207D9C7F80080002CD8D01F
S31500016CE02760EFE79846F3E7D8F800304446002BD3
S31500016CF0F8D1C8F80070E5E70523B4F808808DF8E7
S31500016D00253004F10A0303EB880533F8283005938F
S31500016D1099F802308DF81E30A379029363790193B5
S31500016D20B9F8002023794A48ADF81C200093524651
S31500016D3040F27D13594601F0DDF94648CDF8008051
S31500016D40524659464FF4BF7301F0D4F9032207A9FD
S31500016D50201D01F0E3F900287FF479AF02238DF8B5
S31500016D602530059B6A7905EB83018D4216D1012AEF
S31500016D7004BF05238DF82530810305D582070CBF95
S31500016D8009230A238DF82530C3037FF560AF324B03
S31500016D9003406BBB07238DF8253058E7EB78AF78B6
S31500016DA01B0443EA07632F79134343EA0723A3F539
S31500016DB07A236FF440673B44082B08D8DFE803F0D9
S31500016DC0050907070C0F0712150040F003000435EB
S31500016DD0CBE740F00C00FAE740F40030F7E740F467
S31500016DE08020F4E740F48030F1E740F48010EEE7CC
S31500016DF00823D0E7194B1A88ADF81C209B788DF82B
S31500016E001E30032207A9A01C01F088F900287FF48F
S31500016E101EAF6379012B7FF41AAF9DF8253013B1AC
S31500016E20032B7FF414AF0123617B8DF8253004F128
S31500016E300E0303EB810233F82130002B3FF407AF39
S31500016E4002EB83035B78012B7FF401AF0423A2E7F6
S31500016E50C8122108EC12210808000400E1132108D8
S31500016E60DE132108C61321083C122108DC5F01004C
S31500016E7030B5034600B900BE064C04F14005224672
S31500016E8003CAAA4218605960144603F10803F6D1F1
S31500016E9030BD00BF9C610100044B1B7803F0FF016C
S31500016EA01BB90348442201F0D1B87047986101002B
S31500016EB09C610100014B1870704700BF29600100F9
S31500016EC030B1044B02781A7042785A70002070472C
S31500016ED02220704725600100074B82B01B88ADF860
S31500016EE004309DF80430002063F307009DF8053057
S31500016EF063F30F2002B070478D0800000A4B186833
S31500016F0002460346D2B2002062F30700C3F307220A
S31500016F1062F30F20C3F3074262F317401B0E82B0E0
S31500016F2063F31F6002B0704725600100014B1870C2
S31500016F30704700BF8C080000014B1878704700BFEE
S31500016F408C080000014B1880704700BFE05F01000C
S31500016F50002979D1712821D8672809D814283AD06F
S31500016F6014D803285FD013282ED04FF0FF30704776
S31500016F706838092800F29880DFE800F05E962696C8
S31500016F809696969605485348002170473D28ECD1C0
S31500016F90084640F4003040F00B007047C3282CD05F
S31500016FA00AD8A2284AD0C2281ED088280CBF4FF082
S31500016FB004104FF0FF307047F12841D0F428D4D1A6
S31500016FC0084640F0050070470020DDE74FF000401D
S31500016FD04FF0FF317047084640F0010070474FF00F
S31500016FE000404FF0FF31F7E7084640F008007047D0
S31500016FF04FF000404FF0FF31F7E7084640F00A0036
S3150001700070474FF000404FF0FF31F7E70920BBE72B
S31500017010080440F0090041F3C03170474FF00040C9
S315000170204FF0FF31B5E7084640F48030B3E74FF043
S3150001703000404FF0FF31F7E72748A5E7274870479B
S31500017040274870472748C3E7712830D867280FD8E3
S315000170501428C4D026D80328E9D0132808BF4FF036
S31500017060004016BF4FF0FF304FF0FF31002170474F
S315000170706838092818D801A353F820F0995E000052
S31500017080FD5E0000215E0000FD5E0000FD5E000069
S31500017090FD5E0000FD5E0000FD5E0000995E0000E1
S315000170A0655E00003D28B9D04FF0FF306CE7C3287C
S315000170B0A7D006D8A228C5D0C22899D088280948C1
S315000170C0CFE7F128BED0F428EED14FF000404FF0C3
S315000170D0FF3176E704000500040003000400020006
S315000170E0040001000400008020B1034B1B780370EB
S315000170F000207047222070472460010030B5044605
S3150001710060B10FCC064D0FC50FCC0FC50FCC0FC507
S3150001711094E80F0085E80F00002030BD2220FCE72F
S31500017120E45F010004280CD8DFE800F009030B072F
S31500017130090000230B70002070470123FAE70223A0
S31500017140F8E70F2070470000F0B5254C25488BB0B5
S315000171504FF4AA72002100F079FF206810B9FEF7FA
S31500017160A2F92060204C206810B9FEF79CF9206036
S315000171701E4DFDF74DF92C688CB92022214602A837
S3150001718000F064FF1A4B01934FF4C0623123CDE93D
S315000171900623184801AA2146FEF7F4F828600026BE
S315000171A0104C35460127C4E90055C4E90255C4E926
S315000171B004550020FEF72FFA07FA06F30136052ECD
S315000171C0A061E36184F8407004F14404EBD10A4CF8
S315000171D0206810B9FEF71FFA206000200BB0F0BD41
S315000171E090610100346001008C610100946101002D
S315000171F019132108C53100008861010010B5044644
S31500017200FEF7B4F8001B10BD024B01461868FEF7E5
S3150001721060B900BF9061010008B5FAF79FFF002031
S3150001722008BDFBF767BB0023C0E90D3380F82130A9
S315000172304384C36170472DE9F04114469279DDF824
S3150001724018800D46D10707461FD5238112F0020685
S315000172504FF000032B6004D1206810B100F062FFEB
S3150001726026606669FEF782F82369801B834209D38B
S3150001727007F108002946FAF771FF4046BDE8F041DB
S31500017280FFF7C2BFA3799B0702D5206800F04AFF2A
S315000172902846BDE8F04100F045BF00002DE9F74F53
S315000172A0056804460F46914698464FF0000A2DB9E7
S315000172B023685BB3002003B0BDE8F08F00221146BE
S315000172C0284600F0E3FE064638B3B8F1000F04D1B4
S315000172D0D5F800B0AA465D46E9E70C990068C047B3
S315000172E00028F5D0D5F800B000974B46324629461E
S315000172F02046FFF7A0FF2368AB42636808BFC4F8C6
S3150001730000B0AB4208BFC4F804A0E3E7044A6560D5
S31500017310136823EA07031360CCE70E20CBE700BF0F
S31500017320786501002DE9F0411D4690F83230164688
S315000173309A0704460F4602D4304600F0F3FED4F80D
S315000173403480FEF713F8A36BA0EB0800834211D338
S3150001735004F108003946FAF701FF2846FFF754FF02
S315000173600A4A1368204623EA0503BDE8F041136083
S31500017370FFF759BF384600F0D5FE94F832309B0727
S31500017380EED5304600F0CEFEEAE700BF68650100A3
S315000173902DE9F04186B01E4601920023CDE9033363
S315000173A0C36B009390F83230028E0546884604A8D6
S315000173B003A9FBF78DFE044660B905904FF47A7375
S315000173C01022012105A800F051FE044630B10398B0
S315000173D000F0A8FE204606B0BDE8F081024601464F
S315000173E0059800F053FEDDE904236F8C1360478096
S315000173F07EB9059A039943462846FFF793FF1C2F4A
S31500017400E8D80A4BFB40DB0742BF094B00221A7042
S31500017410E0E70C991846B0470028EAD1039800F036
S3150001742081FE059800F07EFEE9E700BF000021100D
S31500017430606501002DE9F347DDF828A00546994668
S315000174400F46904600F05EFE104B9D42064613D055
S3150001745095F8213083B1CDF800A04B464246394616
S315000174602846FFF795FF044630B1304600F03EFE50
S31500017470204602B0BDE8F087CDF800A04B46424653
S3150001748039462846FFF70AFF0446EEE70061010088
S315000174902DE9F34100240D4D06460127A046032C94
S315000174A004BF04244435611D2846CDF8008000231D
S315000174B0324607FA01F10134FFF7BCFF052C05F14D
S315000174C04405ECD1002002B0BDE8F0813460010032
S315000174D073B5044600680D4600F024FE00230193AF
S315000174E018224FF47A73012101A800F0BFFD38B1CB
S315000174F00B4A0C490C4840F2E75300F0FBFD00BE75
S3150001750000260198206026813246314600F0BEFDF4
S315000175102B6803826B8C8681C38202B070BD00BF6B
S31500017520AD1321083C1221081C0D210870B5154622
S31500017530002204460E460068114600F0A7FD38B148
S315000175408681216805F5EC70BDE87040FAF706BE44
S3150001755070BD70B50D46432D049E11461C4606D0DE
S315000175606B2D07D1BDE870401A46FFF7DFBF1946FC
S31500017570FFF7AEFF314604F5CA70BDE87040FAF771
S31500017580EDBD10B583799B070C4602D5006800F066
S31500017590C9FD2046BDE8104000F0C4BD2DE9F74302
S315000175A0DDF82880D0F8149004461D460E4617468D
S315000175B0FDF7DCFE2369A0EB090083420FD32B46BE
S315000175C02046CDF800803A463146FFF7C2FFAB6848
S315000175D00120984003B0BDE8F04300F033BD4146B9
S315000175E0204603B0BDE8F043FFF7CBBF2DE9F047D6
S315000175F0002386B0CDE903330E4600F013FD0446A1
S31500017600002800F0D08000F07DFD94F8AD310746EA
S31500017610002B6FD094F8BE31DA076BD5B4F8BC21D4
S315000176200196D4F8C811009104A803A9FBF750FDEF
S31500017630054618B1384600F059FD89E0049B9B794F
S315000176409B072DD5B4F8AE310590432B14BF1022FC
S3150001765018224FF47A73012105A800F007FD38B10D
S31500017660524A5349534840F2666300F043FD00BE57
S3150001767000221146059800F009FDDDE904318681F5
S31500017680B4F8AE21039D428019606D7A4D72432A8A
S3150001769006D1002282811A8123680382638CC38208
S315000176A0D4F8C051FDF762FED4F8C431401B8342C1
S315000176B037D3B4F8AE316B2B2DD1049B04F5EC70A6
S315000176C01968FAF74BFD039800F02CFDA368012019
S315000176D0984000F0B7FC3849A0680B780122824037
S315000176E01343DBB20B700023C4E9703384F8AD3168
S315000176F0A4F8AE31D4F88C514FF000080395DDB9EA
S315000177002E49A0680B680122824023EA0203C4E9DC
S3150001771063550B608EE7039904F5CA70FAF71EFDEF
S31500017720D4E7049B9A79900702D5186800F0FAFC11
S31500017730039800F0F7FCCEE700221146284600F038
S31500017740A5FC0346049038B9384600F0CFFC0E2557
S31500017750284606B0BDE8F0879979039A006815684E
S31500017760C9071AD51E81C2F8008000F0CFFC049A21
S31500017770937913F00209824606D1106820B100F010
S31500017780D1FC049BC3F80090039B00930498234605
S3150001779032465146FFF702FFB0E700F0C3FC0398FB
S315000177A000F0C0FCAAE70125D2E700BF7313210848
S315000177B03C1221081C0D2108646501007465010055
S315000177C0F8B50B4F05460E46002457F8043B23B97E
S315000177D00134142CF9D10020F8BDDB7EB342F7D178
S315000177E02946E0B2FFF702FF0028F1D0F4E700BF17
S315000177F08C5F0100F8B500F015FC0546D0B100F02C
S3150001780081FCD5F8D041064674B90B49A8680B68C6
S315000178100122824023EA02033046C5E974440B6023
S3150001782000F064FC2046F8BD2768204600F07AFC8B
S315000178303C46E9E70120F6E77065010070B50A4E9E
S315000178400546002456F8043B23B90134142CF9D11A
S31500017850002070BDDB7EAB42F7D1E0B2FFF7CAFF75
S315000178600028F2D0F5E700BF8C5F01000068003800
S3150001787018BF01207047000008B50B4601460548B0
S3150001788000220068FDF781FEC31C012B98BF002072
S3150001789008BD00BF9061010008B500F0C7FB642078
S315000178A0FDF7F3FD00F0B6FB6420FDF7EEFD0020C9
S315000178B008BD0000014B1870704700BF2A60010027
S315000178C0014B1870704700BF99610100014B187890
S315000178D0704700BFF06101002DE9F0479A46036841
S315000178E00546884691464BB94368002B2FD0194B64
S315000178F0194A1A4840F61E0100F0B4FB00F002FCDA
S315000179002C680646002724B9304600F0EFFB2D20EF
S3150001791013E041462046C84710B927462468F2E7D6
S31500017920CAF800402B68A34209D123682B6003B92A
S315000179306B60304600F0DAFB0020BDE8F0876B682B
S31500017940A34212BF23686F6000233B60F1E71B204F
S31500017950F3E700BF2E132108421321083C12210828
S3150001796037B54FF48C7314460D460193043201ABBF
S31500017970214600F08FFB28B920682DB9012894BF54
S315000179800020012003B030BD281A18BF0120F9E7F5
S31500017990000000000000000000000000074B19680D
S315000179A00868B0E8F04F80F30988BFF36F8F4FF096
S315000179B0000080F311887047AFF30080248800002F
S315000179C008480068006880F308884FF0000080F3DB
S315000179D0148862B661B6BFF34F8FBFF36F8F00DFB6
S315000179E000BF000008ED00E000000000EFF3098091
S315000179F0BFF36F8F154B1A681EF0100F08BF20EDED
S31500017A00108A20E9F04F10602DE909004FF01400AB
S31500017A1080F31188BFF34F8FBFF36F8FFEF702FC20
S31500017A204FF0000080F3118809BC19680868B0E8B6
S31500017A30F04F1EF0100F08BFB0EC108A80F30988D2
S31500017A40BFF36F8F704700BFAFF30080248800003B
S31500017A50DFF80C00016841F4700101607047000015
S31500017A6088ED00E082B0002301930D4B1B680133C2
S31500017A7008D04FF0140383F31188BFF36F8FBFF360
S31500017A804F8FFEE74FF0140383F31188BFF36F8F17
S31500017A90BFF34F8F019B002BFCD002B0704700BF94
S31500017AA0D00500004FF0807340F8043C074B40F8C6
S31500017AB00C3C21F001016FF0020340F8081C40F86C
S31500017AC0202C40F8243C4438704700BFB9680000B8
S31500017AD04FF0140383F31188BFF36F8FBFF34F8FFA
S31500017AE00A4A13680133012B13600ED14FF0E023CC
S31500017AF0D3F8043DDBB243B14FF0140383F311888D
S31500017B00BFF36F8FBFF34F8FFEE77047D0050000BD
S31500017B10084A136843B94FF0140383F31188BFF37E
S31500017B206F8FBFF34F8FFEE7013B13600BB983F3F2
S31500017B3011887047D005000008B54FF0140383F390
S31500017B401188BFF36F8FBFF34F8FFEF7D5F928B1B9
S31500017B504FF0E0234FF08052C3F8042D002383F346
S31500017B60118808BD4FF0E022002313619361054B94
S31500017B704FF47A711B68B3FBF1F3013B53610723A1
S31500017B8013617047885101004FF0E02337B5D3F8F0
S31500017B90001D534A914208D14FF0140383F3118813
S31500017BA0BFF36F8FBFF34F8FFEE7D3F8001D4D4A2A
S31500017BB0914208D14FF0140383F31188BFF36F8FFD
S31500017BC0BFF34F8FFEE7D3F8083D474AD96A914282
S31500017BD008D04FF0140383F31188BFF36F8FBFF3FF
S31500017BE04F8FFEE79A6B414B9A4208D04FF0140330
S31500017BF083F31188BFF36F8FBFF34F8FFEE7002327
S31500017C0001933B4B1A78D2B28DF80220FF221A70EB
S31500017C101B78384ADBB28DF803309DF8033003F048
S31500017C201403137043B94FF0140383F31188BFF3A0
S31500017C306F8FBFF34F8FFEE79DF80330DB4313F0E1
S31500017C40140F10D04FF0140383F31188BFF36F8F15
S31500017C50BFF34F8FFEE7013301939DF803305B00BD
S31500017C60DBB28DF803309DF8033013F0800F019BD2
S31500017C70F1D1082B18BF019B1F4A14BFC3F107039B
S31500017C8000231B0203F4E06313609DF80230184AD7
S31500017C904FF0E024DBB21370D4F8203D43F47F03A8
S31500017CA0C4F8203DD4F8203D002543F07F43C4F8B5
S31500017CB0203DC4F81C5DFFF755FF104B1D60FFF713
S31500017CC0C7FED4F8343F43F04043C4F8343FFFF7CE
S31500017CD077FEFEF7A7FAFFF7C5FE284603B030BDCB
S31500017CE071C20F4170C20F41F16700004168000087
S31500017CF000E400E00889000004890000D0050000C6
S31500017D00EFF305830F2B0ED9114A9B5C114A1278AA
S31500017D109A4208D94FF0140383F31188BFF36F8F8A
S31500017D20BFF34F8FFEE74FF0E0230B4AD3F80C3D2C
S31500017D30126803F4E063934208D94FF0140383F306
S31500017D401188BFF36F8FBFF34F8FFEE7704700BFF8
S31500017D50F0E300E00889000004890000F8B5431E3D
S31500017D600A33624D24D9FEF7ABF82B6863BB0024B6
S31500017D705F4A604853071FBFD11D21F0070102F575
S31500017D804842531A0CBF4FF448430A461344083B72
S31500017D9023F00703002141600260C3E90011991A2B
S31500017DA0C2E900312B60544B1960544B19601BE03A
S31500017DB010F0070300F108040BD1FEF781F82B68D8
S31500017DC0002BD5D0002C11DAFEF758F900252846EC
S31500017DD0F8BDA3F10902A242C5D31030C41AFEF7B9
S31500017DE06FF82B68002BC3D0002CEDDDDFF80CC13A
S31500017DF0DCF80010A142E7D33E4ADFF8F4E013684D
S31500017E00734502D33E4FBB4217D94FF0140383F398
S31500017E101188BFF36F8FBFF34F8FFEE7764502D30D
S31500017E20BE421A4608D94FF0140383F31188BFF3F3
S31500017E306F8FBFF34F8FFEE733465868A04202D2D9
S31500017E401E68002EEAD12D689D42BDD01568083501
S31500017E50754501D3BD4208D94FF0140383F3118848
S31500017E60BFF36F8FBFF34F8FFEE71F681760A04206
S31500017E700FD3001B102819D91E1916F0070F11D0A0
S31500017E804FF0140383F31188BFF36F8FBFF34F8F46
S31500017E90FEE74FF0140383F31188BFF36F8FBFF32F
S31500017EA04F8FFEE770605C601F51166058680A1AB2
S31500017EB01149CCF800200C68A24238BF0A600022A2
S31500017EC01A60104A40F0004058601368013313608D
S31500017ED0FEF7D4F86B073FF47AAF4FF0140383F340
S31500017EE01188BFF36F8FBFF34F8FFEE71C89000028
S31500017EF028890000208900001489000018890000E3
S31500017F002751010010890000F8B5054600286FD0F9
S31500017F10384FA0F10804BC4212D3374EB4420FD8F1
S31500017F2050F8043C002B14DA50F8082CD2B14FF06B
S31500017F30140383F31188BFF36F8FBFF34F8FFEE7EF
S31500017F404FF0140383F31188BFF36F8FBFF34F8F85
S31500017F50FEE74FF0140383F31188BFF36F8FBFF36E
S31500017F604F8FFEE723F0004340F8043CFDF7A8FFDE
S31500017F70224A55F8041C13680B441360204B18461B
S31500017F801A461B689C42FBD882420CD0BA4201D3E6
S31500017F90B24208D94FF0140383F31188BFF36F8FF0
S31500017FA0BFF34F8FFEE750681618B44206D101445D
S31500017FB050188342516010D1144602E06018834282
S31500017FC013D11048006883421FBF5868401860608B
S31500017FD018682060A24218BF14600B4A1368013367
S31500017FE01360BDE8F840FEF749B845F8083CF1E7EB
S31500017FF0F8BD00BF2889000027510100188900003B
S31500018000208900001C8900000C8900005FF800F03F
S31500018010DD8420085FF800F0477F20085FF800F054
S31500018020F18620085FF800F0C98B20085FF800F0A0
S31500018030457F20085FF800F0497F20085FF800F0CF
S31500018040297D20085FF800F0218F20085FF800F0F5
S315000180501FD020085FF800F0519520085FF800F066
S315000180602D2A20085FF800F089C120085FF800F08A
S31500018070098020085FF800F0E52920085FF800F084
S31500018080318F20085FF800F02D8B20085FF800F093
S31500018090A18020085FF800F0F59920085FF800F04C
S315000180A0ADC720085FF800F0ED7E20085FF800F00C
S315000180B09D8B20085FF800F0ED2920085FF800F09D
S315000180C0458C20085FF800F03B7F20085FF800F040
S315000180D0617F20085FF800F001D120085FF800F009
S315000180E0492A20085FF800F0B58E20085FF800F0F5
S315000180F0032A20085FF800F0E52B20085FF800F05E
S31500018100C57D20085FF800F0F72920085FF800F028
S31500018110898C20085FF800F0E17E20085FF800F006
S31500018120CBCF20085FF800F0B980200801000000DD
S3150001813004A405240000004201000000ACA40524AB
S315000181400000402901000000ACA4052401004029DB
S315000181500100000004A505240000C0200100000064
S31500018160C4A405241F000020010000009CA40524CE
S315000181700100C049010000009CA4052400008062A2
S3150001818001000000A4A40524000080A40100000051
S31500018190A4A40524000080A4010000009CA40524D9
S315000181A00100C049010000009CA405240000806272
S315000181B001000000488705240000408301000000FB
S315000181C07C87052400000018010000004087052473
S315000181D00C0040A401000000CCA405240080007816
S315000181E001000000C8A40524640000580100000035
S315000181F0C4A405240080007801000000C0A4052461
S315000182006400005801000000E0A40524D9030050D1
S3150001821001000000DCA40524BF0400580100000091
S31500018220D8A405240E0100480100000038A4052445
S31500018230000000280100000014A40524270080A3E3
S315000182400100000038A4052403004083010000005A
S3150001825038A4052403004083030000000CA4052470
S315000182605A0080A30CA40524020040100CA4052486
S3150001827000000000030000000CA405245A0080A39E
S315000182800CA40524030040100CA4052400000000E2
S31500018290030000000CA405245A0080A30CA40524A5
S315000182A0000040100CA4052400000000010000009D
S315000182B008A40524150000A40100000008A4052453
S315000182C0070000A40100000004A405242000C0A3A7
S315000182D00100000010A40524380080A3010000005D
S315000182E010A405245A0080A30100000000A505245E
S315000182F00000805A020000009CA405240300C0ACC3
S31500018300ACA40524100000200100000000A50524EE
S315000183100300809C01000000D4A40524010000781C
S3150001832001000000D0A40524F20000800100000035
S315000183305887052403008059010000005887052449
S315000183400C00002801000000408705240C0040A411
S315000183500100000000A4052400000008010000003F
S3150001836000A40524560583A00100000038A40524B5
S31500018370070040A40100000038A405240F0040A412
S315000183800100000038A40524070040A401000000F4
S3150001839038A405240F0040A4010000009CA4052474
S315000183A000000021010000009CA405240100002119
S315000183B0010000009CA405240000C0180100000073
S315000183C09CA405240100C0180200000094A4052401
S315000183D00100009494A40524020000AD01000000F0
S315000183E09CA40524000000100100000000A505243E
S315000183F00300809C0100000000A505240000809C6C
S3150001840002000000A4A40524000080A4A4A405245D
S315000184100000008402000000A4A40524000080A43A
S31500018420A4A405240100008401000000A4A40524DD
S31500018430010080A401000000A4A40524020080A478
S315000184400300000098A40524F80040A3A0A4052475
S3150001845010008051A0A40524010040AD01000000D8
S31500018460A0A40524000040AD020000009CA4052440
S315000184700000C049A0A40524000040AD050000008D
S31500018480A0A40524000040AD9CA40524020080623E
S3150001849098A40524F80040A3A0A405241000805147
S315000184A0A0A40524010040AD0200000098A4052403
S315000184B0F00040A3A0A40524010040AD0200000085
S315000184C09CA405240200C049A0A40524000040ADD7
S315000184D00200000098A405242F003EA8A0A40524AC
S315000184E0200020A802000000548705240100C0399D
S315000184F05887052401000021010000005887052442
S31500018500010080520300000060870524030080AC4F
S31500018510748705240600409C748705240400405A8C
S315000185200200000060870524030080AC70870524E3
S31500018530010040AD010000007887052409000018FC
S3150001854001000000788705240800001805000000D6
S3150001855074870524DA2422A848870524000040836D
S31500018560408705240C004083708705240C00007B9E
S315000185707087052404000010060000007487052496
S315000185800300804148870524000040834087052475
S3150001859003004083708705240200007B7087052451
S315000185A00700001074870524020000AD01000000D9
S315000185B040870524090040A40100000040870524E6
S315000185C00C0040A40200000054870524000000218D
S315000185D0448705240000408C0200000054870524CE
S315000185E001000021448705240100408C130000008E
S315000185F0408705240C0040A440870524BF00006085
S315000186004887052426000060488705240300409416
S315000186104C87052420030070688705240300C020C9
S31500018620448705240100C09C608705240100801051
S31500018630788705240700404158870524CC00005857
S31500018640748705249A2412A874870524030080419F
S315000186504087052408004083708705240500007BB8
S31500018660708705240400001074870524020000ADFC
S3150001867070870524010000847C8705240100408C55
S315000186803887052401008010090000009CA40524F8
S315000186900100C049A4A405240100008400A5052405
S315000186A01900C09B94A405240100801014A405247C
S315000186B00100006394A405240100008C94A4052400
S315000186C0020000ADACA405240000402910A5052434
S315000186D00100402919222008F1212008000000008C
S315000186E00000000000000000000000000000000083
S315000186F00000000000000000000000000000000073
S315000187000000000000000000000000000000000062
S315000187100000000000000000000000000000000052
S315000187200000000000000000000000000000000042
S315000187300000000000000000000000000000000032
S315000187400000000000000000000000000000000022
S315000187500000000000000000000000000000000012
S315000187600000000000000000000000000000000002
S3150001877000000000000000000000000000000000F2
S3150001878000000000000000000000000000000000E2
S3150001879000000000000000000000000000000000D2
S315000187A000000000000000000000000000000000C2
S315000187B000000000000000000000000000000000B2
S315000187C000000000000000000000000000000000A2
S315000187D00000000000000000000000000000000092
S315000187E00000000000000000000000000000000082
S315000187F00000000000000000000000000000000072
S315000188000000000000000000000000000000000061
S315000188100000000000000000000000000000000051
S315000188200000000000000000000000000000000041
S315000188300000000000000000000000000000000031
S315000188400000000000000000000000000000000021
S315000188500000000000000000000000000000000011
S315000188600000000000000000000000000000000001
S3150001887000000000000000000000000000000000F1
S3150001888000000000000000000000000000000000E1
S3150001889000000000000000000000000000000000D1
S315000188A000000000000000000000000000000000C1
S315000188B000000000000000000000000000000000B1
S315000188C000000000000000000000000000000000A1
S315000188D00000000000000000000000000000000091
S315000188E00000000000000000000000000000000081
S315000188F00000000000000000000000000000000071
S315000189000000000000000000000000000000000060
S315000189100000000000000000000000000000000050
S315000189200000000000000000000000000000000040
S315000189300000000000000000000000000000000030
S315000189400000000000000000000000000000000020
S315000189500000000000000000000000000000000010
S315000189600000000000000000000000000000000000
S3150001897000000000000000000000000000000000F0
S3150001898000000000000000000000000000000000E0
S3150001899000000000000000000000000000000000D0
S315000189A000000000000000000000000000000000C0
S315000189B000000000000000000000000000000000B0
S315000189C000000000000000000000000000000000A0
S315000189D00000000000000000000000000000000090
S315000189E00000000000000000000000000000000080
S315000189F00000000000000000000000000000000070
S31500018A00000000000000000000000000000000005F
S31500018A10000000000000000000000000000000004F
S31500018A20000000000000000000000000000000003F
S31500018A30000000000000000000000000000000002F
S31500018A40000000000000000000000000000000001F
S31500018A50000000000000000000000000000000000F
S31500018A6000000000000000000000000000000000FF
S31500018A7000000000000000000000000000000000EF
S31500018A8000000000000000000000000000000000DF
S31500018A9000000000000000000000000000000000CF
S31500018AA000000000000000000000000000000000BF
S31500018AB000000000000000000000000000000000AF
S31500018AC0000000000000000000000000000000009F
S31500018AD0000000000000000000000000000000008F
S31500018AE0000000000000000000000000000000007F
S31500018AF0000000000000000000000000000000006F
S31500018B00000000000000000000000000000000005E
S31500018B10000000000000000000000000000000004E
S31500018B20000000000000000000000000000000003E
S31500018B30000000000000000000000000000000002E
S31500018B40000000000000000000000000000000001E
S31500018B50000000000000000000000000000000000E
S31500018B6000000000000000000000000000000000FE
S31500018B7000000000000000000000000000000000EE
S31500018B8000000000000000000000000000000000DE
S31500018B9000000000000000000000000000000000CE
S31500018BA000000000000000000000000000000000BE
S31500018BB000000000000000000000000000000000AE
S31500018BC0000000000000000000000000000000009E
S31500018BD0000000000000000000000000000000008E
S31500018BE0000000000000000000000000000000007E
S31500018BF0000000000000000000000000000000006E
S31500018C00000000000000000000000000000000005D
S31500018C10000000000000000000000000000000004D
S31500018C20000000000000000000000000000000003D
S31500018C30000000000000000000000000000000002D
S31500018C40000000000000000000000000000000001D
S31100018C5000000000000000000000000011
S50318C61E
S70500000000FA
