:10000000010000000D900D901C8C0100010000000B
:10001000001020004FBE02FD0000000000000000A4
:1000200000000000000000000000000000000000D0
:100030000000000000000000000000000D900D9086
:10004000A55A0000002020080000008000000000E9
:1000500000000000000000000000000000000000A0
:100060000000000000000000000000000000000090
:100070000000000000000000000000000000000080
:100080000000000000000000000000000000000070
:100090000000000000000000000000000000000060
:1000A0000000000000000000000000000000000050
:1000B0000000000000000000000000000000000040
:1000C0000000000000000000000000000000000030
:1000D0000000000000000000000000000000000020
:1000E0000000000000000000000000000000000010
:1000F0000000000000000000000000000000000000
:1001000000000000000000000000000000000000EF
:1001100000000000000000000000000000000000DF
:1001200000000000000000000000000000000000CF
:1001300000000000000000000000000000000000BF
:1001400000000000000000000000000000000000AF
:10015000000000000000000000000000000000009F
:10016000000000000000000000000000000000008F
:10017000000000000000000000000000000000007F
:10018000000000000000000000000000000000006F
:10019000000000000000000000000000000000005F
:1001A000000000000000000000000000000000004F
:1001B000000000000000000000000000000000003F
:1001C000000000000000000000000000000000002F
:1001D000000000000000000000000000000000001F
:1001E000000000000000000000000000000000000F
:1001F00000000000000000000000000000000000FF
:1002000000000000000000000000000000000000EE
:1002100000000000000000000000000000000000DE
:1002200000000000000000000000000000000000CE
:1002300000000000000000000000000000000000BE
:1002400000000000000000000000000000000000AE
:10025000000000000000000000000000000000009E
:10026000000000000000000000000000000000008E
:10027000000000000000000000000000000000007E
:10028000000000000000000000000000000000006E
:10029000000000000000000000000000000000005E
:1002A000000000000000000000000000000000004E
:1002B000000000000000000000000000000000003E
:1002C000000000000000000000000000000000002E
:1002D000000000000000000000000000000000001E
:1002E000000000000000000000000000000000000E
:1002F00000000000000000000000000000000000FE
:1003000000000000000000000000000000000000ED
:1003100000000000000000000000000000000000DD
:1003200000000000000000000000000000000000CD
:1003300000000000000000000000000000000000BD
:1003400000000000000000000000000000000000AD
:10035000000000000000000000000000000000009D
:10036000000000000000000000000000000000008D
:10037000000000000000000000000000000000007D
:10038000000000000000000000000000000000006D
:10039000000000000000000000000000000000005D
:1003A000000000000000000000000000000000004D
:1003B000000000000000000000000000000000003D
:1003C000000000000000000000000000000000002D
:1003D000000000000000000000000000000000001D
:1003E000000000000000000000000000000000000D
:1003F00000000000000000000000000000000000FD
:1004000000000000000000000000000000000000EC
:1004100000000000000000000000000000000000DC
:1004200000000000000000000000000000000000CC
:1004300000000000000000000000000000000000BC
:1004400000000000000000000000000000000000AC
:10045000000000000000000000000000000000009C
:10046000000000000000000000000000000000008C
:10047000000000000000000000000000000000007C
:10048000000000000000000000000000000000006C
:10049000000000000000000000000000000000005C
:1004A000000000000000000000000000000000004C
:1004B000000000000000000000000000000000003C
:1004C000000000000000000000000000000000002C
:1004D000000000000000000000000000000000001C
:1004E000000000000000000000000000000000000C
:1004F00000000000000000000000000000000000FC
:1005000000000000000000000000000000000000EB
:1005100000000000000000000000000000000000DB
:1005200000000000000000000000000000000000CB
:1005300000000000000000000000000000000000BB
:1005400000000000000000000000000000000000AB
:10055000000000000000000000000000000000009B
:10056000000000000000000000000000000000008B
:10057000000000000000000000000000000000007B
:10058000000000000000000000000000000000006B
:10059000000000000000000000000000000000005B
:1005A000000000000000000000000000000000004B
:1005B000000000000000000000000000000000003B
:1005C000000000000000000000000000000000002B
:1005D000000000000000000000000000000000001B
:1005E000000000000000000000000000000000000B
:1005F00000000000000000000000000000000000FB
:1006000000000000000000000000000000000000EA
:1006100000000000000000000000000000000000DA
:1006200000000000000000000000000000000000CA
:1006300000000000000000000000000000000000BA
:1006400000000000000000000000000000000000AA
:10065000000000000000000000000000000000009A
:10066000000000000000000000000000000000008A
:10067000000000000000000000000000000000007A
:10068000000000000000000000000000000000006A
:10069000000000000000000000000000000000005A
:1006A000000000000000000000000000000000004A
:1006B000000000000000000000000000000000003A
:1006C000000000000000000000000000000000002A
:1006D000000000000000000000000000000000001A
:1006E000000000000000000000000000000000000A
:1006F00000000000000000000000000000000000FA
:1007000000000000000000000000000000000000E9
:1007100000000000000000000000000000000000D9
:1007200000000000000000000000000000000000C9
:1007300000000000000000000000000000000000B9
:1007400000000000000000000000000000000000A9
:100750000000000000000000000000000000000099
:100760000000000000000000000000000000000089
:100770000000000000000000000000000000000079
:100780000000000000000000000000000000000069
:100790000000000000000000000000000000000059
:1007A0000000000000000000000000000000000049
:1007B0000000000000000000000000000000000039
:1007C0000000000000000000000000000000000029
:1007D0000000000000000000000000000000000019
:1007E0000000000000000000000000000000000009
:1007F00000000000000000000000000000000000F9
:1008000000000000000000000000000000000000E8
:1008100000000000000000000000000000000000D8
:1008200000000000000000000000000000000000C8
:1008300000000000000000000000000000000000B8
:1008400000000000000000000000000000000000A8
:100850000000000000000000000000000000000098
:100860000000000000000000000000000000000088
:100870000000000000000000000000000000000078
:100880000000000000000000000000000000000068
:100890000000000000000000000000000000000058
:1008A0000000000000000000000000000000000048
:1008B0000000000000000000000000000000000038
:1008C0000000000000000000000000000000000028
:1008D0000000000000000000000000000000000018
:1008E0000000000000000000000000000000000008
:1008F00000000000000000000000000000000000F8
:1009000000000000000000000000000000000000E7
:1009100000000000000000000000000000000000D7
:1009200000000000000000000000000000000000C7
:1009300000000000000000000000000000000000B7
:1009400000000000000000000000000000000000A7
:100950000000000000000000000000000000000097
:100960000000000000000000000000000000000087
:100970000000000000000000000000000000000077
:100980000000000000000000000000000000000067
:100990000000000000000000000000000000000057
:1009A0000000000000000000000000000000000047
:1009B0000000000000000000000000000000000037
:1009C0000000000000000000000000000000000027
:1009D0000000000000000000000000000000000017
:1009E0000000000000000000000000000000000007
:1009F00000000000000000000000000000000000F7
:100A000000000000000000000000000000000000E6
:100A100000000000000000000000000000000000D6
:100A200000000000000000000000000000000000C6
:100A300000000000000000000000000000000000B6
:100A400000000000000000000000000000000000A6
:100A50000000000000000000000000000000000096
:100A60000000000000000000000000000000000086
:100A70000000000000000000000000000000000076
:100A80000000000000000000000000000000000066
:100A90000000000000000000000000000000000056
:100AA0000000000000000000000000000000000046
:100AB0000000000000000000000000000000000036
:100AC0000000000000000000000000000000000026
:100AD0000000000000000000000000000000000016
:100AE0000000000000000000000000000000000006
:100AF00000000000000000000000000000000000F6
:100B000000000000000000000000000000000000E5
:100B100000000000000000000000000000000000D5
:100B200000000000000000000000000000000000C5
:100B300000000000000000000000000000000000B5
:100B400000000000000000000000000000000000A5
:100B50000000000000000000000000000000000095
:100B60000000000000000000000000000000000085
:100B70000000000000000000000000000000000075
:100B80000000000000000000000000000000000065
:100B90000000000000000000000000000000000055
:100BA0000000000000000000000000000000000045
:100BB0000000000000000000000000000000000035
:100BC0000000000000000000000000000000000025
:100BD0000000000000000000000000000000000015
:100BE0000000000000000000000000000000000005
:100BF00000000000000000000000000000000000F5
:100C000000000000000000000000000000000000E4
:100C100000000000000000000000000000000000D4
:100C200000000000000000000000000000000000C4
:100C300000000000000000000000000000000000B4
:100C400000000000000000000000000000000000A4
:100C50000000000000000000000000000000000094
:100C60000000000000000000000000000000000084
:100C70000000000000000000000000000000000074
:100C80000000000000000000000000000000000064
:100C90000000000000000000000000000000000054
:100CA0000000000000000000000000000000000044
:100CB0000000000000000000000000000000000034
:100CC0000000000000000000000000000000000024
:100CD0000000000000000000000000000000000014
:100CE0000000000000000000000000000000000004
:100CF00000000000000000000000000000000000F4
:100D000000000000000000000000000000000000E3
:100D100000000000000000000000000000000000D3
:100D200000000000000000000000000000000000C3
:100D300000000000000000000000000000000000B3
:100D400000000000000000000000000000000000A3
:100D50000000000000000000000000000000000093
:100D60000000000000000000000000000000000083
:100D70000000000000000000000000000000000073
:100D80000000000000000000000000000000000063
:100D90000000000000000000000000000000000053
:100DA0000000000000000000000000000000000043
:100DB0000000000000000000000000000000000033
:100DC0000000000000000000000000000000000023
:100DD0000000000000000000000000000000000013
:100DE0000000000000000000000000000000000003
:100DF00000000000000000000000000000000000F3
:100E000000000000000000000000000000000000E2
:100E100000000000000000000000000000000000D2
:100E200000000000000000000000000000000000C2
:100E300000000000000000000000000000000000B2
:100E400000000000000000000000000000000000A2
:100E50000000000000000000000000000000000092
:100E60000000000000000000000000000000000082
:100E70000000000000000000000000000000000072
:100E80000000000000000000000000000000000062
:100E90000000000000000000000000000000000052
:100EA0000000000000000000000000000000000042
:100EB0000000000000000000000000000000000032
:100EC0000000000000000000000000000000000022
:100ED0000000000000000000000000000000000012
:100EE0000000000000000000000000000000000002
:100EF00000000000000000000000000000000000F2
:100F000000000000000000000000000000000000E1
:100F100000000000000000000000000000000000D1
:100F200000000000000000000000000000000000C1
:100F300000000000000000000000000000000000B1
:100F400000000000000000000000000000000000A1
:100F50000000000000000000000000000000000091
:100F60000000000000000000000000000000000081
:100F70000000000000000000000000000000000071
:100F80000000000000000000000000000000000061
:100F90000000000000000000000000000000000051
:100FA0000000000000000000000000000000000041
:100FB0000000000000000000000000000000000031
:100FC0000000000000000000000000000000000021
:100FD0000000000000000000000000000000000011
:100FE0000000000000000000000000000000000001
:100FF00000000000000000000000000000000000F1
:10100000D096010081212008092E2008092E2008F1
:10101000092E2008092E2008092E200800000000B3
:10102000000000000000000000000000F167000068
:10103000092E200800000000416800002341000044
:10104000092E2008092E2008092E2008092E200824
:10105000092E2008092E2008092E2008092E200814
:10106000092E2008092E2008C5190000F555200872
:10107000A9372008092E2008092E2008092E20084B
:10108000092E2008092E2008092E2008092E2008E4
:10109000092E2008092E2008092E2008092E2008D4
:1010A000092E2008092E2008092E2008092E2008C4
:1010B000092E2008092E2008D0960100092E2008AC
:1010C000812120081D190000092E2008092E200862
:1010D000092E2008092E2008913720089D37200866
:1010E000A9320000092E2008092E200847EA328A7A
:1010F000092E2008092E2008092E2008092E200874
:10110000092E2008092E2008092E2008092E200863
:10111000092E2008092E2008092E2008092E200853
:10112000092E2008092E2008092E2008092E200843
:10113000092E2008092E2008092E2008092E200833
:10114000092E2008092E2008092E2008092E200823
:10115000092E2008092E2008092E2008092E200813
:10116000092E2008092E2008690E0000000000004A
:10117000000000000000000000000000000000006F
:1011800010B500F043FE084C00F052FE074BA1687A
:101190004FF4B67218460AF0B3FFA06000F018FFD3
:1011A000BDE8104000F091BC00ED00E0000400003C
:1011B0000348044B834202D0034B03B118477047E6
:1011C0003075000030750000000000000548064B37
:1011D0001B1AD90F01EBA301491002D0034B03B135
:1011E000184770473075000030750000000000009F
:1011F00010B5064C237843B9FFF7DAFF044B13B15F
:101200000448AFF300800123237010BD3075000047
:10121000000000009023210808B5054B1BB10549CB
:101220000548AFF30080BDE80840FFF7CFBF00BF1F
:1012300000000000347500009023210810B514460A
:10124000114B1268218A11481A600AF01BFE2168AE
:101250000F480AF017FE218919B162680D480AF09B
:1012600011FE206828B9238AA3F5C8739BB2C72B47
:1012700003D8094B02221A7010BDE368002BFBD083
:10128000054B0122F7E700BFBC750000E0F3200822
:1012900000F4200817F42008C1750000024A034832
:1012A00000210DF019B800BF08F7200855282008C4
:1012B00038B5044640F6B835237833B12378012B8E
:1012C00006BF00202070012008E00A200CF0DCFF9F
:1012D000013DF1D102480AF045FE072038BD00BFAC
:1012E0002FF420082DE9F04F8FB0144605468846AC
:1012F0003022002101A81F460AF091FE354B0D93C4
:1013000040F2BB13ADF81030DFF8ECA0324BDFF841
:10131000EC90029403930026089B13B101A807F0F8
:1013200057FF00232D490893524601A807F000FFFC
:10133000044630B1284607F06FFF20460FB0BDE8E5
:10134000F08F012338468DF8043006970AF0E6FE48
:10135000234A0790234901A807F0C4FE0446002849
:10136000E8D1DFF89CB0C9F800008BF8000001A9B3
:10137000284607F083FF0528044603D15846FFF7A7
:1013800097FF0446184B9C4203D0D9F800209A429C
:1013900013D101361E22314614480AF073FD4FF472
:1013A0007A700CF071FF284607F036FF2946404658
:1013B00007F03CFE1E2EAFD10B4C0D4A00231360EC
:1013C0000C4A1370089B002BB7D001A807F000FF50
:1013D000B3E700BF49F4200877F4200897F4200809
:1013E000A4F420083D222008D2BB0100B3F4200859
:1013F000C4750000C075000086F42008BC750000AC
:10140000C175000008B5074A074903460748FFF7BA
:1014100069FF20B90648BDE808400AF033BD054819
:10142000F9E700BF8D750000AE750000B8750000CB
:10143000E6F4200807F52008F7B504200AF0B6F90D
:101440000646002858D02D4D012200210823AA70FD
:10145000EA702A7102220160AB716A70042329705C
:10146000024609214FF4C0606B7108F005FE044686
:1014700028B130460AF0A2F9204603B0F0BD204F53
:101480004FF4FA600CF000FF1E491F480AF0FAFC06
:10149000224642F210711B483B4605F053FF0446BA
:1014A00001461A480AF0EEFC24B1214618480AF019
:1014B000E9FCDEE7FB780193BB7800937B783A7810
:1014C000144915480AF0EAFB134914480AF0DAFCFB
:1014D0001349284607F0AAFD124B0F4A1048294627
:1014E000FFF700FF044618B10D4807F095FEC0E76E
:1014F0000D480AF037FDBFE71924BDE7AE750000BF
:101500009D75000049F4200825F5200841F52008C4
:1015100061F5200882F520088D7500008EF5200801
:10152000B8750000A4F52008C6F5200870B5184865
:101530000AF018FD0821174A40F287734FF4007033
:1015400008F09AFD014620B11348BDE870400AF04A
:1015500099BC12480AF006FDFFF76EFF014608B17C
:101560000F48F2E70F48104C104E114D0AF0FAFCEC
:1015700064200CF089FE2378002BF9D0002330463C
:1015800023700AF0EFFC2868FFF73CFFF0E700BF8C
:10159000E3F520082CF720082DF6200856F6200841
:1015A0006FF62008A7F620084C750000DCF620082E
:1015B0008405000008B500F091FAFFF76FFE00F017
:1015C000E1FA00B908BD00F088FAF8E710B5054C5B
:1015D000206818B10AF0F2F800232360024B0122C0
:1015E0001A7010BDC8750000CC75000038B50446EF
:1015F0004518AC4204D1BDE8384004480AF0B2BCFA
:1016000014F8010B0AF050FCF3E700BF2401210895
:10161000F8B50C461348144F0AF034FCA189A068B1
:10162000FFF7E4FFD4E90401FFF7E0FF66692169F1
:1016300038683F2E28BF3F2632460AF061FD3B68DE
:1016400000259D55094B0A4E01221A706369AB4271
:1016500000D8F8BD3B683046595D0AF013FC0135EF
:10166000F4E700BF89FF2008840500004C750000E6
:10167000A5FF200808B5044809780AF003FCBDE876
:101680000840FFF7A3BF00BFAAFF200830B50546FA
:1016900085B01C46062933D8DFE801F0043F21322B
:1016A0002B344500234C244B019300230093214607
:1016B00002940123092208F0C9F90528014607D040
:1016C0001E480AF0DFFB05B0BDE83040FFF77EBFE3
:1016D0001B48214605B0BDE830400AF0D3BB19488D
:1016E0000AF0D0FBA189A06805B0BDE83040FFF743
:1016F0007DBF154821460AF0C5FB144B01221A7024
:1017000005B030BD214612480AF0BCFB0021284636
:1017100005B0BDE8304007F0DDBF0E4805B0BDE8BC
:1017200030400AF01FBC114605B0BDE83040FFF75D
:10173000A1BF00BF4C08210811262008CBFF2008BC
:10174000E9FF20080E00210838002108CC750000B0
:10175000520021087000210810B52B4A88B040F2D1
:101760006F63082140F2012008F086FC044630B186
:10177000014626480AF086FB204608B010BD2448E2
:101780000AF0F0FB2349244807F094FF044630B1E7
:10179000014622480AF076FBFFF718FFECE711221A
:1017A000014603A80AF03BFC4FF4FA600CF06CFD14
:1017B0001B491C480AF066FB224642F21071184889
:1017C00003AB05F0BFFD0446014617480AF05AFB7B
:1017D00014B116482146DDE71549039B0B6004232D
:1017E0000B74144A0094144B0B4807F0CBFF0528E8
:1017F000044602D001461148CCE711480AF0B2FB7A
:101800000CF0AAFDFCE700BFDC0121088F002108D5
:10181000B40021088D262008D0750000D4FE2008D1
:10182000C900210825F5200841F5200861F52008A8
:10183000B0050000880500009C050000DB002108C1
:101840000501210808B5FFF787FF4FF0FF300CF0C6
:101850001BFDFAE730B5002344499DB01A46082025
:1018600008F084FA044630B1014641481DB0BDE895
:1018700030400AF007BB3F480AF074FB21460820BD
:1018800008F094FB044610B101463B48EEE73B48A4
:101890000AF068FB182221460DEB02000AF0BFFB9C
:1018A00001AD21463C220DA80C940AF0B8FB22465B
:1018B0002B4643F69821324805F044FD02238DF86B
:1018C0001C3042F2107143F6982306A88DF8204090
:1018D0000695ADF81E3008F031FF044620B10146F0
:1018E00028480AF0CFFA0FE042F2107240210CA80B
:1018F00008F09AFF044650B1014623480AF0C2FAA4
:101900004FF4FA6008F093FF20482146AEE70CA997
:101910001F480AF0B7FA4FF4FA6008F088FF04464F
:1019200010B101461B48DCE74FF4FA600CF0ACFC48
:10193000194A1A4821460CF0CFFC90B918480AF011
:1019400011FB42F210700CF09FFC164A1648002161
:101950000CF0C2FC38B915480AF004FB0CF0FCFC92
:10196000FCE71348EBE71248F6E700BF180A210826
:101970006208210892082108A8082108DB0821082C
:10198000F508210805092108220921087009210804
:101990004209210854092108540A21082D2520084C
:1019A0008C092108B801210845282008E5092108EB
:1019B000B7092108704770477047704708B500F0B5
:1019C000E9FD03F0E1FF05F073F900F0DDF8BDE893
:1019D000084000F0B3BB70470CF046BC704770473E
:1019E00070477047EFF3108072B6704710B962B657
:1019F000BFF36F8F7047EFF311800C2383F31188CF
:101A0000704780F31188BFF36F8F7047034638B17A
:101A10000020814204D01A5C02B970470130F8E717
:101A200070474FF0FF31FFF7F1BF000040B1054AAA
:101A30001378012B04D80370013313700020704712
:101A400001207047E875000008B50CF015FC002077
:101A500008BD70B5B0B1ABB14C4204F003042144F1
:101A600089B2C0E90033018142811C460025501E25
:101A7000A842264607DC002A08BF002048434FF052
:101A8000FF321A5070BD0C4434600135F0E738B5B0
:101A9000044630B1FFF7AFFF25686B1C04D1FFF798
:101AA000B0FF0025284638BD2B682360FFF7A9FF4B
:101AB000F8E738B504460D46FFF79DFF23682B6015
:101AC0002560BDE83840FFF79CBF08B500F013F86B
:101AD00000F056F8FEE770477047704708B5FFF70B
:101AE0006DFFFFF77BFFFFF77AFFFFF779FFBDE898
:101AF0000840FFF776BF08B5FFF7EDFF00F0AAF941
:101B0000FFF7EAFF0CF0F0FB00F007F8FFF763FFC8
:101B1000BDE8084000F01AB8704708B5FFF74AFF63
:101B2000FFF749FFFFF748FFFFF747FFFFF7F4FF15
:101B300008BD000008B5FFF73DFD034B1868BDE880
:101B400008400CF08DBB00BFEC75000030B5094DAE
:101B50000FCD8BB001AC0FC40FCD0FC42B6806485E
:101B6000236001AA00210CF0B7FB044B18600BB0F6
:101B700030BD00BF780A2108352B2008EC75000025
:101B8000FFF72ABF0020704770B5134C134D236830
:101B90005E6C0023194628460222B04723681E685F
:101BA0000023194602222846B04723680C4DD3F87B
:101BB000C0300520984723685E6C002319462846EC
:101BC0000A22B04723681C6800232846A4460A223C
:101BD000BDE87040194660470001300000C0042491
:101BE000000013460FB404B07047000030B5114B2D
:101BF00093F85830013BDBB2FD2B8FB018D80E4D57
:101C00000FCD6C460FC40FCD0FC40FCD0FC495E898
:101C1000030084E80300094C6846D4F844370FF009
:101C2000B7FB03F039FFD4F8443700200FB030BDC4
:101C30000120FBE700021F0858021F08008005244E
:101C4000134B0168D3F84437F0B50127013900D2AE
:101C5000F0BDD0F808C04668CCF38455C5EBDC6213
:101C6000346801320023013A0CD203FA05F203EA88
:101C70000C03C3F3150324EA0202AB4013433360A1
:101C80000830E3E707FA02FE43EA0E03EBE700BF82
:101C90000080052408B51848FFF7D2FF1748FFF762
:101CA000CFFF04F083F904F095F904F09FF904F0F4
:101CB000B1F904F0BBF91248FFF7C2FF1148FFF772
:101CC000BFFF1148FFF7BCFF1048FFF7B9FF1048EE
:101CD000FFF7B6FF0F48FFF7B3FF0F48FFF7B0FF5E
:101CE0000E48FFF7ADFF0E48FFF7AAFFBDE808401A
:101CF0000C48FFF7A5BF00BFDC7400004074000073
:101D00007C700000487100003C7100005C710000B4
:101D10001C7000001070000004700000587000007B
:101D2000A07000009470000010B5254CFFF7B2FFC2
:101D300094F8040600F00100FFF758FF4FF4C023A9
:101D4000C4F86C34D4F840311E4843F40023C4F87E
:101D50004031D4F8403143F00103C4F84031D4F8A5
:101D6000403143F00203C4F84031FFF769FF1649E0
:101D70001648D1F8103543F00203C1F810356369F5
:101D800023F400336361636943F480336361D0F803
:101D90004027D0F87837C2F34342023A23F4F07375
:101DA00043EA4213C0F87837D1F8943443F400235F
:101DB000C1F89434236943F46013236110BD00BF5C
:101DC000008004246872000000A00524008005241F
:101DD00008B550B10748FFF733FF0748FFF730FF5A
:101DE0000648BDE80840FFF72BBF0548FFF728FF6E
:101DF0000448F6E7B0720000587300004C7300000E
:101E000024730000D0720000FEE7FEE7054B064A8F
:101E100006498B4200D3704752F8040B43F8040B79
:101E2000F7E700BF00040000AC2521083075000072
:101E3000064B0748DA1C121AC11E22F0030299420F
:101E400088BF002200210AF0EAB800BFD066010076
:101E50003075000070B562B63E4B3F4A1A603F4B8A
:101E60003F4A93F806363F4C3F4D03F00F030F2BCC
:101E700015BF3E4B4FF00063D3F89312D3F83714DD
:101E80000CBF116011603A4A0CBFD3F83634D3F856
:101E90009232136003F080FF2F4BE3630CF040FAA3
:101EA000032004F03DFA03F079FF324BDB694FF079
:101EB0008061D3F880304FF08C409847EB69022660
:101EC00066F30E33EB612C4BDA696FF30202DA61D1
:101ED000304603F0DDFF214B0D22C3F828265A6956
:101EE00042F001025A615A691A6A66F302021A62E2
:101EF0001A6A1207FCD5AB69022262F38403AB6154
:101F0000AB691B04FCD51D4B1D4D5A6E6FF341028E
:101F10005A665A6E6FF300025A660CF045FA194978
:101F20000D4B21614FF4FA40E161174960620022D4
:101F300020624FF40040C4E90033C4E90B15C4E942
:101F40000F33A2606261E360A06263636164A261B7
:101F500070BD00BF88510100005A62020080042455
:101F600030510100385101000081042400001F0895
:101F70002C51010000013000008604240084042458
:101F8000002D310100B4C4040048E8014FF0E02303
:101F900084B0D3F8402F0192D3F8442F02920199D4
:101FA000094A91420DD10299084A914209D1D3F8C8
:101FB000882D0392039A42F470020392039AC3F8A5
:101FC000882D04B0704700BF2100111011000011CE
:101FD00013B50023009301932F4BD3F810250092E3
:101FE000009A00922D4A116821F00F0111601168CA
:101FF0001160D3F89C1421F46071C3F89C14D3F8D9
:10200000041701910199C3F80415D3F80017019141
:102010000199C3F80015D3F8101541F01C01C3F85D
:102020001015D2F8024014F48074FAD11C484369A8
:1020300043F480334361436964F351434361FFF7E1
:10204000A5FF184B4FF080725A60174BC0F8403113
:10205000164B5A6864F3C3025A60036A0E4A43F48B
:1020600080330362036A43F400330362D2F894348A
:1020700043F40023C2F89434036943F4601303610A
:102080000B4B1A6842F400221A601A6842F480224C
:102090001A6002B010BD00BF00A005240000052496
:1020A0000080042400003041030008000081042463
:1020B0000084042430B50E4D2B6885B043B90D4B18
:1020C0000FCB6C4684E80F0020460CF031F92860F5
:1020D0000CF0CEF8022808D1286830B14FF0FF315B
:1020E00005B0BDE830400CF027B905B030BD00BFE9
:1020F000DC510100B00A210808B50CF0B9F802283B
:1021000006D1044B186818B1BDE808400CF0D4B8EB
:1021100008BD00BFDC51010020F04040012802D082
:10212000022805D07047034A1368013313607047D3
:10213000014AF9E7E4510100E051010010B5124CE9
:10214000E3689847A3681148984723690220984795
:10215000A46A01211520A04701211620A0474FF4B1
:10216000E1310120A0470A4C206810B90CF0E0F8DA
:102170002060084B4FF48052C3F88020BFF34F8F8C
:10218000BFF36F8F10BD00BFC00A210819312008AE
:10219000E851010000E100E013B5094C00238DF87F
:1021A00004302360074B01219B6901A898472368ED
:1021B0001BB19DF8040002B010BD00F0FBFAF6E779
:1021C000E0510100C00A210813B5094C8DF8070041
:1021D00000232360074B01215B690DF1070098473D
:1021E00023680BB102B010BD00F0E4FAF8E700BFBD
:1021F000E4510100C00A210803681B780022202B4B
:1022000004D0093B042B01D9D0B270470368591C94
:1022100001605B780132F2E70120704708B504F0F5
:102220007BFE162303604FF0FF3008BD08B504F0B5
:1022300073FE16230360FEE770B50D4614460CF0DE
:1022400017F8022805D10C4B4FF0FF3118680CF03D
:1022500073F82E46731BA34209DB0CF009F8022821
:1022600003D1054B18680CF027F8204670BD16F80E
:10227000010BFFF7A9FFEDE7E85101004FF0FF3038
:1022800070474FF400534B600020704701207047A7
:10229000002070470FB42DE9F0438BB012AB00243F
:1022A00053F8046B019304AD8DF81040A846FFF776
:1022B00073FF0D2805F8010B04D00A2802D0013461
:1022C000142CF4D19E4B019FE34004F1280213F03B
:1022D00001030DEB02041ABF002304F8183C04F8B4
:1022E000173C9DF81030CDE90268002B00F04E81BC
:1022F0000025029B1B78002B4DD0DDF80C9099F83F
:102300000060002E47D002A8FFF776FF044618B100
:1023100003A8FFF771FFECE7029A1346517813F810
:10232000010B0293252801D1252907D18E4232D1F4
:1023300009F10103023203930292DAE726462046AE
:10234000A0461A7806F07C01002A7CD100B10293E5
:1023500009B3002C08BF6324082900F087802029D6
:1023600000F0AA80042916D157F8042B49461444DA
:1023700000200E780B460131002E6AD100286FD163
:10238000B7E7692A50D01ED8632A52D011D8392A0B
:1023900007D82F2A34D8E8B20BB0BDE8F04304B018
:1023A0007047582AF7D146F0200601334FF0100845
:1023B00032E0642AEFD146F4005646F0200601339D
:1023C0004FF00A0828E06F3AD1B20929E3D8092A68
:1023D000E1D801A151F822F01D34200897332008DC
:1023E000973320089733200841342008973320087A
:1023F000BB3320089733200897332008A7332008E1
:10240000002CC8D10A211A78303A01FB042413F8B1
:10241000012F303A092AF6D9012092E746F020062A
:1024200001334FF00808F7E746F0200601338846ED
:10243000F2E7012C46F0040638BF01240133EBE734
:1024400046F00806FAE700299BD0002881D00293C5
:102450007FE702F8016BA2424FF0010089D10B46E1
:10246000994503933FF445AF013542E703A8FFF7D1
:10247000C3FE039E57F8043B314603EB040C0020D7
:102480000C4611F8012B12B960B103940AE00D2A31
:102490000FD8082AF8D803F8012B63454FF0010044
:1024A000EED10391039A96423FF423AF00221A70B3
:1024B000DAE7202AEFD1E7E703A8FFF79DFE039BA9
:1024C000B8F1000F10D0B8F1100F17D11A78302AD8
:1024D00014D15A7802F0DF02582A0FD10233039345
:1024E000023C4FF0100809E01A78302A16D15A78C9
:1024F00002F0DF02582AF1D04FF00808039B1A7847
:102500002B2A0ED02D2A0FD101330393013C4FF01B
:10251000FF31039A00201444844616E04FF00A0865
:10252000ECE701330393013C0121F2E7A9F14103F8
:10253000052B02D920B3039222E0A9F1370317E05B
:10254000010010000CFB083C012092F80090964618
:10255000B9F1000FEED0A242ECD0A9F13003DBB20A
:10256000092B06D9A9F16103052BDFD8A9F157037F
:10257000DBB2984502F10102E4D808B1CDF80CE0D5
:1025800057F8043B0CFB01F119606DE74FF0FF3584
:1025900001E700BF044802231421C21801334B2B6A
:1025A00082F80013F9D1704700E100E0064B18688B
:1025B000002382B262F30F03000C60F31F4382B06A
:1025C000184602B0704700BF340B2108014B186851
:1025D000704700BFEC050000014803F091B800BF50
:1025E000EC050000014903F04BB800BFEC0500000A
:1025F000014803F023B800BFEC05000037B50446DE
:102600000B200D4600F0EAF9064B1B680193064BC0
:1026100000930246054B2946204602F0D1FD03B047
:1026200030BD00BFD4550100D4050000EC0500000A
:10263000014802F0C1BD00BFEC050000014802F0F6
:10264000B8BD00BFEC0500007FB5104BD3E90354C3
:10265000B2F5806F2E883ABF02F1FF33C3F309034E
:1026600040F2FF3363F30D162E80258863F30D15BA
:10267000074B25801B680293064B0193064B009382
:10268000024B02F05DFD04B070BD00BFEC05000020
:10269000D4550100EC510100D40500000D4B1A691E
:1026A000B1F5806F13B538BF01F1FF33148834BF23
:1026B000C3F3090340F2FF3363F30D14064B148098
:1026C0001B680193054B0093024A054B02F09AFCEC
:1026D00002B010BDEC050000D4550100EC51010022
:1026E000D40500000D4BDA68B1F5806F13B538BF23
:1026F00001F1FF33148834BFC3F3090340F2FF3301
:1027000063F30D14064B14801B680193054B009373
:10271000024A054B02F0C8FB02B010BDEC050000F8
:10272000D4550100EC510100D4050000024B034ACE
:102730001B68034902F010BBD4550100D40500000A
:10274000EC050000034B044904484FF400129A645E
:1027500002F0B2BA00840424D4050000EC050000A5
:1027600007B5064B0193064B0093064A064B0749F3
:1027700002F012FA03B05DF804FB00BF5C550100E3
:10278000D4550100D4050000001C0624EC0500000F
:10279000014802F0D9B800BF74060000014802F0F9
:1027A000D3B800BF30060000014802F0CDB800BF2A
:1027B000EC050000FFF7F8BF354BDFED366AD3F8C4
:1027C000102242F04002C3F8102207EE900AD3F81C
:1027D0001022F4EEE67A42F01002F1EE10FA07EE63
:1027E000101A82B0C3F8102206DCF0EE086AB4EECC
:1027F000E67AF1EE10FA08D5D3F8102242F0200262
:10280000C3F81022002002B070479FED237AF4EE47
:10281000C77AF1EE10FA10D5D3F810226FF3030245
:10282000C3F81022D3F810226FF38612C3F81022D7
:10283000D3F810226FF30412E2E777EEC77ADFEDE8
:10284000176A134A87EEA67AF7EE007A77EE277AB0
:10285000FCEEE77ACDED017A9DF80430F6EE007AD1
:1028600077EE277A07EE103AB8EE477AB4EEE77AB9
:10287000F1EE10FAC2BFFCEEE77ACDED017A9DF8D9
:102880000430D2F8101263F30301C2F81012B9E752
:102890000038042433333340CDCCCC3F0AD7A33D9A
:1028A0000A4B9A6C013A052A0ED8DFE802F00305BC
:1028B0000705090B586C7047D86A7047D86B70478A
:1028C000186B7047586B70470020704738510100F3
:1028D00006281DD8DFE800F0040A0D1013161900B1
:1028E0000C4B586809B1B0FBF1F07047094B186AFE
:1028F000F8E7084B586AF5E7064B986AF2E7054B8C
:10290000D86AEFE7034B186BECE7024BD868E9E7AE
:102910000020E7E73851010010B5032814D8DFE89C
:1029200000F0020A0D100F48C06A7AB1A3B981B154
:10293000B0FBF1F00DE00B48C069F6E709484069CB
:10294000F3E708488068F0E70020EEE723B909B90B
:10295000400810BD4900EBE7CB07FAD50229F8D9AA
:10296000E6E700BF38510100F8B50C4615460428CB
:1029700028D8DFE800F003211B1E2400FFF790FF9A
:1029800015B394B108F0CCF8064620460F4608F07F
:10299000C7F8104B002207F087FF02460B4630466F
:1029A000394608F061FA08F0CFFBF8BD0A4BD86948
:1029B000E6E7094B5869E3E7074B9868E0E7064B01
:1029C000D868DDE70020DBE7002CEED0B0FBF4F0A8
:1029D000EBE700BF0000E03F3851010010B50E28C2
:1029E00000F28F81DFE810F00F001E002D00530071
:1029F000720084009600B300CA00DD00E700090100
:102A00003201600182014FF08C43BDE81040D8696B
:102A1000D969DA69C1F3C301C2F3407200F007005B
:102A2000FFF7A2BF4FF08C43BDE81040D869D969C9
:102A3000DA69C1F38321C2F38072C0F3C210FFF7D9
:102A400093BF4FF08C4293699469C3F3C233C4F3CC
:102A5000C324052B19D8DFE803F003090C0F121566
:102A6000FFF71EFF0CB1B0FBF4F010BD8C4B986863
:102A7000F8E78B4B1869F5E7894B5869F2E7884B03
:102A8000D869EFE7864BD868ECE70020EAE74FF01B
:102A90008C42936A946AC3F34243C4F30554032BF4
:102AA00012D8DFE803F002080B0EFFF7F9FE002C46
:102AB000DBD06400D7E77A4B5869F8E7784B986821
:102AC000F5E7774BD868F2E70020F0E74FF08C434A
:102AD000BDE81040986999699A69DB69C2F34022A0
:102AE000C3F30073C1F3C50100F00700FFF714BF83
:102AF0004FF08C43BDE81040D86F99699A69DB6943
:102B0000C2F34022C3F30073C1F3C501C0F34220F6
:102B1000FFF702BF4FF08C439B69C3F30263042BA2
:102B200000F2EF80DFE803F003060A0D10005C4BB3
:102B3000D8689AE7BDE81040FFF7B2BE584B9868D6
:102B400093E7574BD86990E7554B58698DE74FF09D
:102B50008C4291699369926911F4802F5049C2F3B4
:102B6000C0520CBF48698868C3F3C3431AB1002B35
:102B70003FF47BAF12E083B9400876E74FF08C4317
:102B80009A6A9B6A12F4806F454A0CBF9069D068BC
:102B9000C3F3C523002B3FF468AF5B00B0FBF3F039
:102BA00063E7404B98699969BDE81040C1F346411D
:102BB000000FFFF78DBE3B4BDA69DB69C2F34302BE
:102BC000C3F34713052A16D8DFE802F00306090C01
:102BD0000F12334A5068DDE7314A106ADAE7304AAB
:102BE000506AD7E72E4A906AD4E72D4AD06AD1E7D7
:102BF0002B4A106BCEE70020CCE72A4B1A6A1B6ADF
:102C0000C2F34302C3F34213072A1DD8DFE802F0E0
:102C100004070A0D10131619214A5068A7E7204A25
:102C2000106AA4E71E4A506AA1E71D4A906A9EE70F
:102C30001B4AD06A9BE71A4A106B98E7184AD0687B
:102C400095E7174A506B92E7002090E7154B1B6BF6
:102C5000C3F34303062B54D801A252F823F000BF5C
:102C60007D3C2008833C2008893C20088F3C2008BC
:102C7000953C20089B3C20082F3B2008084B5868B7
:102C8000F3E6074B186AF0E6054B586AEDE6044B8D
:102C9000986AEAE6024BD86AE7E6014B186BE4E66D
:102CA0003851010000140424174B5B6BC3F343033A
:102CB000082B26D801A252F823F000BF7D3C200843
:102CC000833C2008893C20088F3C2008953C200844
:102CD0009B3C20082F3B2008E13C2008E73C2008D3
:102CE0000A4B586BC1E6094B9869BEE6064BD86A99
:102CF000D96ABDE81040C1F34711C0F34300FFF7A4
:102D0000E7BD0020B1E600BF0014042438510100E3
:102D1000024B1B68D3F8BC30184700BF00013000DD
:102D2000024B1B68D3F8CC30184700BF00013000BD
:102D3000024B1B68D3F8EC30184700BF000130008D
:102D400007EE100AFDEEC77AF8EEE76AF4EEC76AFE
:102D5000F1EE10FA41BF17EE903A013307EE903AC8
:102D6000F8EEE76A16EE900A70470000024B012168
:102D70009B69C0B2184700BF88560100FFF7F6BF35
:102D80001346054A126810B4546C0A46A446002142
:102D90005DF8044B604700BF0001300010B54FF4F0
:102DA000006003F035F8094C094B4FF000725A648B
:102DB00022782AB9074B08481B6A01219B6A984769
:102DC000237843F00103237010BD00BFD8590100E0
:102DD00000840424000130000014042482B0ADF803
:102DE00004000A4B4FF400621A609DF80420084B5F
:102DF0002AB9D3F8082242F40062C3F808225A68BC
:102E0000002042F001025A6002B0704700E100E089
:102E1000003804242DE9F04F224B234893F81CE09E
:102E2000224B1A7800231C4602F59875D9B28E45BC
:102E30000CD8DFF880800023A8F5107902F5907C8B
:102E4000DAB2964509D80020BDE8F08F30F81510A9
:102E50008C4238BF0C460133E8E743B929F81C30EF
:102E60000133EDE7B5F820B0594489B20AE00027F4
:102E70001FFA83FABEB2B442F2D900220C4D1046BA
:102E800035F8021F8C4203D9B142EBD1013080B238
:102E9000013292B25245F3D301370028EAD128F823
:102EA0001360DDE788560100A85601008456010032
:102EB000E6580100E8580100012800D17047C30717
:102EC00001D44008F8E70020704703460120834200
:102ED00008DC00EBD072A3EB6203B3EBA00FB8BF2A
:102EE000400870474000F2E784B02DE9F7430AAC90
:102EF00084E80F000023ADF806309DF8BC515F4B0D
:102F00009DF8BD715A885B68B3FBF2F30DB9012FD0
:102F100040D15B4901250A885A4C07EE903A92B29B
:102F20000AAB03EB820393ED057AF8EE677AB8EE0D
:102F3000477AC7EE877A17EE900AFFF701FF07EE90
:102F4000900A0B88FCEEE77A9BB203F5987317EEB4
:102F5000902A24F813200B889BB203F5987334F859
:102F60001330012B06D80B889BB203F5987302220D
:102F700024F81320444E0DF138094FF00008B7EE45
:102F8000006A5FFA88F39F4207D803B0BDE8F043B8
:102F900004B070470DF10601BDE7B8F1000F17D07E
:102FA000D9ED007A3288B8EE677AD9ED017AF8EE79
:102FB000677AC7EE277A17EE900AFFF7C1FE07EE91
:102FC000900AFCEEE77A17EE903A13FB02F3738057
:102FD000012F08D072881046FFF76EFF18B910460F
:102FE000FFF773FF70808DB10B880AAA9BB202EBCA
:102FF0004303B3F8F430012B08D10B889BB203F5DF
:10300000987334F81320920824F81320DFED1F7A08
:1030100000231FFA88F09842ADF806300AD2F4EE89
:10302000C67AF1EE10FA27DC08F10108023609F140
:103030000409A6E70A8892B202F59872013334F8BF
:10304000122007EE102AB8EE477A9BB2C6EE076A46
:1030500077EEA67ADFE70A8892B202F5987201331A
:1030600034F812C04FEA4C0C24F812C09BB29842BC
:10307000ADF80630EFD2D7E70023F8E78856010015
:1030800084560100A8560100065901000000000006
:1030900007EE100ADFED087A084837EE277AF7EED8
:1030A000006AC6EE877AFCEEE77A17EE903A834222
:1030B00028BF03461846704795BFD633404B4C0097
:1030C00084B0F0B506AC84E80E00DFED957A0021FF
:1030D00023AC0DF16B050A460B46CEB2B04200F2AE
:1030E000B080002B00F0A480B0EE007AF4EEC77A36
:1030F000F1EE10FAB0EE047A05DBF4EEC77AF1EEE9
:1031000010FA00F1DD80F4EEC77AF1EE10FAB0EEBD
:10311000087A05DBF4EEC77AF1EE10FA00F1D680FA
:10312000F4EEC77AF1EE10FAB1EE007A05DBF4EEB8
:10313000C77AF1EE10FA00F1CC80F4EEC77AF1EE26
:1031400010FAB1EE047A05DBF4EEC77AF1EE10FA6C
:1031500000F1C280F4EEC77AF1EE10FA07DBB1EEAF
:10316000087AF4EEC77AF1EE10FA00F1B880B1EE09
:103170000C7AF4EEC77AF1EE10FAB2EE007A05DBC3
:10318000F4EEC77AF1EE10FA00F1AC80F4EEC77AF3
:10319000F1EE10FAB2EE027A05DBF4EEC77AF1EE48
:1031A00010FA00F1A280F4EEC77AF1EE10FA07DB14
:1031B000B2EE047AF4EEC77AF1EE10FA00F19880DC
:1031C000B2EE087AF4EEC77AF1EE10FA06DBB2EE50
:1031D0000C7AF4EEC77AF1EE10FA61D4B3EE017A0C
:1031E000F4EEC77AF1EE10FA06DBB3EE027AF4EEF3
:1031F000C77AF1EE10FA60D4B3EE097AF4EEC77A2A
:10320000F1EE10FA06DBB3EE0A7AF4EEC77AF1EECD
:1032100010FA70D9B3EE0B7AF4EEC77AF1EE10FA29
:1032200006DB9FED407AF4EEC77AF1EE10FA74D91E
:10323000DFED3D7A9FED3D7A002A18BFF0EE477A28
:1032400065E015F8016FA6F1140CBCF1020F2F7C9C
:103250000FD894ED007AF4EEC77AF1EE10FA03D5A8
:103260000133DBB2F0EE477A0D2F16D00131043472
:1032700033E7A7F10A0CBCF1020F0CD894ED007AE9
:10328000B4EEE77AF1EE10FA03DD0133DBB2F0EED3
:10329000477A182EE9E7182EE6D10132D2B2E5E7D7
:1032A000DFED237A9AB39FED217AF4EEC77AF1EE3F
:1032B00010FA23D5F0EE477A29E0DFED1E7AF1E728
:1032C000DFED1D7AD2B1DFED197A20E0DFED1B7A58
:1032D000F8E7DFED1B7AF5E7DFED1A7AF2E7DFEDCD
:1032E0001A7AEFE7DFED197AECE7DFED197AE9E713
:1032F000DFED187AE6E7DFED187A42B19FED0A7A42
:10330000F4EE477AF1EE10FA48BFF0EE477ABDE8E6
:10331000F04017EE900A04B07047DFED107AECE74A
:103320000000000000004C4295BFD6338BE16A36A6
:10333000EFE608369F9D42362E5A823301A90C349F
:1033400037F859342439EC3434580F35AD18633517
:10335000883E8A35ACC5A735B1B49D36F2DD1C3741
:1033600070B50D4616460446D0B9FFF7E1FCAA48F1
:1033700007222146FFF704FD002D40F0AA81012E0F
:1033800000F09F810B2C1DD00C2C40F0F580052007
:10339000FFF7CEFCA04807220521FFF7F1FC98E0DB
:1033A000012818D10220FFF7C3FC9B480722022105
:1033B000FFF7E6FC002D76D1012E00F082810B2C68
:1033C00040F0DA800320FFF7B3FC07220321924884
:1033D000FFF7D6FC96E002280ED10420FFF7A8FCE8
:1033E000072204218C48FFF7CBFC002D00F06681FA
:1033F000012D40F0778155E1032805D10620FFF724
:1034000097FC07220621EDE7042805D10820FFF7E5
:103410008FFC07220821E5E7052805D10A20FFF7E0
:1034200087FC07220A21DDE706280CD17B4B2022EE
:103430005A601920FFF774FC1920FFF769FC7848DF
:103440000E221921B4E707281ED1744B20225A609E
:103450001B20FFF765FC1B20FFF75AFC0E221B21E7
:103460006F48FFF78DFC002D00F02881012D40F002
:10347000D980012E00F019810C2C21D10520FFF7F5
:1034800057FC07220521A2E7082840F0FD80634B86
:1034900020225A601D20FFF743FC1D20FFF738FC57
:1034A0000E221D21DCE70B2C1ED0012D40F01A81CD
:1034B000012E00F0FA800C2CE0D00D2C00F0C18021
:1034C0000E2C50D00F2C6FD0102C75D12EE0022D69
:1034D00040D0032D52D1012E59D00E2C70D00F2C7C
:1034E00062D0102C30D121E00320FFF721FC4A48A4
:1034F00007220321FFF744FC022D2BD0032D03D11B
:10350000012E44D0002070BD042D00F0A480052DB4
:10351000DAD1012E40F0A3800720FFF709FC072233
:103520003D481146FFF72CFC102C5ED13B4B20226E
:103530005A601A20FFF7F4FB1A20FFF7E9FB38481E
:103540000E221A21FFF71CFC112C50D0072D5CD144
:10355000012E88E0012ED5D169E0012E67D00D2C17
:103560000FD00E2CBBD10920FFF7E2FB2A4807221F
:103570000921FFF705FCCAE70D2C62D00E2C68D19B
:10358000F1E70B20FFF7D4FB07220B211FE70B20ED
:10359000FFF7CEFB204807220B21FFF7F1FB8FE757
:1035A0000E2CE0D00F2CB2D10720FFF7C1FB072271
:1035B00019481146FFF7E4FB062DC5D1012E4FE057
:1035C0000920FFF7B5FB0722092100E70920FFF7D3
:1035D000AFFB114807220921FFF7D2FB7FE7072045
:1035E000FFF7A6FB07221146F1E6112C0DD10B4B7C
:1035F00020225A601C20FFF793FB1C20FFF788FB5A
:1036000007480E221C21FFF7BBFB122C2FD0082DE0
:103610007FF478AF012E28E000C004240000304180
:1036200000001346022D7FF454AF012E99D10520DE
:10363000FFF77EFB2E4807220521FFF7A1FB0D2C8B
:10364000AED10B20FFF774FB294807220B21FFF7AF
:1036500097FB042DA6D1012EB8D00F2CBFD0102C73
:103660003FF464AF112CC2D0122C7FF44BAF214B2E
:1036700020225A601E20FFF753FB1E20FFF748FB55
:103680001D480E221E21A3E60A287FF475AE0120F4
:10369000FFF74EFB164807220121FFF771FB012DB2
:1036A0007FF415AF012E7FF42DAF0320FFF740FB11
:1036B0000F4807220321FFF763FB65E6012E7FF425
:1036C00021AF0120FFF734FB094807220121FFF752
:1036D00057FB0B2C3FF408AF012D3FF4E9AE0C2C47
:1036E0003FF455AE022D3FF438AF0D2CA9D0F0E6D3
:1036F00000C00424000030410000134682B02DE9D0
:10370000F0410F2906AC84E80C005FD8BDF82040DA
:10371000BDF8225044EA0503B3F5806F56D22E4B14
:10372000079E9DF824809DF825E043F8212001F1B3
:10373000100701F1400C43F8276001F15007B24235
:1037400023F81C4023F8175042D0B8F1000F17D0CF
:1037500001F1300802EB4402C0F8D42143F82820DC
:1037600044EAC12242F40048C0F8D881D0F8D88198
:10377000C0F8D821D0F8D82143F82C8043F827206E
:10378000BEF1000F1DD001F1600204EB450434448A
:1037900043F82240CA0202F580622A43C0F8D441AD
:1037A00042F40044C0F8D84101F17004D0F8D85177
:1037B00043F824508031C0F8D821D0F8D82143F8FC
:1037C00021200020BDE8F04102B070470120F9E758
:1037D00042F20210F6E700BFA85601000F2910B50B
:1037E00028D892B1144A01F1300452F82440C0F8AC
:1037F000D44101F1400452F82440C0F8D84101F10D
:10380000500452F82420C0F8D8218BB10A4B01F1A2
:10381000600253F82220C0F8D42101F170028031F7
:1038200053F8222053F82130C0F8D821C0F8D831FD
:10383000002010BD0120FCE7A856010010B5274B61
:1038400027485A685A6842F001025A60D3F80822A1
:1038500042F48062C3F8082203F5B4331A680268A0
:1038600052BBD3F8402442F46752C3F840241D4AA7
:10387000D2F80230DC05FBD41B4BD3F80427D10768
:10388000FBD5D3F80427D207FBD4D3F84824174C30
:10389000174B21681A60930803F4F8530B43910007
:1038A00001F07C0112020B4302F47832134343F01F
:1038B00081032360012303600C4B1A680A4BC3F891
:1038C0004424084AD2F8023013F48073FAD1034A30
:1038D000516863F30001516010BD00BF003804243B
:1038E000785601000000052400A005248056010040
:1038F0007C56010084B070B52DED028B82B008AC0F
:1039000084E80F00444C6E9AA2610D9A43499DF8D9
:10391000B531BDF814012377013A8A4278D20DA956
:103920000122934209D8012B6FD19DF8B43173B1B4
:1039300001280FD942F2061060E00E4651F8045FEC
:103940003668B54264D8002D62D00132E9E7B0F59F
:10395000806FEFD2FFF722FA314B32485A689FED61
:10396000328A6FF38A225A60DA686FF31842DA609B
:10397000DA68042161F30902DA605A682B4942F4DB
:1039800080625A60FEF718FF294B5B686360FFF79F
:1039900055FF02F069FB208102F05AFB208202F001
:1039A00069FBC0F30D0307EE103AB8EEC77A830B3C
:1039B000C7EE086A07EE903AF8EEE77A77EEA67A55
:1039C000C4ED037A02F04AFBC0F30D0307EE103A90
:1039D000B8EEC77A830BC7EE086A01A807EE903AE3
:1039E000F8EEE77A012377EEA67A0193C4ED057A23
:1039F00003F046F8003818BF0120404202B0BDEC89
:103A0000028BBDE8704004B07047013B0F2B90E77C
:103A100042F20410F2E700BF88560100A0252600FC
:103A2000003804243333334000007A44CDCC4C407A
:103A30003851010084B010B52DED028B82B006AC78
:103A400084E80F009DF818300F2B7FD84249434C73
:103A50000B706C99A16106A901EB8301404849698B
:103A60009DF8AD2122770139814271D2012A6AD1B4
:103A700006AA02EB43039DF8AC21B3F8F43022B15F
:103A8000012B05D942F2061056E0B3F5806FF9D24A
:103A9000FFF784F9334B34485A689FED348A6FF34B
:103AA0008A225A60DA686FF31842DA60DA68042111
:103AB00061F30902DA605A682D4942F480625A6063
:103AC000FEF77AFEFFF7BAFE2A4B5B68636002F0EE
:103AD000CBFA208102F0BCFA208202F0CBFAC0F3CC
:103AE0000D0307EE103AB8EEC77A830BC7EE086AEB
:103AF00007EE903AF8EEE77A77EEA67AC4ED037A0D
:103B000002F0ACFAC0F30D0307EE103AB8EEC77A34
:103B1000830BC7EE086A01A807EE903AF8EEE77A41
:103B2000012377EEA67A0193C4ED057A02F0A8FF8F
:103B3000003818BF0120404202B0BDEC028BBDE846
:103B4000104004B07047013A0F2A9AE70120F3E7CA
:103B500042F20410F0E700BF8456010088560100CD
:103B6000A0252600003804243333334000007A4473
:103B7000CDCC4C40385101000F29024610B54FF012
:103B800001000CD8D2F8CC4100FA01F32343D2F85B
:103B9000CC119BB263F30F01C2F8CC11002010BD11
:103BA0000F29024610B54FF001000DD8D2F8CC41D4
:103BB00000FA01F343EA1443D2F8CC119BB263F349
:103BC0001F41C2F8CC11002010BD30B50F299DF85F
:103BD0000C402CD81F2A2AD80F2B28D8012C26D8E5
:103BE00045686D060FD5090134B14518AC6B44EA40
:103BF000835343F08063AB6301448B6B43EA4243DE
:103C00008B63002030BD5CB1D0F8081241F4007124
:103C1000C0F80812D0F8081263F34811C0F808126F
:103C2000D0F8083262F30403C0F80832E9E7012053
:103C3000E8E7000029B9D0F8083261F3CB23C0F8D7
:103C40000832064B5B68DB0741BF43686FF3000334
:103C50004360002058BF4FF0FF3070470038042405
:103C6000C1B2024882B002B0FFF7E4BF00380424BA
:103C70000F2915D80D4B5A68520603D4D3F8DC31FE
:103C8000002B0FDAD0F8DC2101238B401343D0F84E
:103C9000DC219BB263F30F02C0F8DC2100207047E7
:103CA000012070474FF40450704700BF00380424CF
:103CB000B1F5007F14D2B2F5806F11D243686FF373
:103CC0008A234360C36861F31843C360C36862F327
:103CD0000903C360436843F4806343600020704776
:103CE000012070470F2925D8012A05D1436A6FF3B7
:103CF000D753436200207047022A0BD1436A6FF307
:103D000000034362436A6FF304134362436A6FF331
:103D1000C303EEE7084BD3F8DC31002BEADA436A41
:103D20000122C3F3CF138A4023EA0201436A61F3FD
:103D3000D613DEE701207047003804240F2903461C
:103D40004FF0010014D81A6A00FA01F189B2186A1A
:103D5000C2F30F220A4362F3172018621A6AC2F3F1
:103D60000F2222EA0102196A62F317211962002068
:103D70007047000010B510B1012804D010BDBDE897
:103D80001040FFF70BB84FF4006002F05BF80A4AEE
:103D900013786FF300031370DBB2002BEED1074BE7
:103DA00007484FF000729A64064B1B6ABDE810404A
:103DB000DB6B0221184700BFD8590100008404249E
:103DC000001404240001300013B50D4BADF80400BD
:103DD0004FF40062C3F88020BFF34F8FBFF36F8FA3
:103DE00001210322084602F01FFF044628B90120E2
:103DF000FFF7C0FF204602B010BD4FF0FF30FAE7DA
:103E000000E100E04368064A61F349234360D2F8C9
:103E1000403443EA4143C2F840340020704700BFB9
:103E200000A0052484B02DE9F04F2DED028BF1B0F8
:103E30007CAC84E80F009DF8853365934FF4C47221
:103E400001237FA9684669939DED818A9DF884537B
:103E500008F056F994E80E006598BA4CFFF730F96F
:103E600005EE900AFFF714F994ED017A07EE900A37
:103E7000B8EE476AF8EE677AB7EE007A87EE065A30
:103E8000C7EE276AC6EE857A17EE900AFEF758FF4E
:103E900007EE900AFCEEE77A17EE903AC5EE857AC7
:103EA0009EB217EE900AFEF74BFF07EE900AFCEE6B
:103EB000E77A17EE903A9FB2BE4204BF0136B6B21F
:103EC000002D5ED1BDF8843327804FF4C27280A9E3
:103ED000684666809C4CADF8843108F011F97CABE3
:103EE0000FCBFFF701F8FEF795FF32463946204623
:103EF000FFF7DEFE01212046FFF784FF6368934E43
:103F0000DFF8409243F000636360636843F040036E
:103F10006360636865F3410363603323C4F8E4318D
:103F2000636843F004036360D4F8DC3143F000437A
:103F3000C4F8DC310DF2E223669306F18103A8AFE9
:103F400006F13E0B67930DF5F878659AEBB29A424D
:103F500000F28D807E4B6A9300227E4B6B9369A9A1
:103F6000012002F0C5FD10B1452840F0E7806999B5
:103F70006AAA012002F02AFE003818BF0120404240
:103F80006EE0B8EE488A3946C6EE087A17EE900A17
:103F9000FEF7D6FE07EE106A07EE900AB8EEC77A73
:103FA0006948B4EEE77AF1EE10FA49BFFCEEE77A21
:103FB000324617EE903A9AB24DBF628027806680F3
:103FC0002780FFF775FE01215F48FFF71BFF5E4B5F
:103FD0005A6842F000625A605A686FF386125A605B
:103FE0006A1E012A5A684FF0000194BF42F0020293
:103FF00065F341025A60C3F8E4115A6842F00402C2
:104000005A60D3F8DC2161F3DF72C3F8DC219DF83C
:10401000F1219DF844029DF854125AB1D3F8086278
:1040200062F34926C3F80862D3F8086261F34816C0
:10403000C3F80862444ED6F8083260F30403C6F8A9
:104040000832FFF78DF92A4600213046FFF74AFE75
:1040500062886368B3FBF2F33F4A0020C2F8803203
:1040600071B0BDEC028BBDE8F04F04B0704798F81A
:1040700054A098F86430649318F8013F6393009358
:1040800052462946649B2046FFF79FFD36F8021FE3
:10409000328C012A08D0AB0003F1105303F58723BB
:1040A000A3F83811C3F8782129462046FFF7E0FD30
:1040B000DDE963215046FFF753F929462046FFF713
:1040C0006FFD7B6E6C93D7F8A4306D93669B33F8CD
:1040D00002AF669340F20113ADF8BC31ADF8B8A160
:1040E000ADF8BAA170AB13E90300DDE96C238DE8EC
:1040F000030029462046FFF701FB29462046FFF72B
:104100003BFD002229462046FFF7ECFDB9F80220CE
:10411000D9F80430B3FBF2F3328CB3FBF2F34BF873
:10412000043F57F8043FA6F8D0A0CBF85030679B67
:10413000639A03F8012F0135679306E74FF0FF30CC
:104140008EE700BF8856010000380424E6580100BD
:104150006D3D20087D3D2008A856010084B02DE962
:10416000F04FEDB076AC84E80F009DF8D8419DF893
:104170006C639DF86DA301200F2C659000F21281F5
:10418000DFF840828A4D88F800404FF4C47279A964
:10419000684607F0B5FF76AB0ECB5046FEF790FFB2
:1041A00005EE900AFEF774FF95ED017A07EE900A8E
:1041B000B8EE476AF8EE677AB7EE007AC7EE276A7C
:1041C000C7EE067AC6EEA77A17EE900AFEF7B8FD9C
:1041D00007EE900AFCEEE77A17EE903A66EE257A43
:1041E0009FB217EE900AFEF7ABFD07EE900AFCEEC9
:1041F000E77A17EE903A1FFA83F94F4504BF01376B
:10420000BFB2002E51D1BDF86C336A4C6F804FF4B1
:10421000C2727AA96846A5F80090ADF8843107F01B
:104220006FFF76AB0FCBFEF75FFEFEF7F3FD3A466E
:1042300049462046FFF73CFD01212046FFF7E2FDFD
:1042400063685D4F43F000636360636843F040035D
:104250006360636866F3410363603323C4F8E43149
:10426000636843F004036360D4F8DC3143F0004337
:10427000C4F8DC31F3B29A4500F2A6804F4B669346
:1042800000224F4B679365A9012002F031FC10B169
:10429000452840F02A81659966AA012002F096FC23
:1042A000003818BF012040427CE076AB03EB840469
:1042B000D4ED057AF8EE677A4946C6EE277A17EE0E
:1042C000900AFEF73DFD07EE107A07EE900AB8EE71
:1042D000C77A3848B4EEE77AF1EE10FA49BFFCEE3F
:1042E000E77A3A4617EE903A9AB24DBF6A80A5F83F
:1042F00000906F80A5F80090FFF7DAFC01212D48AF
:10430000FFF780FD2B4B5A6842F000625A605A68F2
:104310006FF386125A60721E012A5A684FF000012C
:1043200094BF42F0020266F341025A60C3F8E411FE
:104330005A6842F004025A60D3F8DC2161F3DF725C
:10434000C3F8DC2198F8002002F5EC726A4492F878
:10435000540092F8641052785AB1D3F8084262F3CC
:104360004924C3F80842D3F8084261F34814C3F85B
:104370000842104FD7F8083260F30403C7F8083238
:10438000FEF7EEFF98F80040324621463846FFF728
:10439000A9FCA0346A886B68B3FBF2F3064A42F8C2
:1043A000243000206DB0BDE8F04F04B0704700BF6E
:1043B0008856010000380424A85601006D3D2008ED
:1043C0007D3D20088456010098F80010639101F5A6
:1043D000EC736B44204693F8642093F8549093F860
:1043E00001B062921346CDF800B04A46FFF7EDFBEC
:1043F000639901F5907337F8130001F5987337F856
:104400001320012A08D08B0003F1105303F58723F2
:10441000A3F83801C3F878212046FFF729FC5A4653
:1044200062994846FEF79CFF98F80090204649465E
:10443000FFF7B6FB76AB03EB89030136D3F81431F3
:10444000689376AB03EB8903D3F85431699376AB69
:1044500003EB4903B3F8F430ADF8A831ADF8AA3155
:1044600040F20113ADF8AC316CAB13E90300DDE9A8
:1044700068238DE8030049462046FFF73FF998F886
:10448000009020464946FFF777FB49460022204628
:10449000FFF728FC09F1A00269886B68B3FBF1F310
:1044A00009F5987137F81110B3FBF1F347F8223092
:1044B00076AA02EB490209F5C473B2F8F42027F892
:1044C000132076AA02EB890209F1B403D2F8B420D2
:1044D00047F8232009F5EC7207EB09030DEB0209FD
:1044E00099F8012083F8C022C4E64FF0FF3059E765
:1044F000D0F8E03143F00103C0F8E031002070470C
:104500002DE9F341374B9A6A0192019A16020DD5B3
:10451000426A1502C2F3C05008D45A6A42F400023B
:104520005A62314B9B690421984718E0019BDC07D4
:1045300009D52C4A136A43F0010313622A4B052163
:104540009B690020F0E7019C14F080740BD0254893
:10455000012100F095F8254B02201B6898470020A8
:1045600002B0BDE8F0811F4B5A68500603D4D3F85F
:10457000DC21002A25DA1E4D1A4FDFF86C80019BE2
:10458000E21DD340D90716D521463846FFF7D6FBA2
:104590002B78E6B2B3FA83F2520931463846FFF778
:1045A0001DF9D8F818300021304698472B78B3FA17
:1045B00083F35B092B700134102C05F10105DED16A
:1045C000CDE75A689207CAD4D3F8DC11C90FC6D117
:1045D0005A6842F004025A600198034BC0B29B69CA
:1045E000A2E700BF0038042488560100DC5901000E
:1045F000685601000148FFF783BF00BF003804245C
:10460000030548BF20F40060174B58BF40F400601A
:10461000D1B11A8A93ED057A821A07EE902AF8EE44
:10462000E77A67EE877AFDEEE77A17EE903A18B2EE
:10463000B0F5805F11DA002812DDB0F5006F10DBF5
:10464000A0F5006000B270471A8993ED037A821AD0
:1046500007EE902AF8EEE77AE3E740F6FF70EFE71F
:10466000002000F50060EDE788560100406921B1A7
:104670001146C0F30B00FFF7C3BFC0F30B00704738
:10468000436A01291DBF43F002034362436A43F0BA
:10469000807318BF43F004034362002070472DE984
:1046A000F04F92F806C092F802A05378D5781679A8
:1046B000577992F807E092F8088092F8099092F8FA
:1046C0000AB0D47A127802B35B0643EA4B7343EA2A
:1046D0008A5343EA495343EA085343EA4E4343EAC1
:1046E0000C4343EA47330901026843EAC62301F158
:1046F000105143EA852301F5872142F0004243EA45
:1047000044230260CB63BDE8F08F02686CF3C712EC
:10471000026002686AF34F320260026863F3134278
:104720000260036865F341030360036866F3830373
:104730000360036867F30613036003686EF30A23DC
:104740000360036868F3CB230360036869F30C33E9
:10475000036003686BF314530360036864F300039E
:104760000360D0E710B4034C2468646CA4465DF881
:10477000044B604700013000034B1B680A469B6CEA
:1047800001460248184700BF00013000001404240D
:10479000014BDB685B691847000130008A1E70B569
:1047A00043680D46052A04D8DFE802F01B1D4C4E75
:1047B00050528469B3F1884F60D163783F2B19D987
:1047C0005B4B60781B684038D3F8E830C0B298473C
:1047D00062785848403A0623D2B20021FFF7C2FF60
:1047E00008E0C469E6E7B3F1884F046A32D1607823
:1047F0003F283AD8E07820B14D4B1B68D3F8C03041
:1048000098476078A0F11903052B04D8484B1B6822
:10481000D3F8B8309847032D06D1454B60781B6814
:104820000121D3F8D4309847414B60781B68D3F806
:10483000C8309847A378627821783F48BDE8704037
:10484000FFF790BF446AB5E7846AB3E7C46AB1E78B
:10485000046BAFE7394A9342C9D0394A934211D128
:1048600060783F28C6D9032DAAD1314B1B68403848
:10487000D3F8F0300121C0B29847A1E72F4A934204
:10488000EBD19AE72F4A934250D1002C4ED0627858
:104890003F2A18D9032D07D1254B1B68403AD3F87E
:1048A000F0300121D0B29847214B60781B68403826
:1048B000D3F8E830C0B298476278A37821781D48D1
:1048C000403AD2B2BAE71C4821780923FFF74AFFE1
:1048D000E07820B1164B1B68D3F8C0309847032D01
:1048E00006D1134B60781B680121D3F8D430984768
:1048F0000F4B60781B68D3F8C830984721780D4873
:1049000062780023FFF72EFF6078A178A0F12E03D4
:10491000032B02D82638C0B202E00F2804D10720AA
:10492000BDE87040FFF728BF0638F4E770BD00BF50
:104930000001300000C004240000134600010044C0
:104940000000024500180424F0B5436885B0002437
:10495000B3F1884F01940546029403940BD0774A33
:10496000934208D0764A934200F0D180754C181BD0
:104970004442444164009A680192019A02F006029E
:10498000062A4FEA84742CD15B690293029B990733
:1049900010D56A6913686BB10121517120209847C5
:1049A0006B6993F82820032A04D193F826300BB1C1
:1049B00044F01004029B5A0707D56A69136823B1B3
:1049C000012111724FF400709847029B1B0740F1C0
:1049D000A0806A69136823B10121D1714FF48070FE
:1049E0009847019B9E071DD56B691E6910201A6AA6
:1049F0006968964209D09F690138BF5C0F6002F177
:104A000001021A62F3D196420CD14A6822F00202E6
:104A10004A60002283F826201B681BB144F0010481
:104A200020469847019B580738D56B691A68002AB9
:104A300034D06A685169C90725D511685A69DB699C
:104A4000D1546B69DA69D96801328A42DA611AD1C4
:104A500069684A6822F001024A6093F82820023A05
:104A60000021012A197164D893F8272083F82710B0
:104A7000022A5ED0032A59D0012A01D144F0010450
:104A80001B68204698476B691A683AB1D969DB6898
:104A9000994203D044F0400420469047019B1A07F6
:104AA0004AD16B689B6903936B78DB0608D5039B3F
:104AB000DF0705D56B6944F480641B68204698477E
:104AC0006B785E0608D5039B980705D56B6944F49F
:104AD00000641B6820469847AB78D90708D5039B2C
:104AE0005A0705D56B6944F400541B682046984763
:104AF00095F90130002B1FDA039B1B071CD56B694E
:104B00001B6844F4805005B0BDE8F040184701240C
:104B100031E7029BDF067FF564AF6A691368002BFB
:104B20003FF45FAF01219171802059E744F0040404
:104B3000A6E744F00204A3E705B0F0BD000100447D
:104B4000000002450018042430B504460AB3B0F54D
:104B5000E10F1ED853688025DD608900B1FBF0F1BC
:104B6000D3F8C0006FF30500C3F8C0000020186040
:104B70005860D860DD60C1F387151D60C1F38735CB
:104B800001F03F015D60C3F8C010D8605369DC627A
:104B900030BD40F20160FBE72DE9F7434E69DDF8D7
:104BA000289096F8295015F001050C4617469846AE
:104BB0006ED1C6E90005357286F8265086F8245075
:104BC0004B68B3F1884F02D0354A934212D1354B2E
:104BD00010229A60344BA26BDB69019294F8342066
:104BE0000092D3F8A45094F83C20002301214FF008
:104BF0008C40A84762682D4B9A4215D103F15F4360
:104C000003F5213310229A60274BA26BDB690192D6
:104C100094F834200092D3F8A45094F83C20012357
:104C200019464FF08C40A8476268214B9A4210D138
:104C300003F5D8434FF400125A641B4B228F1B6AB2
:104C40000092DD6994F83C2094F835301948012130
:104C5000A847E3680BB92369B3B16568B5F1884F1C
:104C600008D00F4B9D4205D0104B9D4202D0104BF7
:104C70009D4211D10C4BDB684A461D680B9B414697
:104C80003846A847C9F800006369012283F8292043
:104C9000002003B0BDE8F0834FF0FF30F9E700BF1C
:104CA000000100440084042400013000000002459B
:104CB000001804240014042438B54368B3F1884F65
:104CC00004460D4602D01F4A934207D11E4BDB69B2
:104CD0000021D3F8E8304FF08C40984762681B4BB6
:104CE0009A4207D1184BDB690121D3F8E8304FF025
:104CF0008C4098476268164B9A4205D1124B154872
:104D00001B6A0821DB6B9847E3680BB923698BB1F9
:104D10006368B3F1884F08D00A4A934205D00B4A22
:104D2000934202D00A4A934209D1074BDB682846D6
:104D30005B6898476369002083F8290038BD4FF00D
:104D4000FF30FBE700010044000130000000024595
:104D5000001804240014042470B50C4615461E46A1
:104D600020B1022872D06FF0030070BD91F90800E5
:104D700000280CDB4309474900F01F0020330122C3
:104D8000824041F82320BFF34F8FBFF36F8FE0685D
:104D900062696368B0B192F826209AB1B3F1884F86
:104DA0000BD03D4A934208D03C4A934205D03C4A3E
:104DB000934202D04FF0FF30D7E7007932462946C0
:104DC000FFF7E6FCD4E90402636890B1127982B17E
:104DD000B3F1884F08D0304A934205D02F4A93420E
:104DE00002D02F4A9342E5D1007932462946FFF797
:104DF000CFFC63682B4AB3F1884F05D026498B421C
:104E000002D026498B421DD11023D36094F908307B
:104E1000002B09DB5A09012103F01F03994002F11D
:104E200060031C4A42F82310636900225A601A7218
:104E300083F8262093F8292022F0020283F8292003
:104E4000002092E74FF400139364DFE74A6992F879
:104E50002930D907AED513F00203F1D161684B6058
:104E60005360137282F826304FF44073138594F91F
:104E70000830002BE4DB03F01F015B099B0003F10A
:104E8000604303F5614301228A40C3F880211A6020
:104E9000D6E700BF00E100E0000100440000024549
:104EA00000180424008404242DE9F04F8FB00DF184
:104EB0001C0A06460D46904600211C225046DDF88D
:104EC00064901F4607F0ABF8002E00F08D80002D97
:104ED00000F08A80D8F8142092F82930580704D4BA
:104EE0004FF0FF300FB0BDE8F08F92F82630002B66
:104EF0007DD1012482F82640D8F80CE01362966137
:104F0000D8F804301561BEF1000F59D0B3F1884FC5
:104F1000099450D0374A93424DD0374A93424CD0EF
:104F2000364A9342DCD122460324CDE90C420121CA
:104F30000B91DEF80000DEF808C007919EF804101F
:104F4000BEF800E0CEF3091E6EF30D1000F0070B63
:104F5000BBF1020F01BFBA6894686BF3020494605E
:104F6000274C0EF101029542E26838BF05F1FF3E81
:104F7000D2F808B0189ACDF8149038BFCEF3090EC5
:104F80006EF30D10CDE903C2CDE9010A009532465A
:104F90003846D8470130A3D0D8F80C00E368007930
:104FA000DB6839464A469847E36849461B693846F4
:104FB0009847002096E71922B7E71B220224B4E79E
:104FC000596989060ED45A6842F002025A60F0E725
:104FD0004C1C1462715C19600138F4D0116AA9424A
:104FE000F6D1F0E71020F9E76FF004007AE76FF0F0
:104FF000010077E700010044000002450018042486
:10500000000130002DE9F04F8FB0984607AB814684
:105010000F461846164600211C22DDF864A006F053
:10502000FEFF0346B9F1000F7BD0002F79D07269E3
:1050300092F82910490704D44FF0FF300FB0BDE8B3
:10504000F08F117901296FD0002501245460157269
:105050003069D760C2F81490D561726800285BD0BF
:10506000B2F1884FCDE9085451D031498A424ED02F
:1050700030498A424DD030498A42DDD10324B0F80C
:1050800000B0D0F800C0D0F808E0CBF3091BCDE9A0
:105090000C456BF30D1C01210B9107910CF00705DA
:1050A0000021022D0A91017901BFD8F80800846817
:1050B00065F302048460214C0BF101008742E06833
:1050C00038BF07F1FF3B85681898CDF814A038BFAA
:1050D000CBF3090B6BF30D1CCDE903E0CDE901C364
:1050E00000974B464046A8470130A5D03069E36899
:1050F0000079DB6852464146984796F8403023B91C
:10510000E36851461B6940469847002096E71825FA
:10511000B5E71A250224B2E7536843F00103536050
:10512000F3E76FF0040089E76FF0010086E700BF46
:105130000001004400000245001804240001300072
:105140002DE9F3470746DDE90AA8DDF83090084667
:1051500016461D461FB311B30AB35B6993F82920A5
:10516000520723D595F84040F4B12A7812F0060F83
:105170001CD0032283F827203146CDE9008953460D
:105180002A46FFF73FFF60B953462A463146384664
:10519000CDE90A8902B0BDE8F047FFF785BE6FF0A0
:1051A000040002B0BDE8F0872046FAE74FF0FF3078
:1051B000F7E74369186A70474369D8697047000088
:1051C0002DE9F0471C465B69924693F829208046FA
:1051D0009007DDE90867894640F120825FFA88F58B
:1051E000A5F11501052900F2D680DFE801F00319C9
:1051F00029426C94B9F1000F0DD002212046FFF72F
:10520000CDFA626992F8293043F0080382F8293018
:105210000020BDE8F08722F0080283F82920F7E794
:10522000B9F1000F09D003212046FFF7B7FA6269F0
:1052300092F8293043F01003E8E722F01002ECE77F
:10524000B9F1000F0DD093F82620002A40F0E98133
:105250006168CA6842F04002CA60012283F82620D1
:10526000D6E76168CA6822F04002CA6083F82690D7
:10527000CEE76068426822F002024260D4E903523D
:10528000E2B9B5B10D22826093F826309BB1B0F13E
:10529000884F08D08E4B984205D08E4B984202D052
:1052A0008D4B984207D128793A463146FFF770FA7C
:1052B00001E00523836063690022CFE70D2282604D
:1052C000002DE1D1F7E760682569426822F001020C
:1052D00042604DB9E3682BB9032383606369002200
:1052E0001A7195E70B23F8E70B2282601B79002BDC
:1052F000F4D0B0F1884F08D0754B984205D0754B6B
:10530000984202D0744B9842E8D128793A46314607
:10531000FFF73EFAE2E76268E068516821F00301B6
:10532000516098B193F8263083B1B2F1884F08D01C
:10533000674B9A4205D0674B9A4202D0664B9A421D
:1053400004D100793A463146FFF722FAD4E9040243
:10535000636840B9E368E3B90723626893606369EF
:1053600000221A717AE712799AB1B3F1884F08D006
:10537000574A934205D0574A934202D0564A934225
:1053800007D100793A463146FFF702FA2369002B2C
:10539000E0D00F23E1E76A1E132A00F24581DFE81F
:1053A00012F03900140047005E006F008A004301CC
:1053B00043014301430143014301430143014301CD
:1053C0008F0017008A0092008A0094F8403013B9C9
:1053D0006FF006001DE762683D4B9A42F8D12378D2
:1053E000990717D501212046FFF7D8F963689A6D10
:1053F00042F001029A659A6D42F002029A6594F8B1
:1054000041109A6D41B342F010029A659A6D42F0D4
:1054100020029A6508F4E066B6F5A06F72D05DD8F8
:10542000002E72D0B6F5807F71D06FF00800F0E6E4
:105430006268274B9A42CBD123785A07C8D50121FD
:105440002046FFF7ABF963689A6D42F001029A6556
:105450009A6D6FF34102D1E761F30412D5E7217829
:105460000B07D7D563681A6C42F001021A641A6CF4
:105470008F074CBF6FF3410242F002021A64C9E782
:105480006368B3F1884F02D0114A9342A0D12378C8
:10549000DE069DD506212046FFF780F9204607212C
:1054A000FFF77CF92378D80692D56268136943F038
:1054B00040031361AEE7257815F02005AAD087E7F1
:1054C00083F82490A4E6257815F04005F6E700BFA0
:1054D000000100440000024500180424B6F5C06F26
:1054E00017D0B6F5E06FA0D10026022708F440538C
:1054F000B3F5805F10D0B3F5005F1BD073B16FF0D0
:10550000090086E600260027F0E70327EEE70926D4
:10551000F9E700260127E9E747F0180708F44043B8
:10552000B3F5804F09D0B3F5004F06D03BB16FF013
:105530000A006EE647F00807F0E747F0040708F4B2
:105540004033B3F5003F2FD007D8002B3BD0B3F545
:10555000803F19D06FF00B005BE6B3F5403FF9D107
:10556000637803F01803182B07D104212046FFF7B6
:1055700015F905212046FFF711F9238803F4C073BC
:10558000B3F5C07F0BD0E5E76378190703D5052194
:105590002046FFF703F994F90030002BDADA62684D
:1055A000136943F022030DE06378DA0603D5042182
:1055B0002046FFF7F3F86378DB07CBD56268136901
:1055C00043F020031361AB1E012B05D818F4802F84
:1055D0002DD118F4002F2DD1D4F80480D8F8103034
:1055E00023F01003C8F81030224651464846FFF712
:1055F000ABFA6369012183F82850C8F80810C8F88D
:105600000C70C8F8CC60D8F8AC2061F3C402C8F8BC
:10561000AC2093F8292042F00402FEE54FF0FF3061
:10562000F7E56FF00100F4E56FF00300F1E56FF0CE
:105630000C00EEE56FF00D00EBE500BF426943683A
:10564000107A5969137981F080015B00C1F3C011B0
:1056500003F002030B435179C90001F008010B4329
:105660009179090101F010010B43D179490101F051
:10567000200180010B4300F04000184370470000F8
:105680004B6993F829305B0732D54B68002B32D039
:10569000032830D8DFE800F0020B121F4A78120707
:1056A00029D51A6922F002021A61002070474A784F
:1056B000100720D51A6942F00202F5E7B3F1884FCE
:1056C00002D00E4A934216D14A78910613D51A6930
:1056D00022F00102E8E7B3F1884F02D0074A934273
:1056E00009D14A78920606D51A6942F00102DBE731
:1056F0004FF0FF3070476FF0030070470001004427
:10570000024630B5536800201BB3516991F8291047
:1057100049071ED5557899699278EB064CBFC1F3BD
:105720000013034615F0400418BFC1F3401412F0F3
:10573000010218BFC1F380122D060FD5C1F3C011AD
:1057400043EA440343EA810343EAC20363F30700E5
:1057500030BD0246014604460346F1E70021EFE76B
:1057600041F20273984221D011DC41F20453984275
:105770001CD005DCF8B101280CBF212001207047A6
:1057800041F2017398420CBF11200120704742F290
:10579000041398420CD042F2061398420AD042F207
:1057A000031398420CBF212001207047212070472D
:1057B000282070472B207047014BDB695B6E184730
:1057C00000013000014BDB699B6B18470001300082
:1057D000014BDB695B6A1847000130003D4B994281
:1057E00070B50C46154672D83B4B99420AD93B4BD3
:1057F0004FF400125A623A4B10229A615A6C42F0EE
:1058000010025A64012838D002284CD000282FD129
:10581000344B354EDB690121D3F8EC30A422084625
:105820009847324B9C60FFF7D3FF314B9D4205D127
:1058300008F076FD736823F4404373604FF45943D6
:10584000A6F86030274BDB699B682A4621464FF05B
:105850008C40984768B9274B9C42274B02D9DA6E97
:10586000920305D44FF480229A664FF400329A6670
:105870000020BDE87040FFF773BF1C4B1A4E5C61FF
:10588000FFF79AFF1A4B9D4205D108F049FD736856
:1058900023F4404373604FF45943A6F8A030114BF2
:1058A000DB699B6DD1E7114B9C61FFF78BFF08F023
:1058B00037FD0D4B4FF45942A3F8E020094BDB694B
:1058C0002A46DB6B21464FF08C409847D1E72120D8
:1058D00070BD00BF0095BA0AFF0D27070000282001
:1058E0000080004600013000008018463851010059
:1058F000005A62027F4A5D05008404241E4B9942CF
:1059000070B505460E460DD81C4A536A23F40013A1
:1059100053621B4B9A6922F010029A615A6C22F072
:1059200010025A64002211464FF08C4000F0B2FB86
:105930000446FFF715FF0246D8B9D5B1042D13D19F
:10594000104A31460120FFF749FF04B22046FFF715
:1059500007FF024668B929464FF08C4000F09AFBD9
:10596000BDE87040FFF7FCBE022DEFD1054A31467D
:10597000E9E7104670BD00BFFF0D27070000282093
:1059800000800046005A620208B508F0C9FC0321F5
:105990004FF08C4000F05EFC08F0C2FC032000F0E9
:1059A000BFFCBDE8084002490220FFF7A7BF00BFC7
:1059B0000095BA0A044B4FF48072DA63034B4FF43C
:1059C00000629A60704700BF008104240000081242
:1059D00008B5284B4FF400621A60274AD2F88C377A
:1059E00043F4004343F08003C2F88C37D2F88C377D
:1059F0005B06FBD5D2F88C27204BDFED216A9FEDAB
:105A0000216A214902F03F021A601A68262A84BFDF
:105A100026221A601D4A9268EAB11D48C2F3150297
:105A20000260D3ED007A90ED007AF8EE677AB8EE76
:105A3000477A77EEA67A37EE267A67EE867AC7EE51
:105A4000876AC1ED006AFFF7B5FF0A4B4FF40062A9
:105A50005A60086808BDD3ED007AF8EE677A77EEF1
:105A6000A67ADFED0C6A67EE867A87EEA67A81ED7C
:105A7000007AE8E70000081200A00524E8590100B8
:105A800089410B4233335340E05901007C700000E0
:105A9000E4590100C4A08342F0B5A24CA24BA26815
:105AA0000578A24E02EA0301027802F001020A43DD
:105AB0009F49A2608A6802EA0304427802F0010268
:105AC000920042EA951222438A600A69457802EA06
:105AD00003040278C2F344022243964C0A61A2688E
:105AE00002EA0301827802F00302520142EAD5027F
:105AF0000A439149A2608A6884781A4042EA940273
:105B00008E4C8A60A268C1781A4001F01F011143CF
:105B1000A160B268047902EA030504F03F04C27888
:105B2000640044EAD214C2F3411242EA84022A43D6
:105B3000B260834E4579B26802EA0304027905F047
:105B40007F05920942EA850222437E4DB260AA682F
:105B500002EA0304C27902F00F0222437A4CAA60DF
:105B6000A268C579067A1A4042EA1512774DA260FA
:105B7000AA6802EA0304427C02F07F022243AA6080
:105B8000734DAA6802EA0304027A02F07F022243FC
:105B9000AA60704DAA6802EA0304427A02F01F026A
:105BA000520042EAD61222436B4EAA60B268857A4E
:105BB00002EA0304C27A520042EAD512057B05F0DC
:105BC000010542EA45222243644DB260AA68467A42
:105BD00002EA0304827A02F07F02D20042EA5612FD
:105BE0002243AA605E4D5F4EAA6802EA0304B0F841
:105BF0000D202243AA60B268457D02EA0304027DBB
:105C000005F00F0542EA05222243574DB260AA680B
:105C1000564E02EA0304427DC2F302122243AA60F6
:105C2000B268C57D477902EA0304827D05F00F055D
:105C300042EA05222243B2604D4EC57DB26802EAB7
:105C40000304027E120142EA1512457E05F00F059B
:105C500042EA05322243474DB260AA68467E02EA14
:105C60000304827E120142EA16122243AA60424DC8
:105C7000AA6802EA0304B0F81B202243AA603F4D41
:105C8000AA6802EA03048279560802F0010252006F
:105C900042EAD71242EA86022243847CAA60457C0B
:105CA00090F8246004F00F02520052EAD512344DED
:105CB0001EBFA96819401143A960324D1A4AAB684A
:105CC00003EA0201437F03F00F030B43AB602E4D49
:105CD000AB6803EA0201837FC3F383030B43AB602A
:105CE0002A4DAB6803EA020190F8253003F0070360
:105CF0005B0043EAD6130B43AB60254DAB6803EA68
:105D00000201C37C03F003035B0043EAD4130B439B
:105D10002049AB608B681A40837CC3F302131343A2
:105D20008B60F0BD5C7100000000C0FFE4700000FB
:105D30004871000030710000187100000C71000003
:105D4000C8700000A0700000947000002471000072
:105D5000887000007C70000070700000747100009A
:105D60005870000064700000D46F00004C70000098
:105D7000407000003470000028700000AC7000001B
:105D8000007100001C700000107000000470000022
:105D9000EC6F0000F86F0000FBF7C6BFF0B5194DBF
:105DA000194C2B88E5B004F11001002600274FF4B0
:105DB000C2726846ADF88431CDE9626706F0A0F999
:105DC00094E80F0000F0E2FC62A800F07FFD2B7861
:105DD000687843EA002000F031FEDDE96245324692
:105DE0003B462046294605F0A5F948B1074B00225D
:105DF0002046294605F08AF910B10020FBF7E8FF9C
:105E000065B0F0BD70080000DC06000000004E40E8
:105E100010B50A4A0A4BD2F80815D3F80240E40537
:105E2000FBD440EA5110C2F80805D3F80220D2058D
:105E3000FBD4024BD3F8083510BD00BF00A00524E9
:105E40000000052410F4405F0F4B0BD0D3F804255D
:105E500022F48012C3F80425D3F8042522F400129A
:105E6000C3F80425D3F80825084BD3F80210C90558
:105E7000FBD4C04300EA5210034AC2F80805D3F825
:105E80000220D205FBD4704700A0052400000524A1
:105E90000D4A0E49D2F81035013823F0030310B52E
:105EA000C0B2C2F81035D1F80230DC05FBD4D2F80C
:105EB0001045012383402343C2F81035D1F8023046
:105EC000DB05FBD410BD00BF00A0052400000524A5
:105ED0002DE9F04F88B305687DB3002100F1040C73
:105EE00001275CF83160013150F83130C3F384543C
:105EF000C4EBD3620132162A1FD84FF00009D6F83E
:105F00000080A646CA46224407FA0EFB0EF1010E97
:105F100028EA0B08724507FA09FB4AEA0B0A09F15D
:105F20000109F1D803EA0A03A34043EA0803A9429E
:105F30003360D6D10020BDE8F08F0120FBE7F0B53B
:105F400000B30768F7B100254FF0010C013550F898
:105F50003530C3F38454C4EBD3620132162A11D80E
:105F600000210E4622440CFA01FE013146EA0E06DB
:105F700004EB010E7245F6D8BD42E7D103EA0600F4
:105F8000A040F0BD0120FCE7024A93689B0D9B05F1
:105F900093607047D46F0000034AD2F8383723F07B
:105FA0000403C2F83837704700800524064B074ABF
:105FB000996C0748DA620229D96C08BF1A60022975
:105FC00008BF5A60FFF784BF385101000048E8015C
:105FD00030710000024B034A03485A63FFF778BF51
:105FE000385101000048E80118710000064B074ACB
:105FF000996C07481A630529D96C08BF1A600529EE
:1060000008BF5A60FFF764BF38510100002D31010D
:1060100088700000034B04484FF4FA421A62FFF7FD
:1060200057BF00BF385101000C710000034B0448FA
:106030004FF4FA425A62FFF74BBF00BF38510100DC
:10604000AC7000000148FFF77ABF00BF6470000029
:106050000148FFF774BF00BF4C7000000148FFF714
:106060006EBF00BF407000000148FFF768BF00BF6F
:10607000347000000148FFF762BF00BF28700000C5
:106080000148FFF75CBF00BF5870000001B108472E
:106090007047000010B5002852D03E2A50D82B4B34
:1060A000DB689C0748BF5208052949D8DFE801F0A2
:1060B00003481B26313C836A6FF303038362244B3E
:1060C0001B6824490B60846DE405FCD5846A62F387
:1060D0000914846212B1B3FBF2F30B601C4B0A6823
:1060E000DA60002010BD836D9B062BD5836A0221E8
:1060F00061F303038362164B9B68E2E7836D5C06E2
:1061000020D5836A032161F303038362104B1B696B
:10611000D7E7836D190715D5836A042161F303035B
:1061200083620B4B5B69CCE70B4B5B6A5B0709D562
:10613000836A052161F303038362054B9B6BC0E710
:106140000120CFE741F20170CCE700BF00860424B4
:1061500038510100885101000014042407B50B4692
:10616000114606281ED8DFE800F00421333B4758CB
:106170006400364A106A40025EBF106A40F4800034
:10618000106213B90A20FFF781FF314BD3F81C21AD
:1061900022F08012C3F81C21D3F81C2142F0012206
:1061A000C3F81C21002003B05DF804FB274A106AE5
:1061B000800207D4106A40F480101062106A40F424
:1061C00000101062002BEDD10A20FFF75FFFE9E716
:1061D0001E4A106AC002F5D4106A40F48010F0E73D
:1061E0001A4A106A00035EBF106A40F40020106271
:1061F000002BD7D10220E8E7144B1A6A5203D1D4FE
:106200001A6A42F480221A624FF4FA700191FFF781
:106210003DFF019940F2DC50D7E70C4A106A800339
:106220005EBF106A40F400301062002BBAD1FA2031
:10623000CBE7064A106AC0035EBF106A40F48030A4
:106240001062002BAED19620BFE700BF008104246E
:106250000080042410B50446002858D001390529CF
:1062600055D8DFE801F003131D273445294BD969C0
:10627000012262F30201D961274B9A645B6C264AC2
:106280001360A36D002BFCDA002010BD214BD969EF
:10629000022262F30201D9611F4B9A64DB6AEEE7C6
:1062A0001C4BD969032262F30201D9611A4B9A642B
:1062B000DB6BE4E7194B40229A83164BD969042221
:1062C00062F30201D961144B9A641B6CD7E7114B3E
:1062D0001A6AD2025EBF1A6A42F480121A62D9693F
:1062E000052262F30201D9610B4B9A641B6BC6E76E
:1062F000012100220846FFF731FF064BD96906222B
:1063000062F30201D961044B9A645B6BB7E7012029
:10631000BBE700BF00810424385101000080134115
:10632000013808B5052850D8DFE800F003101A241A
:106330003140274BD969012262F31241D961254BC3
:10634000DA645B6C234A0020536008BD204BD96996
:10635000022262F31241D9611E4BDA64DB6AF1E773
:106360001B4BD969032262F31241D961194BDA64DC
:10637000DB6BE7E7184B40229A83154BD96904225F
:1063800062F31241D961134BDA641B6CDAE7002225
:1063900001210220FFF7E2FE0D4BD969052262F3CD
:1063A0001241D9610B4BDA641B6BCBE70121002250
:1063B0000846FFF7D3FE064BD969062262F3124165
:1063C000D961044BDA645B6BBCE70120BDE700BF19
:1063D00000810424385101000080134141F202730E
:1063E000984221D011DC41F2045398421CD005DCC4
:1063F000F8B101280CBF21200120704741F2017340
:1064000098420CBF11200120704742F204139842B9
:106410000CD042F2061398420AD042F2031398427B
:106420000CBF212001207047212070472820704791
:106430002B2070470378012B06D84378013B0F2BA4
:1064400094BF00202120704721207047002370B5A1
:10645000194600F1F2041A4634F8026FDDB2013336
:1064600036B10132D2B2012A01D99A420BD1294662
:10647000102BF1D11A4B1B78934204D1012A04D17D
:106480000378994202D0232017E00023C2185278E3
:10649000012A22D800EB83004369D3B1114A934209
:1064A00019D8D0F81431104A934207D9D0F85401C2
:1064B0000E4B98428CBF2120002070BDB3F53D3FAC
:1064C0000BD8D0F85431B3F53E3F34BF0020212023
:1064D000F3E72D20F1E72820EFE72120EDE700BFCB
:1064E000EC590100A0252600FFFF0524001B06240F
:1064F00011B1042900D07047014B1B68184700BF39
:10650000F059010007B500230193FFF761FA0190EC
:106510009DED017ADFED067AB4EEE77AF1EE10FA3E
:1065200002D50448FFF7D4FC019803B05DF804FBE2
:106530009A991940BC72000084B030B52DED028BE1
:10654000E5B06AAC84E80F00CFA89DEDD08AFFF7D4
:1065500071FF00285CD1374B9DF83D431C706AA841
:10656000FFF774FF002853D1012C08BF9DF8A80144
:106570009DF83C536AAB03EB4000012DB0F8F430BA
:1065800001D1012B52D8013B9BB240F2FE32934223
:106590004CD8294A2948D2F88C3743F40043C2F832
:1065A0008C37FFF795FC4FF48030FFF731FC244B1C
:1065B0000C22DA64DA65234ABDF83C336292ADF806
:1065C00084314FF4C2726EA9684645BB012C26D9AE
:1065D00005F096FD6AAB0FCBFDF78CF9FFF7FEFED9
:1065E000B0B9FFF78FFFDFED187AB4EEE78AF1EE6E
:1065F00010FA01461CD4DFED157AB4EEE78AF1EE0D
:1066000010FA15DC18EE100AFCF7D6F8FFF7E6FED4
:1066100065B0BDEC028BBDE8304004B0704705F0BA
:106620006FFD6AAB0FCBFDF705FAD7E72B20EFE73D
:106630002120EDE7EC59010000A0052410720000B4
:1066400000840424F17420086666E63F66666640AE
:1066500084B000B5E3B00DF5C87C8CE80F00C9A884
:10666000FFF7E8FED0B964A8FFF7F0FEB0B99DF8D7
:106670002423BDF82433B2B99DF82523012A12D969
:106680004FF4C27268A96846ADF8843105F038FD50
:1066900064AB0FCBFDF7C6FBFFF7A0FE63B05DF860
:1066A00004EB04B0704768A94FF4C2726846ADF8B5
:1066B000843105F025FD64AB0FCBFDF74FFDEBE713
:1066C000034620B1044A106818B9136070472220AD
:1066D00070470420704700BFF059010008B5034817
:1066E000FDF706FFBDE80840FFF778BE0038042438
:1066F00007B5ADF8040001A8FFF79CFE20B901988A
:10670000FCF76CFBFFF76AFE03B05DF804FB07B50E
:10671000ADF8040001A8FFF78DFE20B90198FDF740
:106720009FFAFFF75BFE03B05DF804FB07B5ADF819
:10673000040001A8FFF77EFE20B90198FDF744FB95
:10674000FFF74CFE024B00221A6003B05DF804FB19
:10675000F0590100042902BF014B01221A70704751
:10676000FC590100437853B94269074B9A4208D853
:10677000B0F8F430012B14BF2B20002070472120EB
:1067800070472820704700BFA025260084B000B5C0
:10679000E5B00DF5CC7C8CE80F009DF82C33012B77
:1067A00034D19DF82D33013B0F2B2FD86046FFF7D6
:1067B000D9FF30BB164B62934FF4C272BDF82C3335
:1067C000ADF884316AA9684605F09AFC66AB0FCB38
:1067D000FFF7B2FEA8B9BDF82C33ADF884314FF401
:1067E000C2726AA9684605F08BFC66AB0FCBFFF757
:1067F0002FFF30B90748FFF763FF10B9CB98FFF7B9
:1068000077FF65B05DF804EB04B070472120F8E72E
:106810003D0A27405577200884B000B5E3B00DF558
:10682000C87C8CE80F0014238DF8E4316046104BCF
:106830008193FFF797FFA8B901460E4A0E48FDF76E
:106840002EFF0E4B4FF4C2721B88ADF8843168A93D
:10685000684605F055FC64AB0FCBFFF7F9FE003836
:1068600018BF012063B05DF804EB04B0704700BFAF
:1068700000004C42B8060000143A042470080000DE
:1068800084B000B5E3B00DF5C87C8CE80F0060461D
:10689000FFF768FF98B9FFF721FF80B917238DF83C
:1068A000E431094B4FF4C2721B88ADF8843168A9FA
:1068B000684605F025FC64AB0FCBFFF7C9FE63B05B
:1068C0005DF804EB04B07047700800002DE9F04358
:1068D000504B2DED028B1B680646E3B0D3F8F03029
:1068E000012109209847002E00F092804A4D4FF474
:1068F000C27205F11001684605F002FC95E80F0030
:10690000FFF78AFF2F460446002873D1434B1A78BD
:1069100062B118706A7842480121FDF7A7FE07EEC0
:10692000900A404BF8EEE77AC3ED007A3E494FF407
:10693000C272684605F0E4FB97E80F00FFF7A0FF7E
:106940000446002856D1DFF8D890384F4FF00A0897
:106950006A7800214846FDF789FE07EE900A08F1A3
:10696000FF38F8EEE77A18F0FF08C7ED007AEFD1AC
:10697000020545D520F400631B041B0C07EE903A7A
:10698000F8EEE77AC7ED007AFFF76EFB08EE100A23
:10699000FFF758FB08EE900AFFF772FB214B97EDCB
:1069A000007AD3ED007ADFED226AB8EE488AC0F5AE
:1069B000707037EE487A77EEC87A0130C7EE275A02
:1069C00007EE900AF8EEE77AF8EE688A87EEA67A84
:1069D00088EEA66AF0EE477A45EE867ADFED156A14
:1069E0009FED157A17EEA67A17EE100A04F0BAF8A2
:1069F000C6E90001204663B0BDEC028BBDE8F08320
:106A000040F400631BB207EE903AF8EE677AB9E7FC
:106A10002224EFE700013000DC060000FC590100F1
:106A200000380424F4590100EC060000F859010074
:106A300000007A4400009B430080884307B5ADF80E
:106A40000400C0B2012816D19DF80530013B0F2B80
:106A500011D80A4B5B68DB0705D4019803B05DF8D9
:106A600004EBFFF763BE0198FFF751FE0028F4D056
:106A700003B05DF804FB2120FAE700BF00380424CE
:106A8000F8B50468012C054622D8124E56F8242089
:106A900042B1536810498B4204D010498B4201D057
:106AA0001120F8BD0E4B0F49DB680F481F680F4BD4
:106AB00051F8241053F8243050F82400B8472B68BC
:106AC00046F8240056F82330002BE9D00020E8E7F0
:106AD0002120E6E7105F0100000003440080072446
:106AE00000013000740800007C08000084080000E9
:106AF000F0B529B1012803D80B6818B9202B0CD99F
:106B000021202AE00C2BFBD8012AF9D82C4C6468F0
:106B1000002C51D073BB0C2707E0012AF0D8284C79
:106B20002468002C48D02BBB20270125254C264B60
:106B3000AC46A8B926792EB90D60C4E902002260DE
:106B400084F804C00E6836BBBD4205F1010604F1AD
:106B5000180403F1180301D14620F0BD3546E8E7DB
:106B60001E79002EEED10D60C3E902661A6083F82B
:106B700004C0E7E7013B182578B9124C6B43E618CF
:106B80003679DEB9E2500B68013B05FB0343C3E9EC
:106B9000020001221A710020DFE70B486B43C41882
:106BA00024795CB9C2500B68013B05FB0303012249
:106BB000C3E902441A71EEE71120CEE74520CCE785
:106BC000105F0100205B0100005A0100012810B590
:106BD00003D811B118B9202909D9212016E00C29B0
:106BE000FBD8C2B10D4B5B688BB911200EE092B19E
:106BF0000A4B1B68002BF8D01068094B0139182488
:106C000004FB013398605268DA60002010BD106800
:106C1000044B0139F3E72220F8E700BF105F0100C1
:106C2000205B0100005A0100012830B536D8002948
:106C300034D0E8B9202931D8531E022B2ED8194B55
:106C400053F8203063B302F00203D20721D54C1E63
:106C5000182578B9144A05FB0422906033B1124B11
:106C60000139182202FB01310023CB60002030BD26
:106C70000C29E0E70D4A05FB042200209060002B60
:106C8000F4D00A4B1822013902FB01330022DA60EA
:106C9000ECE7002BEAD00028E1D0F2E72120E6E77C
:106CA0001120E4E7105F0100205B0100005A0100A1
:106CB00008B507F079FB1849184AD1F8FC3043F0C1
:106CC0008073C1F8FC30136843F001031360144B68
:106CD0004FF47A721B68B3FBF2F3013BB3F1807F90
:106CE00009D24FF0E0225361FC2381F823300023C6
:106CF000936107231361084B1C2283F82320094B5F
:106D0000D3F87421D20742BFD3F8742122F00102D4
:106D1000C3F8742108BD00BF00ED00E0001000E0E2
:106D20008851010000800046244BD3F8742170B5CF
:106D30000E4611075CBFD3F8742142F001020546EC
:106D40005ABFC3F8742101240024D3F87421120718
:106D5000FBD58CB1204607F017FB07F035FB00F0A0
:106D6000C5F8164BD3F86C319B0701D407F0B0FA85
:106D700007F0BAFA00200EE000F046F843B2002B0C
:106D80000EDA13F10C0FF7D00733F5D01C30C0B278
:106D90001C2801D9012070BD094B53F82000FAE7E7
:106DA0003146284600F052F81C30C0B21C28F1D8F9
:106DB000034B53F820000028CCD0ECE700800046BD
:106DC000100C2108B0F1005F70B518D10C4C0D48C3
:106DD000236804225D6C00210623A8472368094824
:106DE0005D6C052206230021A847236805485C6CDA
:106DF0000022A4460623BDE870401146604770BDDE
:106E00000001300000C0042482B0002301930E4B27
:106E1000DB6B9AB272B103F47F42B2F52B4F0CD107
:106E2000DBB2F12B0CD0F22B14BF00206FF0090065
:106E300002B070476FF00600FAE76FF00B00F7E75B
:106E40006FF00800F4E700BF0000054130B585B0E1
:106E500000234B280093214A01931ED14AF24B0391
:106E600043EA0123536300221C4D00924FF6FE714A
:106E700040F42B40009B5C1C8B42009403D8029290
:106E8000AB8F8342F6D100984FF6FE7398424FF0D5
:106E9000FF30D8BF002005B030BD412811D14AF2E3
:106EA000410343EA01235363002303930B4B93F8FD
:106EB0003C30232B0FD0F32B14BF00206FF00400C5
:106EC000E9E740F42B43536300F0BF03312BEBD0D1
:106ED0004A28E9D0C7E76FF00D00DCE70000054164
:106EE000014BC3F87C01704700800046094BA62285
:106EF000C3F87C21D3F8742142F00202C3F8742154
:106F00004FF0E0234FF48062C3F80821142283F885
:106F10004A2470470080004608B500F017F8034A7D
:106F2000034B002814BF1046184608BD4C5F0100F3
:106F30005083000000207047704708B507F0D8F96B
:106F4000002008BD7047704770470000034B586829
:106F5000C0F30800003818BF0120704700ED00E0C2
:106F600073B5044600283CD0204B82789A70427852
:106F70005A7002781A70FAF735FDA278092A03468A
:106F800005D96278092A02D92278092A0BD818462D
:106F9000FAF72CFD1648174A1749D623FAF722FEAE
:106FA000212002B070BDFAF721FD62782578134BDD
:106FB0001544A2781C601544A3686468EDB204FB14
:106FC00005F633B9304604F0F1FB0D4A0346106074
:106FD00048B10C4800962A46A1B2FAF73AFD0020C3
:106FE000DFE72220DDE71920DBE700BF505F01006B
:106FF000470E21087E0E2108B10D21085C5F0100BB
:10700000585F0100605F01002DE9F0470C4698468B
:107010000546002837D007F057F91D4FDFF87CA050
:1070200081460226FAF7DEFC3A5D1AF804309A42ED
:107030001AD2FAF7DBFC1748FAF729FD2860A8B145
:107040002B6813B3144A1C721268526800250C3A5C
:107050005A601D60FAF7C6FC3B5D01333B55FAF7F9
:10706000C5FC2846BDE8F087FAF7C0FC304607F0BB
:107070000BF9312E484694BF7600322607F0ECF823
:107080004045CFD9DCE72120ECE71920EAE700BF33
:10709000545F0100605F01005C5F0100505F010010
:1070A0004368994205D20AB15B1A13800C31084437
:1070B000704700207047000010B5044678B10146C3
:1070C0000748FAF7F6FC247AFAF78CFC054A135DB8
:1070D0000BB1013B1355BDE81040FAF787BC10BD5A
:1070E000605F0100545F010008B578B171B14B8851
:1070F0000BB9002008BD0A88042A0EBF13460823D6
:1071000010220374043104F0FBFFF2E74FF4356002
:10711000F0E7E0B1D9B10388442B0ED005D8292B74
:107120000FD0412B0FD001207047AA2B03D0EF2B9B
:107130000BD0A12BF7D1042300E001230B7000201A
:1071400070470023FAE70323F8E70223F6E722203B
:107150007047037C042B08D1431E033013F8012F22
:107160006AB98342FAD101207047082B07D1431E28
:107170000F3013F8012F12B98342FAD1F3E7002040
:107180007047F0B585B020B930230B70487005B05A
:10719000F0BD00230A2604AA02FA83F7B0FBF6F535
:1071A00006FB1502303207F80C2C0246092A1CB2E5
:1071B000284603F10103EED82246481E01AD16040D
:1071C00006D501349BB2B8BF00230022CA54DEE7C3
:1071D000565D00F8016F013AF1E788B10388532B3F
:1071E00008D005D8512B09D0522B0BD1012302E036
:1071F000EB2BFAE702230B70002070470023FAE71D
:10720000222070470120704710B518460C4603F045
:1072100039F82046024ABDE81040002101F040B88C
:10722000F59A200870B5A0F10803012BA6B0054619
:107230000E4638D8FF2904D101A903F035F926B04C
:1072400070BD01AA02F0E8FE0028F8D19DF82830B0
:1072500013F0FD0F20D0032B20D0042B0CBF0D24E6
:107260000024124A01A9204601F0E6FA0028E6D1DE
:10727000082D0F4B14D11C70014611A800F08CFB97
:107280000028DCD10B4B9DF844201A70314601AA2E
:10729000284602F0A1FED2E70524E2E70924E0E750
:1072A0005C700221E9E72120C9E700BFC0D40100DA
:1072B0006E5F01006C5F0100FFF7A6BF30B5A0F163
:1072C0001003012BA5B004460D4633D86A4602F0E0
:1072D000A3FE98B99DF8401001292DD1102C0FD193
:1072E00010A800F059FB48B9144B9DF840205A7083
:1072F00029466A46204602F06FFE18B125B030BD1F
:107300000321EDE79DF8283013F0FD0F0ED0032B7D
:107310000ED0042B0CBF0E200020094B102C694608
:107320000CBF1870587001F027F9E7E70620F4E762
:107330000A20F2E72120E1E72320DFE76C5F01006C
:10734000705F0100F0B506469FB00C4617461D461B
:10735000002B36D000215D220DF11900059104F0BB
:107360005EFE0CB144F08044002F14BF06230423BA
:107370005A2231460DF11A008DF8183004F0C0FE83
:1073800005AB02930023CDE9004306AA5E23022148
:10739000442007F021F8044668B9024601460598E2
:1073A000FFF77EFE00F110012846FFF79DFE0598CD
:1073B000FFF782FE02E005980028F9D120461FB0B1
:1073C000F0BD2224FAE70000F0B500229BB006468B
:1073D00008461146FFF764FE858904460DB145F461
:1073E0008035394B394F19782A460020FAF72CFBA3
:1073F0001122002101A804F012FE5022002106A84B
:1074000004F00DFE3B68002B5AD0042E52D8DFE862
:1074100006F010031010130004F1100101A8FFF78B
:1074200063FE01AA3F68238829463046B8470020FA
:1074300047E004F11002F5E702238DF81830638865
:10744000A12B2AD108238DF819300DF12C0C04F151
:10745000140304F1240E18685968624603C2083305
:1074600073459446F7D10DF13C0C04F1340E1868C5
:107470005968624603C2083373459446F7D10DF14B
:107480004C0C04F1440E18685968624603C2083374
:1074900073459446F7D106AAC4E704238DF8193042
:1074A000D4F816300893D4F81A300A93D4F81E3062
:1074B0000993F0E7064A074907486823FAF792FB61
:1074C00001201BB0F0BD00BF8F0800005465010013
:1074D000630F21089E0E2108420F2108F0B54B884A
:1074E000A3F1CB02012A85B004460D4603D9F02B47
:1074F00001D0142B67D1002211462068FFF7D0FD80
:10750000438822898281CB2B054613D14BF6F13378
:107510009A422ED1012603A802F0C6F803996B887F
:1075200081B9514A5149524800936623FAF75AFBF0
:1075300005B0F0BDF02B03D0CC2B01D0142B18D10B
:107540000026E8E70A782AB90093474A474949489C
:107550006D23EBE7142B04F10C0725D0192B27D151
:10756000012A27D10023019700931A46184602F0FA
:107570007FF8E668002EDBD0337800933A4A3B4927
:107580003D489023FAF72EFBAC890CB144F48034CB
:107590003A4B224619780020FAF756FA2A46314625
:1075A000204602F0D5FAC3E7012ADBD0012005E02E
:1075B000F02BFBD0002E0CBF0320012000230197ED
:1075C00000931A46D3E7E42B04D105B0BDE8F040A0
:1075D00003F062B8A3F1620292B2122A12D90BB17F
:1075E000AB2B13D1AE890EB146F48036234B324615
:1075F00019780020FAF728FAE1682A46304600F0A8
:1076000045FB03E01E4B1341DB07EBD502350DF1C3
:107610000B012846FFF77DFD70B99DF80B300093F4
:10762000184A12491848DF23FAF7DCFA21689DF856
:107630000B00FFF7C9FE7BE703A92846FFF7CDFD46
:1076400000287FF475AF9DF80C3000930D4A074970
:107650000E48E523FAF7C6FAE26821689DF80C00A7
:1076600000F0F2FC64E700BF161121087C0F21082E
:107670002110210859102108881021088F080000C6
:10768000FEFBFBFF3B112108C2102108E710210877
:107690002DE9F843154E07460D46904600244FF05D
:1076A000060956F8041BC9B1CB7E434516D12A7C86
:1076B000042A0EBF403110224431284604F085FCD4
:1076C00060B93946204606F0EFFD60B9204606F065
:1076D00067FE40B956F8043CA3F858900134E4B270
:1076E000142CDED10020BDE8F88300BF8C5F0100C0
:1076F000F0B587B000210446112201A804F08FFCE8
:1077000006F006FEA379A0F109014D424D41D807CC
:107710000FD504238DF8143001A8D4F80730019355
:10772000FFF717FD28B92A4601A940F62830FFF7D0
:10773000AFFFA3799A0719D508238DF8143001AE4D
:1077400004F10B0304F11B0718685968324603C2A1
:107750000833BB421646F7D101A8FFF7FAFC28B957
:107760002A4601A940F62830FFF792FFA3795B076C
:1077700018D508238DF8143001AE04F11B032B3407
:1077800018685968324603C20833A3421646F7D137
:1077900001A8FFF7DEFC28B92A4601A940F62830E7
:1077A000FFF776FF07B0F0BDF0B59FB004460F4677
:1077B000164600213B220FA804F031FC00212522AF
:1077C00005A804F02CFC734B00211B7804913EB1FA
:1077D00046F08046002B00F0DA8044B9212503E012
:1077E000002B14BF2125112528461FB0F0BD63785A
:1077F0005A0740F1C2803B220FA804F010FC237806
:107800008DF86870012B01BFA368CDF83D30236966
:10781000CDF8413013BF0923E368CDF845308DF82A
:107820003C3063689BB19DF83C2042F003028DF828
:107830003C2003F11C010DF1490253F8040B42F8FE
:10784000040B8B42F9D1198811809B789370B4F89E
:107850004430ADF86D30B4F84830ADF86F30B4F85E
:107860004630ADF87130B4F84A30ADF8733094F862
:107870004C308DF8753094F84D308DF8763004AB7F
:1078800002930023CDE900630FAA3B23022141208C
:1078900006F0A2FD0546002875D10246014604986F
:1078A000FFF7FEFB2378022B08D1D0F81630A36037
:1078B000D0F81A302361D0F81E30E3600498FFF747
:1078C000FBFB63781B078FD52422002105A804F059
:1078D000A6FB4023ADF8163023788DF83870012BC5
:1078E0004DD104F1240306AD04F13407186859683A
:1078F0002A4603C20833BB421546F7D10AAD04F14C
:107900004407186859682A4603C20833BB42154623
:10791000F7D104AB02930023CDE9006305AA252328
:107920000221902006F058FD054660BB0246014644
:107930000498FFF7B5FB04F1140200F1140300F101
:10794000240153F8046B42F8046B8B42F9D104F123
:10795000240200F1340153F8046B42F8046B8B42AB
:10796000F9D13434443053F8042B44F8042B8342C7
:10797000F9D10498FFF7A0FB36E72125A1E70923F9
:107980008DF81430C5E704980028F3D12CE71125B1
:107990002AE700BFF06101004FF00042FFF704BF8B
:1079A0000439092945D8DFE801F0101E232F0544CA
:1079B0004444343C431F012B3DD900F47F40B0F5D3
:1079C000007F14BF002005207047052835D000F443
:1079D0007F40B0F5807F32D0B0F5007F08BF062031
:1079E00018BF00207047052814BF002021207047D1
:1079F000052826D000F47F40B0F5807F23D0B0F575
:107A0000007F08BF0720EBE7421F50425041400073
:107A1000704700F47F40A0F5807358425841C00081
:107A2000704700F47F40B0F5807F14BF002009202C
:107A300070470020704731207047012070470320B5
:107A4000704711207047042070472DE9F0411E4611
:107A5000A1F10C03012B0446174603D840F6E87346
:107A60009E421CD82046FFF79BFFFF2C05460FD9EE
:107A7000E4B200231A462146284606F041FC78B9B4
:107A800033463A4621462846BDE8F04106F038BC68
:107A9000053C012C4FF0FF3498BF0024E8E721207B
:107AA000BDE8F08110B5094B1B78834204460BD921
:107AB000F9F7A1FF064B24B21B68002203F834201B
:107AC000BDE81040F9F79DBF10BD00BF805F010009
:107AD0007C5F010048B34B8803604A7F0B7F43EA19
:107AE000022343844A790B7943EA0223C3878B7DBF
:107AF000CA7D43EA02238383052380F858300B882C
:107B0000102B0CD1182380F83D308B1D44301631DA
:107B100053F8042B40F8042B8B42F9D17047022311
:107B200080F83D30D1F806300364704738B5164D03
:107B30000446286890B1154D286818B906F0D0FBA6
:107B4000286080B1124D286818B906F0C9FB28607A
:107B500048B1104D286840B1002005E006F0E8FB70
:107B600028600028E7D1012038BD631E092BFBD80F
:107B7000094B082120461C7003F024FB2860B0FA52
:107B800080F04009F0E700BF845F0100785F0100EA
:107B9000745F01007C5F0100805F010070B5094CDB
:107BA0000023062554F8042B32B1D67E864204BF4A
:107BB00082F8585082F859100133DBB2142BF1D1FE
:107BC000002070BD8C5F010013289ABF024B53F850
:107BD00020000020704700BF8C5F0100F8B506460A
:107BE00009B1002008600AB1002010600BB100202C
:107BF00018600024254601272046FFF7E5FF86464A
:107C0000D8B161B10368706807FA03F3034206D084
:107C10000B6807FA04FC43EA0C030B60013562B100
:107C2000DEF80030F06807FA03F3034205D013686A
:107C300007FA04F00343136001350134142CDBD13F
:107C40002846F8BDF0B50F4E05461424002056F81E
:107C5000043B7BB11F68AF420CD193F858708F4240
:107C600008D0571C02D0DF68974203D193F8AD01CA
:107C700028B91846631E13F0FF04E8D1F0BD18467A
:107C8000FCE700BF8C5F0100C08970472DE9F0431D
:107C9000144652886C2A85B080460D4614D1A08DBA
:107CA0007B4A04F11001002352F8044B34B1E6681A
:107CB000022E03D1668C864200F0D1800133142B52
:107CC000F2D14FF0FF30E0E0622A2DD10027384694
:107CD000FFF77AFF064638B1218A0368994203D13B
:107CE00090F85830032B03D10137142FEFD1C9E09E
:107CF0004FF48373A0F85830A1894BF63633FFB2A6
:107D0000002908BF1946384606F0CEFA384606F074
:107D100047FB604B1B68002B00F0B480D4F81220A6
:107D2000718C30689847ADE01ABB218B584B04F139
:107D3000100739444FF0FF3653F8040B28B1B4F85C
:107D400012C00068844508BF56B20132142AF3D12C
:107D50003046FFF739FF28B9002DB2D0284603F08E
:107D60002DFDAEE7D0F8748162693B463046C047CE
:107D700088E0742A49D1484B267C1B78B3423ED90F
:107D8000464B1B6803EBC60713F83630002B36D082
:107D9000D7F80490A3897B80B9F1000F0FD003AB13
:107DA00002AA01A904F11000FFF718FF01A8434639
:107DB00003AA02A9C8477878FFF774FE62E018208A
:107DC00003F0F4FC0346786038B9354A3549364843
:107DD00040F20D43F9F706FF54E004F11002283495
:107DE000106851681F4603C70832A2423B46F7D1CC
:107DF0002E4B01211868B14006F0DAFA42E0284A19
:107E000028492B4840F21443E4E7AB2A3AD1204AF0
:107E1000002352F8041BB9B1207C0968884213D1B1
:107E20005AB21046FFF7D0FE002895D090F888315E
:107E30005B0744BF002380F85E31D0F878310BB384
:107E4000617C104698471DE00133DBB2142BE0D172
:107E50004FF0FF32E5E7284603F0B0FC14E0D4F819
:107E600084614FF0FF33C4F884313046FFF7ACFE35
:107E7000FFF730FED4F87C3123B1227904F13C01C4
:107E800030469847002DE6D1002005B0BDE8F083CC
:107E90008C5F0100885F0100805F01007C5F010052
:107EA0001D1221085F1121081C0D2108745F0100BB
:107EB000FB1121084288612A10B5034610D007D86B
:107EC000422A13D0432A13D062B14FF0FF3008E0AA
:107ED0006B2A09D0AB2A07D0622AF6D1008A00E0CB
:107EE000408A10BD807CFCE7187CFAE7808AF8E7BE
:107EF000008A0028F5D1D98A084A52F8043B43B1D8
:107F00005C8C8C4205D193F85840032C01D1186841
:107F1000E7E701301428F0D1D7E700BF8C5F0100FC
:107F2000024B0146186806F043BA00BF785F0100B3
:107F30002DE9F0410024104E104F0546A04633783D
:107F4000A34202D80020BDE8F0813A6812F834104C
:107F5000E00002EBC40319B1596819B102F80080BE
:107F60000134ECE75D805B7801219940044B18688F
:107F700006F01EFAF4E700BF805F01007C5F01009D
:107F8000745F01007FB545880435B5F5807F0646EE
:107F900026D84FF4017003F009FC044610B34FF4E7
:107FA0000172002104F03BF8012363804FF48072DA
:107FB0003146201D04F0A4F800232580CDE90133CB
:107FC000094B009322464FF4017302216E2006F004
:107FD00003FA0546204603F0F1FB284604B070BDC5
:107FE000024DFAE71925F8E788130040C5000100A3
:107FF0001FB54FF4647003F0D9FB0446C0B14FF4D1
:108000006472002104F00BF8042323700023CDE9EF
:10801000013340F6B833009322460C23022153204B
:1080200006F0DAF9204604B0BDE8104003F0C6BB04
:1080300004B010BD034B43F8301003EBC003002025
:108040005A607047F86101002DE9F0419046002226
:1080500088B0074608461146FFF722F8848905468E
:108060000CB144F480342E4B224619780020F9F7E5
:10807000EBFC1422002103A803F0D1FF294A2A496E
:108080002A480294CDE900249023F9F7ABFD6E88CD
:10809000532E29D015D8513E012E14D8ECB96C8A34
:1080A000ADF818401CB1C83CB4F5967F0BD22B8AB2
:1080B000059305F11C0303932B880C3BADF810309E
:1080C00001E0EB2EEAD01A4800EBC70043464468B3
:1080D00002AA3946A047044602E0164B9C42F2D160
:1080E000204608B0BDE8F0812B7C14B1FFF780FF7B
:1080F000E9E7032B0CD16B7CADF81040059300230E
:10810000ADF81830059B20350395002BDBD0EDE74B
:10811000052BF4D1EB69ADF810306B69EEE700BFC9
:108120008F080000AC152108E81421088D152108DE
:10813000F861010005000100437810B483B10378B1
:10814000012B09D0022B03D1137843F06003137085
:1081500000205DF8044B7047137843F02003F6E7E6
:108160000A2911D8012404FA01F111F0440F17D1A2
:1081700011F4A06F0CD111F4207F05D0137843F0D7
:1081800060031370022303705DF8044B06F05CB8C3
:10819000137823F0600343F0200313700470F3E7B7
:1081A0001378F8E7F0B5144685B00E46002975D06F
:1081B00002F166070128394645D106F0B5F80546B3
:1081C00000283DD102A806F043F8A01C06F0F4F800
:1081D00096F82020314604F1440003F091FF96F810
:1081E000203084F86930F38D637006F055F86178BB
:1081F00001903A4601A8FFF79FFF054600BB96F89D
:108200003030042B02BF637863F07F036370002378
:1082100084F86E30029BC4F86A30039B84F868309F
:10822000D6F82630C4F86F30738DA4F8733006F09A
:108230008FF8C0F30720800060F07F00E070002519
:10824000284605B0F0BD022006F06EF8054600286D
:10825000F6D1A01C06F0B0F896F82020314604F1C3
:10826000440003F04DFF96F8203084F86930738C99
:10827000637084F86E5006F00FF8617802903A4609
:1082800002A8FFF759FF05460028D9D106F040F8AB
:10829000092804BF012384F86E30C8E72225CFE700
:1082A00013B5114606F028F8044650B9012101A87B
:1082B00006F062F8BDF804301BB9FDF76DFEFDF75E
:1082C00063FE204602B010BD73B505460C46164647
:1082D00000213222204603F0A2FE95F82020C2B1F0
:1082E0002946201D03F00CFF16F0050F02D02B8F3E
:1082F00003B1A38516F0090F03D0EB6B0BB1C4F8E3
:108300002E3006F025F8C00084F82B00002002B0C3
:1083100070BD2120FBE70000F0B50C46CDB005464E
:108320004FF4AB720021204603F079FE222384F83B
:10833000403084F88030686B05AA032105F0B8FF4F
:10834000002840F0A48006AA04F1410314AF1646A9
:1083500003CEBE4218605960324603F10803F6D1DD
:1083600030681860B188B2799A7199807F2216A915
:1083700004F1810003F0C4FE40216018F9F746FBC8
:10838000802106466018F9F741FB54FA86F354FA47
:1083900080F0222283F8402080F88020002283F899
:1083A000412080F8812095F83030052B3CD146489B
:1083B000F9F737FB1F2837D84348F9F732FB424912
:1083C0000246204603F09CFE4048F9F72AFB1F288E
:1083D00008D83E48F9F725FB3C49024604F1200045
:1083E00003F08EFE4B9BC4F80031502136A8F9F7FC
:1083F0000DFB10F0FF0557D0502236A904F582700E
:1084000003F07EFE6019222380F805310023CDE9B8
:10841000013340F6B833009322464FF4AB73012189
:108420004C2005F0D9FF32E095F83030062B0AD108
:108430002748F9F7F6FA1F2805D82548F9F7F1FA81
:1084400023490246BDE795F83030072B0AD1214871
:10845000F9F7E7FA1F2805D81E48F9F7E2FA1D498F
:108460000246AEE795F83030082B0AD11A48F9F7E2
:10847000D8FA1F2805D81848F9F7D3FA1649024642
:108480009FE795F83030092B03D040F661304DB0AE
:10849000F0BD1248F9F7C5FA1F28F6D80F48F9F7CA
:1084A000C0FA0E4902468CE70D48F9F7BAFA51288E
:1084B000ACD80B48F9F7B5FA0949024604F58270C1
:1084C00003F01EFEA2E700BFD3152108E615210820
:1084D000D2152108D7152108DC152108E11521083E
:1084E0004D0D210830B5E5B004466322002104A8F3
:1084F00003F095FD4FF48E7200211DA803F08FFD4F
:10850000606B1DAA002105F0D3FEF8B91D9B002B5E
:1085100014BF022301238DF810301EAC0DF111029F
:108520002EAD234603CBAB42106051601C4602F1D6
:108530000802F6D10023CDE9013340F6B8330093A9
:1085400004AA63230121A52005F046FF65B030BDD4
:108550001FB50A4669B10023CDE9013340F6B833AF
:10856000009301210623172005F036FF05B05DF8C2
:1085700004FB2220FAE700002DE9F041ADF5087D6B
:1085800000246E2207460D4607A82146DFF8AC817D
:10859000059403F044FD7522214623A803F03FFD16
:1085A0004FF48E72214641A803F039FD98F800304F
:1085B00005AE002B6DD095F8202029460DF11E0048
:1085C00003F09EFD6B8C8DF84030B3B12146E86A14
:1085D00041AA05F06DFE0446002840F0888042ACB8
:1085E0000DF142020DF5A47C234603CB63451060D8
:1085F00051601C4602F10802F6D195F824000DF1F5
:10860000410105F0ADFE0446002870D16B8C073B9C
:108610009BB2012B08D895F83C309DF8412023F0FF
:108620000F0313438DF84130EB8CADF81C306B8E8B
:10863000ADF882302B8FADF8843095F83A30ADF834
:10864000883095F8303023B18DF886306B6B8DF81B
:10865000873095F83B302BB19DF8863043F004030A
:108660008DF886300023CDE9013343F6982300933B
:1086700007AA6E230121242005F0AEFE044600283F
:1086800035D195F83D309BB1294B069398F80030D1
:108690000BB911242BE047F29453CDE9010000936C
:1086A00006AA042301216D2005F096FE0446F0B9C8
:1086B00023AA29460220FFF775FD0446B8B91D4BD1
:1086C0000093CDE90106752323AA0121142005F0AA
:1086D00083FE044680B9024601463068FEF7E0FC9E
:1086E000037C472B0ED03068FEF7E6FC0E242046B4
:1086F0000DF5087DBDE8F08130680028F7D0FEF761
:10870000DBFCF4E7284605F0BBFD0E2F04D10A4B35
:1087100001229A713068F2E70A2F03D1064B012239
:10872000DA70F7E7062F02BF034B01225A70F1E718
:1087300001003201983A0040E9610100F061010056
:1087400030B5104B1B7891B00446C3B140220021D4
:10875000684603F064FC684605F0F6FD0EAD6A4617
:108760002346144603CCAC4218605960224603F1FC
:108770000803F6D120681860002011B030BD112028
:10878000FBE700BFF06101000F280DD878B1013878
:108790000E280BD8DFE800F00C170A3220230A3726
:1087A00026290A3C2C2F3F00802840D0002070470B
:1087B000204B1A78002A38D19A78002A35D1587976
:1087C00000F0010070471B4B5A78002A2DD1DA784F
:1087D000002A2AD19879F3E7164B18787047154B81
:1087E00058787047134B98787047124BD878704779
:1087F000104B587970470F4B987970470D4B1A788A
:108800009AB95878DCE70B4B9A7872B9D878D7E7E1
:10881000084B5A79DCE7074B9A7832B9DA7822B9F3
:108820001A7812B95A78002AF3D00120C8E7014B10
:1088300018797047E9610100F0B5ADF5077D04AE28
:1088400000233360514B1B7804460D461746002B1E
:1088500000F0958083073BD4FFF796FF002800F0D7
:108860009080002900F09080224605A92846FFF755
:108870002BFD044698B9464B19894FF6FF73994270
:1088800011D10023CDE901334EF66023009305AAF0
:1088900032230121132005F09FFD044650B12046EC
:1088A0000DF5077DF0BD012005F06AFD04460028A6
:1088B000E7D0F4E7EB8D1A1F012A0BD95A1E092ABB
:1088C00044D8DFE802F03F3F0543433F3F3F0707FF
:1088D0000F24E4E730A92846FFF71EFD04460028D0
:1088E000DDD17522002112A803F099FB12AA2946B6
:1088F0000120FFF757FC04460028D0D15FB347F0B2
:1089000080430022CDE900320296752312AA01218C
:10891000142005F061FD0546FFB100B3306808B1D1
:10892000FEF7CAFB002340F6B8320092CDE90133CE
:108930001A460121122005F04FFD04460028AED151
:108940002C46ACE72846FFF7CDFDC7E7002BC8D083
:1089500040F64834A3E73B46D3E70028F0D1002295
:1089600030681146FEF79CFB037C3068432B03D034
:10897000FEF7A2FB0E2492E7FEF79EFB8FE7112481
:108980008DE740F644348AE7222488E7F06101004D
:10899000106201000D282DE9F0470646884617466B
:1089A0001D4620D8FAB1F3B1DFF844A05AF82000F0
:1089B00008B102F003FF05F10809484602F0F6FE8F
:1089C0004AF82600044680B14A46002103F027FBFE
:1089D000C4F80080A580AAB23946A01D03F090FB20
:1089E0000020BDE8F0872120FBE71920F9E700BF50
:1089F0002062010070B504460D2C0D46104611D8BA
:108A000082B11E6876B10A4A52F8241061B18A8890
:108A100096420BD351F8064B2C601A6003F070FBA2
:108A2000002070BD2120FCE72D20FAE70120F8E7A7
:108A3000206201000C2870B541DD284B20F4802213
:108A40009A4244D020F4003403F540339C423ED097
:108A500020F4803103F5C023994238D0204DC2174D
:108A600000239A4208BFA84231D005F540359A420A
:108A700008BFA8422BD020F4403605F58035AE4221
:108A800025D005F580259A4208BFA8421FD0154D74
:108A9000AC421ED0144C9A4208BFA04219D0B1F18A
:108AA000041F16D011499A4208BF884213D001F51D
:108AB00080319A4208BF88420DD0002006E020F0A5
:108AC00000400B28F9DC0A4B03EBC00070BD092005
:108AD000F9E70420F7E70B20F5E700BF09000100E4
:108AE00009000C0004000100040002000B0001005A
:108AF000586201002DE9F0418AB007460E4614463F
:108B0000FFF798FF054630B3006820B300222046E7
:108B10001146FEF7C5FAB7F1004F76F1000304469F
:108B20002AD3B0F80C80B8F1000F01D048F4803897
:108B3000344B424619780020F8F786FF6388CDF859
:108B40001480142B0AD06B6800932C68002305AAAC
:108B500038463146A0470AB0BDE8F081002340F610
:108B6000B8320092CDE901331A460121122005F0F6
:108B700033FC0028E7D0EEE7234B0022964208BFE3
:108B80009F42D5E9008110D1C37B07920593037CF6
:108B90000693037D8DF81C3083691B480893009170
:108BA000134605AA0021C047D5E703881748964217
:108BB00008BF87421DD1CDE9052207922279E069DD
:108BC000C3F30B039B1A089304F110031344099396
:108BD000227C8DF81820628A0792C20204D41B7985
:108BE000DB075CBF0323059308480091002305AA17
:108BF000D8E7009123B104F1100238463146D2E79C
:108C00001A46FAE78F0800000B0002000B00010073
:108C10004268034672B1826862B1007878B19B699C
:108C200053B10138032807D8DFE800F00208020832
:108C30000020704722207047212070470F20704786
:108C40002DE9F843064614460D46002931D01D4F44
:108C50004FF03A094FF00D0820886B68C0F5166197
:108C60003A46304402F0E6FF2388184480B2208060
:108C700006F800902088AB68013080B220803A4628
:108C8000C0F51661304402F0D5FF2388184480B245
:108C9000208006F80080238801339BB20A222380BB
:108CA000F25423882D6801339BB22380002DD3D149
:108CB00000E01388F554238801339BB22380BDE87C
:108CC000F88300BF0B0021082DE9F04F8BB0002680
:108CD000059040F666100D46ADF81E6002F066FD88
:108CE0000446002800F09A81DFF83C9340F66612B3
:108CF000314603F094F999F80930082B14BF042386
:108D0000062323800223638099F80730002B40F06C
:108D1000A08099F80670012F03D1638843F04003C7
:108D20006380D9F80090AB89A380494604F1060816
:108D300031F8042B404603F0E3F9B9F8001063184A
:108D40004FF0000B83F806B0481C043186B2B9F826
:108D50000220494418FA80F003F0D2F9B9F8023041
:108D60001E4414FA86F30136B6B2012F83F806B01A
:108D7000ADF81E6040F0C280286B002840F0B9803A
:108D80006B68A84AC6F5166108EB060002F052FFB0
:108D90003044ADF81E00BDF81E606B68A14A701C1F
:108DA00081B2C1F5166118FA80F002F043FF023675
:108DB000304486B2C6F51661AB689A4A18FA80F05C
:108DC00002F038FF0644B6B2731CE9699BB2ADF8F5
:108DD0001E30002900F0A180638843F08003638087
:108DE0000DF11E024046FFF72BFF059B012B22D100
:108DF000BDF81E706969AE6908EB0709002940F0EB
:108E000092806388089143F0200363803046ADF878
:108E100024108DF8261008A9FEF7B3F9082108A838
:108E2000F8F7F4FD0646024608A948463E4403F01A
:108E300067F9ADF81E60BDF81E60B6F5166F7AD9F9
:108E4000204602F0BBFC4FF01E0A50460BB0BDE8B6
:108E5000F08F0323638099F905300133042B45D843
:108E6000DFE803F005031B1D1F000723638099F84B
:108E70000830002B3FF44DAF6388286943F400634A
:108E8000638088B1FFF77EF88246BAF1000F3FF4A5
:108E900040AF204602F092FCD7E71323E6E70B230E
:108EA000E4E740F20313E1E7286B00283FF431AF19
:108EB0006B6898423FF42DAFF8F7B3FD07460430D6
:108EC00002F074FC0646002800F0A5800123038010
:108ED000296B4780BAB2043003F012F93046FFF72D
:108EE00051F88246304602F069FCCEE74FF0230A83
:108EF000CFE7F8F796FD00283FF442AF2B6B002B2D
:108F00003FF449AFC6F5166108EB0600454A02F08A
:108F100091FE0644ADF81E603DE723440236997188
:108F2000ADF81E6061E732464846374403F0E8F882
:108F3000ADF81E707FE7A86840F60101F8F766FDFE
:108F4000B0F5006F3FF67CAFB6F5617F14D8059A97
:108F5000A96A012A06F106034FF00002CDE90112C9
:108F600000929BB222464FF002010CBF52205120CA
:108F700005F032FA82468CE740F6661002F016FCE5
:108F80000746002847D04FF4617B4FF0000940F6B8
:108F900066120021384603F042F8B6F5617F2DD9FC
:108FA000B9F1000F0CBF4FF0010A4FF0020AA2887E
:108FB00021683960BA8008EB09015A46B81D03F0F0
:108FC0009FF8059BA96ACDF80CA00BF10602CBB95E
:108FD000CDE9011300930221134651203A4605F0D2
:108FE000C7F9A6EB0B06D944B6B282461FFA89F937
:108FF000002ECCD1384602F0E1FB4AE7B3464FF0F1
:10900000040AD4E70023CDE901130093022113469B
:1090100052203A46E3E74FF0190A3AE74FF0190AAF
:1090200013E700BF0B002108B8620100F7B52A4A18
:10903000127803460E46002A3FD000283FD0002970
:109040003DD0264C94F84020002A3AD10278022ADA
:1090500039D88278012A36D890F901200132042AC1
:1090600031D88279082A01D0102A2ED11868606080
:109070001B4A99889B7993714FF48D77384691807C
:10908000019702F093FB0546206000B33A460021A9
:1090900002F0C5FF01AB2A460DF103014FF4C06099
:1090A00001F05CF838B99DF80330092B11D1012388
:1090B00084F84030346003B0F0BD1120FBE722207B
:1090C000F9E72E20F7E72320F5E72420F3E719201E
:1090D000F1E72A20EFE700BFF0610100B86201006C
:1090E000BC62010038B50D4604461146C8B1C5B191
:1090F000FFF78EFDB0B920780128C4E90A150BD01E
:1091000003280BD078B90223084981F840302A4659
:10911000BDE83840FEF78EBF0323F5E704230220A5
:10912000F2E7222038BD2120FCE700BFB862010031
:109130002DE9F8430F4616468146002843D0002902
:1091400041D0002A3FD00C2002F030FB044678B119
:109150000025C0E900558560384602F0DFFF013088
:1091600002F024FB8046606028B9204602F026FB0E
:109170001920BDE8F883384602F0D0FF3B46411C79
:10918000124A404602F056FD304602F0C7FF013059
:1091900002F00CFB0746A06028B960680028E4D004
:1091A00002F00CFBE1E7304602F0B8FF074A411C31
:1091B0003346384602F03EFD09F11C00214605F019
:1091C0006FF82846D5E72220D3E700BF0B0021081F
:1091D000F8B50546C8B1C469CCB100F11C072646F4
:1091E00031463846246805F0D3F8706802F0E6FA94
:1091F000B06802F0E3FA304602F0E0FA002CEED15B
:10920000044BEC6120469C62F8BD2220FCE71B2049
:10921000FAE700BFB86201001FB520B3154C94F8FF
:10922000403013B30368A34221D1206808B102F093
:10923000C5FAA36A8BB9442200210E4802F0EFFE62
:10924000002340F6B8320092CDE901331A460221DC
:10925000B32005F0C1F804B010BD0748FFF7B8FF10
:109260000028E8D0F7E72220F5E70220F3E72520E1
:10927000F1E700BFB8620100C46201002DE9F04FC0
:109280000E4689B0002800F04681002900F0438195
:10929000A84F0368BB4240F040810846FFF7B8FC86
:1092A000054600285BD10B78ADF81E00012B26D0B7
:1092B000032B2BD0002B40F0328197F84030022B4B
:1092C00040F02F81FFF700FD05469B4A334606F12B
:1092D000300C18685968144603C4083363452246A5
:1092E000F7D1186820603378002B00F01281736981
:1092F000002B14BF0523062387F840302FE097F892
:109300004020032A40F00D811846DBE797F84080A3
:10931000B8F1040F40F005814B69002B40F0038148
:109320004FF4647002F042FA0446002800F0FD8019
:1093300029464FF4647202F072FE0123237040F656
:10934000B833CDE90155009322460C230221532066
:1093500005F042F8054630B1204602F02FFA2846C3
:1093600009B0BDE8F08F022323707B7A082B638855
:1093700043F002036380FB7908BF4FF0060884F8CE
:109380000180C3B197F90520012100230A44A1708F
:10939000E370042A00F2CB80DFE802F00603949623
:1093A00098000522A270E3703B79012B00F09180B8
:1093B000022B00F0938097F806A0D7F800B0BAF11E
:1093C000010F02BF638843F0400363805946B389AD
:1093D000636004F10C08B36931F8042BA3604046C4
:1093E00002F08EFEBBF8001063184FF0000983F8FE
:1093F0000C90481C043185B2BBF80220594418FA7D
:1094000080F002F07DFEBBF802302B449DB214FACE
:1094100083F3BAF1010F83F80C9005F101091FFAEB
:1094200089F916D1D6F830B09BF800308BB9584680
:1094300002F074FED6F804A00590504602F06EFECD
:10944000059A82422CBF421C01325146584602F016
:1094500057FE336B394AC9F5617108EB090002F018
:10946000E9FB0235284485B2C5F561717368334A5A
:1094700018FA80F002F0DEFB0130284485B2C5F511
:109480006171B3682D4A18FA80F002F0D3FB0544ED
:10949000ADB26B1CF1699BB2ADF81E3011B363889D
:1094A00043F0800363800DF11E024046FFF7C8FBC6
:1094B000BDF81E30B3F5166F1AD9204602F07EF9BA
:1094C0001E254CE711226DE709226BE7A170E170C0
:1094D0006AE7638843F4007363806CE7638843F44E
:1094E0008063F9E7234402351973ADF81E50DFE7B6
:1094F00000220292B16A0C33CDE900219BB22246D0
:109500000221532004F068FF0546204602F056F978
:10951000DBE60523F0E6222521E725251FE70125C7
:109520001DE702251BE70F2519E7192517E7232556
:1095300015E700BFB8620100C46201000B002108FA
:1095400010B530B100F11004204604F0DDFE40B942
:1095500010BDBDE81040044A04490548C823F8F787
:1095600041BB02F02BF9EFE7D8182108F6152108C6
:109570007416210808B540B100221146FDF790FD90
:109580004088A0F1CB035842584108BD2DE9F04F67
:10959000EBB00026009117463146C622054605A8C5
:1095A0009846049602F03BFDC622314638A837960D
:1095B00002F035FDC92F0DF11009C8F8006051D82F
:1095C000DFF8A8A0002D4DD06A8905F10C014846AE
:1095D00002F096FD00993A4637A802F091FD6B899A
:1095E00002AA5146484609F80360CDE9026602F036
:1095F000E9FC03AA0446514637A802F0E3FC83467F
:109600000CB92D68DEE7BBF1000FFAD0CA21204665
:10961000F8F7FCF9C2B2012A04D1217823291FD01E
:109620002B290DD0CA2158460192F8F7EFF9019A7B
:109630008242E6D15946204602F0C7FC0028E0D11C
:1096400002AA5146002002F0BDFC03AA044651467E
:10965000002002F0B7FC8346002CD4D10028D0D1E2
:10966000C8F800506BB0BDE8F08F00BFA916210804
:109670002DE9F0411D46DDE9063814460022064674
:109680000F46C8F8002053B90121102001F09AFDBF
:1096900040B1C0E9024547600670C8F800000020EC
:1096A000BDE8F0811920FBE7014B1B6803607047A0
:1096B000FC62010010B5044639B14161103004F07C
:1096C0006BFE034B00201C6010BD4FF43560FBE7C0
:1096D000FC620100F0B50278931E022B87B00546AC
:1096E0000E460BD90224244A24492548009440F20E
:1096F000222302F0C7FB204607B0F0BD0023032A57
:10970000049311D1CDE90133082241F28833059247
:10971000009305AA04230221CB2004F05DFE044639
:109720000028E8D104232B700923059304ABCDE96D
:10973000006300231A4629460120FFF799FF0446DB
:109740000028D8D1049F0096CDE90170042305AA12
:109750000221CB2004F040FE05280446CBD028B1DE
:10976000002FC8D0384602F029F8C4E728702846F0
:10977000FFF7E6FEBFE700BFF6152108AB1621088C
:10978000B01621082DE9F04FADF51F7D0D46DDF82F
:10979000A08291461C460646C8B190F800A0BAF1D6
:1097A000010F0DD90224A24AA249A348009440F215
:1097B000AB1302F067FB20460DF51F7DBDE8F08F6F
:1097C000D0F80CB0BBF1000F04D101B11BB94FF4BC
:1097D0003564F0E71BB1237C3D2B00F29A80B9F190
:1097E000000F04D0B9F80830C92B00F2928040F283
:1097F000391200214FA806AF02F011FC00233B6094
:1098000005B975687560002C08BF5C46C6E902940E
:10981000B4F80A90B9F1000F4CD1BAF1000F00F082
:10982000868002234F93B468CCB123788DF84331FE
:1098300063788DF84431228923698DF810328DF8D0
:10984000452161680DF5A37002F05AFCD4E90312BA
:109850000DF2112002F054FC01238DF84231002357
:10986000CDE900871A4631461846FFF701FF044646
:109870000028A0D13D68CDF80080CDE9015040F22C
:1098800039134FAA0221CB2004F0A6FD0528044677
:1098900091D0002800F0C88033781BB1674B984204
:1098A00040F0AE80664A6249664840F20E23F8F7FF
:1098B00099F980E7BC242046079401F077FF05461C
:1098C00008B9192477E72246002102F0A8FB0023FB
:1098D0008DF817302A4607AB0DF11701484600F006
:1098E0003DFC044618B1284601F068FF63E79DF887
:1098F00017300B2B04D0284601F060FF2A245AE7CA
:109900002B88792B02D86B883D2B04D9284601F08F
:1099100055FF21244FE7337853B102234F9340F290
:1099200001132846ADF8403101F048FF7BE755466A
:109930004FF49072002107A802F071FB7468237C39
:10994000042B14BF10220422214609A802F0D8FBE0
:10995000237C082B14BF04230623089301230793B9
:10996000638A0D93F3689A798DF833211A89CDF8BB
:1099700035215A7C02B9227D8DF834211A7C8DF86C
:109980003820D9680DF1390002F0BAFB238BADF80D
:109990007730638BADF83A31A5B129460DF17A00E5
:1099A00031F8044B224602F0ABFBB5F80290211DC2
:1099B0004A4629440DF1F50002F0A2FB8DF87940EA
:1099C0008DF8F49041F288334FF000090093CDE90F
:1099D00001994FF4907307AA0221CB2004F0FCFCFC
:1099E000044630B115B1284601F0E8FE86F8009033
:1099F000E1E60123337002234F93002D8FD112E74C
:109A00000223337041F288313046FFF763FE04468B
:109A100030B10B4A06490C484FF40573F8F7E2F8E9
:109A2000002D7FF460AFC6E603233370C3E600BFAA
:109A3000F6152108AB162108B016210825000100F3
:109A400004192108C51621080D1721082DE9F04F2A
:109A500090F800B0BBF1030FBBB006460F461546A9
:109A600099460CD00225374A3749384800954FF4BB
:109A70002A7302F007FA28463BB0BDE8F08F0029B0
:109A80005BD0459B002B58D0C92A59D8D022002141
:109A900006A802F0C4FA012105F10C0001F092FBC6
:109AA00005AB0193449B0093469A03460446314616
:109AB0000420FFF7DDFD82462CB1DDF8148048B1AB
:109AC000204601F07BFE059808B91925D3E701F07F
:109AD00075FEFAE7459B63602A46658139460DF1BC
:109AE0001D008DF81C50CDF818B08DF8E79002F0ED
:109AF00007FB2A46394604F10C0002F001FB449BA7
:109B00000093CDE9018AD02306AA0221CB2004F0DC
:109B100063FC05280546AED048B1204601F04EFE54
:109B2000B8F1000FA7D0404601F048FEA3E7214658
:109B300006F1100004F0B4FB9DE74FF435659AE799
:109B4000212598E7F6152108AB162108B016210843
:109B500070B50B78052B16468AB004460D464FF0BB
:109B6000000208D905238DF80A308DF80B206868AB
:109B70000024466914E071498DF80B20C95C8DF80A
:109B80000A10013B042B06D8DFE813F07D00D20059
:109B9000490032003E0068683CB9032303704669FF
:109BA0002978AB682246B04761E07388142B07D14F
:109BB00001238DF80B3000230370FFF7C1FCABE0ED
:109BC0000223037041F28831FFF784FD034640B160
:109BD0005B4A5C495C4840F27933F8F703F86868FF
:109BE00001E068680370466906210DF10A04D8E7B0
:109BF000E96818B1084601F0E1FDF0E76868103047
:109C000004F04EFB6868CAE76868002CEBD1E9688D
:109C1000103004F0BDFBE86801F0D0FDF2E706F17A
:109C200016010691B38AADF81C309AB2738A099373
:109C300002F1160333440893338A03F001008DF8D0
:109C40001400C3F341008DF810006868C3F3C0032B
:109C50008DF81530006903ABFFF798FC039B63B9DF
:109C60003A4A38493A4840F2BF33F7F7BBFF284633
:109C700001F0A4FD00200AB070BD5B68AA686868A6
:109C800004A99847F3E77388CB2B03D110B1314B6C
:109C90009842A4D1002300932F48304BA2B28021D8
:109CA00004F096FB38B12E4A26492E48009440F223
:109CB000E333F7F797FF7388CB2B06D1254B9C42F4
:109CC00016D002238DF80B301DE0F02B1DD100249F
:109CD00068680423037041F28831FFF7FBFC48B148
:109CE0001F4A1849204840F2F133F7F77BFF3EE75F
:109CF0000124EDE7002C14BF032300238DF80B3063
:109D00007388142B0DD1686855E7142B01D10123FA
:109D1000D8E702238DF80B3068680DF10B04466913
:109D20003EE7CB2BEFD0F02BEDD0002CEBD1F3E7BF
:109D300068684669002C7FF457AF31E76518210841
:109D4000B7182108F61521080D1721088F182108CA
:109D500083172108F1BB0100BC60010075A5200834
:109D60006B182108CA172108F717210810B5083801
:109D7000A6B0092800F20981DFE810F00A004100CE
:109D80000701070107010701070107017600BE006F
:109D90007F48002908BF01460820FDF735FA60BB5F
:109DA0007C4A538813BB7C4B186801909B88ADF8A4
:109DB00008301A2200210DF10A0002F030F9742255
:109DC000002109A802F02BF905238DF82430022385
:109DD000ADF8323001230E9340F20243ADF8443027
:109DE00001AA0021082000F0F7F806E012F8041B91
:109DF000012000F041F90028D5D026B010BD6448FC
:109E0000002908BF01460920FDF7FEF90028F4D11A
:109E1000604A538803BB604B186801909B88ADF87B
:109E200008301A2200210DF10A0002F0F8F874221D
:109E3000002109A802F0F3F805238DF8243002234D
:109E4000ADF8323001230E9340F20243ADF84430B6
:109E500001AA00210920C6E712F8041B012000F026
:109E60000BF90028D7D0C8E74C48002908BF0146A5
:109E70001020FDF721FA0028BFD1494A53889BBB27
:109E8000454B186801909B88ADF808301A220021D4
:109E90000DF10A0002F0C3F87022002109A802F0B7
:109EA000BEF8404B099304238DF8283005238DF824
:109EB0002E3003230C9303F5C803FF210D934FF0BD
:109EC0000313CDE90E1301238DF8413040F2014315
:109ED000ADF84430344BCDE913336FF07F43159325
:109EE00001AA002110207EE712F8041B032000F0D5
:109EF000C3F80028C4D080E72848002908BF0146DD
:109F00001120FDF7D9F900287FF477AF244A538850
:109F10009BBB214B186801909B88ADF808301A2232
:109F200000210DF10A0002F07AF87022002109A840
:109F300002F075F81B4B099304238DF82830052394
:109F40008DF82E3003230C9303F5C803FF220D93E5
:109F50004FF00313CDE90E2301238DF8413040F279
:109F60000143ADF84430104BCDE913336FF07F431C
:109F7000159301AA0021112035E712F8041B0320D4
:109F800000F07AF80028C4D037E70F2035E700BF8B
:109F9000581921086E090000941921081C1921087C
:109FA000A608000005000200C0A80A0A083809280F
:109FB00010D8DFE800F005080F0F0F0F0F0F0A0D84
:109FC0000820FDF72FB90920FBE71020FDF776B92F
:109FD0001120FBE70F20704708B50B46FF2B1146F9
:109FE00003D0082803D010280BD00F2008E0012B45
:109FF0000CD80748942202FB030002F081F80020ED
:10A0000008BD012B02D803489022F4E72720F7E788
:10A010002064010000630100FF2908B503461046D3
:10A0200004D0A2B1082B03D0102B0BD00F2008E0D6
:10A0300001290ED8084B942202FB013102F060F88E
:10A04000002008BD012904D8044B9022F4E7222007
:10A05000F7E72720F5E700BF206401000063010057
:10A06000031F042B05D90C38012894BF00200120C0
:10A0700070470020704700002DE9F04105460C466E
:10A080001E461746002A66D0002B64D00846FFF70C
:10A09000E7FF28B933462846BDE8F041FDF7D5BCB7
:10A0A00015F47F410AD1072D28462CD003DC2B461E
:10A0B000013B052B1DD90120BDE8F0810D120729B8
:10A0C0000B4605F10700F3D9B1F5806F08D00ADC23
:10A0D000B1F5007F04D021F40071B1F5807FEAD1A1
:10A0E00044F000412BE0B1F5A06FF9D0B1F5C06F9D
:10A0F000F5E7611E09292ED8DFE801F02B29272D6D
:10A100002D2D2D2D2D20631E092BE9D801A252F8EB
:10A1100023F000BF53B120084FB120084BB12008F5
:10A12000E1B02008E1B02008E1B02008E1B020084B
:10A13000E1B02008E1B020083DB1200803213346FA
:10A140003A46BDE8F041FEF725BC0221F7E70121C0
:10A15000F5E70021F3E72120AEE700BF062837B579
:10A1600004460D463ED020F0FF01B1F5807F39D086
:10A17000B1F5007F36D0002A34D0186890B30020A3
:10A18000019088B261B104460012073001A9FEF7C0
:10A1900031FC18B9062C05DCA4B9012003B030BD90
:10A1A0002046F3E7B4F5407F02D003DC072CF4D15E
:10A1B000019B0FE024F48073B3F5806FF8D0B4F501
:10A1C000C06FF4E7019B032BE8D8DFE803F002053A
:10A1D000070901232B70E1E70223FBE70323F9E7DB
:10A1E0000A23F7E72120D9E72DE9F04104460E467E
:10A1F0001F4601EB0308BA4230DA98F80000551EFA
:10A20000A118B318984511D16B1CE05DE15CE054D6
:10A21000E155F15C98F80000F05488F800102B46E6
:10A2200031462046FFF7E0FFAA1CE4E793F800C0A0
:10A23000844510D2013591F800E014F805C004F807
:10A2400005E081F800C016F805C093F800E006F8B4
:10A2500005E083F800C001310133D3E7BDE8F081A8
:10A26000074B10B41C680A4634B10146A4460423C7
:10A270005DF8044B052060475DF8044B704700BF54
:10A2800054650100014B18600020704754650100BF
:10A2900010B5154C206850B103F0E2FF28B1134A05
:10A2A000134914484E23F7F79DFC00232360124CFA
:10A2B000206850B104F004F828B10C4A0C490F484A
:10A2C0005623F7F78FFC002323600D4C206850B114
:10A2D00004F076F828B1054A05490A485E23F7F7E5
:10A2E00081FC0023236010BD4C650100AB1D2108DB
:10A2F000B4192108431A2108486501007A1A210877
:10A3000050650100B51A21082DE9F04FDFF894A13E
:10A31000584FADB0DAF800004FF0FF33002205A926
:10A3200004F00EF80028F5D1069A12F0060F00F09E
:10A3300096803A6822B107A98DF81C00FFF790FFBC
:10A340009DF8144007AA00212046FFF765FE58B388
:10A3500000238DF80C30FF2307AA012120468DF839
:10A360001030FFF759FE01238DF80D3008BB9DF822
:10A37000AC308DF8113003A80123002204A9FFF7A7
:10A3800033FF07A8FEF7DCF9A8B100903A4A3B4931
:10A390003B484FF48B73F7F725FC0124DFF8DC9082
:10A3A00003AE4FF000080EE09DF8AC308DF80C00C5
:10A3B000D2E7FF23DDE79DF81C30002BEDD103240D
:10A3C000ECE74FF00108B34608209BF80010FFF7B8
:10A3D000EDFD01360546B0B99BF80030294A0093DF
:10A3E0002649294840F24113F7F7FCFB012407A94D
:10A3F00028468DF81C40FFF733FF244B2146186890
:10A4000003F0D6FF86E7019016F8013C00931D4A41
:10A410001F484FF4A3734946F7F7E4FBB8F1000F68
:10A42000CFD01C4A1C4840F259134946F7F7DAFBD3
:10A4300047F2305003F028FF013CB1D1134B022109
:10A44000186803F0B5FF3B6833B1022307A9204623
:10A450008DF81C30FFF704FFFFF71AFF5AE7D30708
:10A460007FF558AF0D4A05490D4840F2A313F7F7A1
:10A47000B9FB4FE754650100551D2108B4192108A7
:10A48000E71A21080E1D21081F1B21085065010035
:10A49000581B2108311D2108971B2108741D210814
:10A4A000C21B2108486501002DE9F3410646002042
:10A4B0000D4603F015FF3F4F386050B93E4A3F4903
:10A4C0003F486C23F7F78EFB0124204602B0BDE81D
:10A4D000F0813C4ADFF8148108210A2003F044FF90
:10A4E000C8F8000020B9344A344937487423E9E7F2
:10A4F000364A3748002103F0EFFE364B186020B98A
:10A500002D4A2E4934487C23DCE72A460021304678
:10A51000FFF782FD04460028D7D195F8243013F0C8
:10A52000FD0F2BD0032B2BD0042B0CBF0D200020B4
:10A530002A4A2946FEF780F958B31F4A1F4928487E
:10A540009123F7F74FFB0423019300231A46694632
:10A55000D8F800008DF8006003F09AFE00223868F9
:10A560004FF0FF33012103F0D7FEC2070AD5124A8C
:10A5700012491C489A23F7F735FBA6E70520D7E7D1
:10A580000920D5E7830704D50B4A0C4916489D23BB
:10A5900098E7022105F14000FDF7FEF90446002886
:10A5A00093D101462A46082002B0BDE8F041FFF7EA
:10A5B00013BD00BF50650100961D2108B419210884
:10A5C000EB1B2108E81D21081E1C2108001E210884
:10A5D00009B320084C6501005A1C2108C0D40100B1
:10A5E0008F1C2108BF1C2108E81C210848650100B8
:10A5F000F0B58FB006460F4614460021152208A874
:10A600001D4601F00CFD0023CDE90633ADF81630F0
:10A610001CB106B1BFB921243BE0EDB24FF47A730F
:10A620000C22022107A88DF82050FCF7EDFC04460F
:10A6300078BB01460DF116020798FCF731FD057055
:10A640004660078103E08DF8205044F0804406AB5B
:10A650000293079B08AACDE9004302211523E420B9
:10A6600003F0BAFE044688B9024601460698FCF794
:10A6700017FD0146304631F8102BBA4228BF3A4642
:10A6800001F03EFD0698FCF717FD02E00698002851
:10A69000F9D120460FB0F0BD2DE9F04387B0044654
:10A6A0001022002102A801F0BAFC00221146206805
:10A6B000DFF88080DFF88090FCF7F2FCE76800218B
:10A6C0000DF1060206463846ADF80610FCF7E8FC28
:10A6D0004FF0FF310546D8F8000003F02DFED9F801
:10A6E0000030CBB1B4892B788DF808300CB144F42C
:10A6F00080340F4B224619780020F7F7A5F906F1B0
:10A70000100304933388ADF814302A89D9F8003047
:10A710006968039402A89847D8F8000003F0CCFDBC
:10A720003846FCF7C9FC002007B0BDE8F08300BF45
:10A730008F0800005C6501005865010070B58CB0A1
:10A7400004460D461522002106A801F068FC0023EE
:10A750000593ADF81230002C60D02368002B5DD03B
:10A760002379013B012B59D82D4E306810B903F0E5
:10A77000DFFD30604FF0FF31306803F0DDFD294B25
:10A78000E26830681A6003F097FD01238DF81830F5
:10A7900023798DF82A30E388ADF82B30237A13F033
:10A7A000010F23681ED006228DF8192003F1100135
:10A7B0000DF11A0253F8040B42F8040B8B42F9D145
:10A7C000BDB145F0804400230293059B06AACDE964
:10A7D000004302211523E42003F0FEFD0446204639
:10A7E0000CB070BD04228DF819201B68CDF81A300A
:10A7F000E6E74FF47A730C22022105A8FCF704FC6B
:10A8000004460028EBD105980DF112022946FCF709
:10A8100047FC0123037045600581D4E72124DEE76E
:10A820005C650100586501000323FFF7E1BE30B508
:10A830008DB00446142200210DF1190001F0EFFB48
:10A84000052500230593ADF812308DF8185084B11A
:10A8500044F0804400230293059B06AACDE90043FF
:10A8600002211523E42003F0B7FD044620460DB075
:10A8700030BD4FF47A730C22022105A8FCF7C4FB0B
:10A8800004460028F2D101460DF112020598FCF7AA
:10A8900007FC057044600481DCE7000081F00041A2
:10A8A00002E000BF83F0004330B54FEA41044FEAB5
:10A8B000430594EA050F08BF90EA020F1FBF54EA50
:10A8C000000C55EA020C7FEA645C7FEA655C00F0EC
:10A8D000E2804FEA5454D4EB5555B8BF6D420CDDBD
:10A8E0002C4480EA020281EA030382EA000083EA40
:10A8F000010180EA020281EA0303362D88BF30BDE0
:10A9000011F0004F4FEA01314FF4801C4CEA113135
:10A9100002D0404261EB410113F0004F4FEA033394
:10A920004CEA133302D0524263EB430394EA050F1F
:10A9300000F0A780A4F10104D5F1200E0DDB02FA8E
:10A940000EFC22FA05F2801841F1000103FA0EF222
:10A95000801843FA05F359410EE0A5F120050EF1E8
:10A96000200E012A03FA0EFC28BF4CF0020C43FA19
:10A9700005F3C01851EBE37101F0004507D54FF026
:10A98000000EDCF1000C7EEB00006EEB0101B1F576
:10A99000801F1BD3B1F5001F0CD349085FEA3000BC
:10A9A0004FEA3C0C04F101044FEA445212F5800FC7
:10A9B00080F09A80BCF1004F08BF5FEA500C50F164
:10A9C000000041EB045141EA050130BD5FEA4C0C47
:10A9D000404141EB0101013C28BFB1F5801FE9D2A4
:10A9E00091F0000F04BF01460020B1FA81F308BFC7
:10A9F0002033A3F10B03B3F120020CDA0C3208DD93
:10AA000002F1140CC2F10C0201FA0CF021FA02F16D
:10AA10000CE002F11402D8BFC2F1200C01FA02F1DD
:10AA200020FA0CFCDCBF41EA0C019040E41AA2BF02
:10AA300001EB0451294330BD6FEA04041F3C1CDACA
:10AA40000C340EDC04F11404C4F1200220FA04F0EA
:10AA500001FA02F340EA030021FA04F345EA030194
:10AA600030BDC4F10C04C4F1200220FA02F001FA56
:10AA700004F340EA0300294630BD21FA04F02946D8
:10AA800030BD94F0000F83F4801306BF81F4801171
:10AA90000134013D4EE77FEA645C18BF7FEA655CE4
:10AAA00029D094EA050F08BF90EA020F05D054EAB6
:10AAB000000C04BF1946104630BD91EA030F1EBFBB
:10AAC0000021002030BD5FEA545C05D140004941BF
:10AAD00028BF41F0004130BD14F580043CBF01F5B2
:10AAE000801130BD01F0004545F0FE4141F4700198
:10AAF0004FF0000030BD7FEA645C1ABF1946104673
:10AB00007FEA655C1CBF0B46024650EA013406BF73
:10AB100052EA033591EA030F41F4002130BD00BF32
:10AB200090F0000F04BF0021704730B54FF48064EF
:10AB300004F132044FF000054FF0000150E700BF70
:10AB400090F0000F04BF0021704730B54FF48064CF
:10AB500004F1320410F0004548BF40424FF00001BC
:10AB60003EE700BF42004FEAE2014FEA31014FEAFF
:10AB700002701FBF12F07F4393F07F4F81F060514E
:10AB8000704732F07F4208BF704793F07F4F04BF99
:10AB900041F40021704730B54FF4607401F0004576
:10ABA00021F000411CE700BF50EA010208BF7047D6
:10ABB00030B54FF000050AE050EA010208BF7047C7
:10ABC00030B511F0004502D5404261EB41014FF430
:10ABD000806404F132045FEA915C3FF4D8AE4FF038
:10ABE00003025FEADC0C18BF03325FEADC0C18BF1B
:10ABF000033202EBDC02C2F1200300FA03FC20FA6C
:10AC000002F001FA03FE40EA0E0021FA02F11444B8
:10AC1000BDE600BF70B54FF0FF0C4CF4E06C1CEAD1
:10AC200011541DBF1CEA135594EA0C0F95EA0C0F42
:10AC300000F0DEF82C4481EA030621EA4C5123EAB5
:10AC40004C5350EA013518BF52EA033541F48011E4
:10AC500043F4801338D0A0FB02CE4FF00005E1FB97
:10AC600002E506F00042E0FB03E54FF00006E1FBE1
:10AC700003569CF0000F18BF4EF0010EA4F1FF0424
:10AC8000B6F5007F64F5407404D25FEA4E0E6D4164
:10AC900046EB060642EAC62141EA55514FEAC52075
:10ACA00040EA5E504FEACE2EB4F1FD0C88BFBCF5F1
:10ACB000E06F1ED8BEF1004F08BF5FEA500E50F1A2
:10ACC000000041EB045170BD06F0004646EA010168
:10ACD00040EA020081EA0301B4EB5C04C2BFD4EB9A
:10ACE0000C0541EA045170BD41F480114FF0000E93
:10ACF000013C00F3AB8014F1360FDEBF002001F001
:10AD0000004170BDC4F10004203C35DA0C341BDC7A
:10AD100004F11404C4F1200500FA05F320FA04F04C
:10AD200001FA05F240EA020001F0004221F0004180
:10AD300010EBD37021FA04F642EB06015EEA430EF3
:10AD400008BF20EAD37070BDC4F10C04C4F1200523
:10AD500000FA04F320FA05F001FA04F240EA0200D6
:10AD600001F0004110EBD37041F100015EEA430EA7
:10AD700008BF20EAD37070BDC4F1200500FA05F2C7
:10AD80004EEA020E20FA04F301FA05F243EA020346
:10AD900021FA04F001F0004121FA04F220EA020055
:10ADA00000EBD3705EEA430E08BF20EAD37070BD9B
:10ADB00094F0000F0FD101F00046400041EB01017B
:10ADC00011F4801F08BF013CF7D041EA060195F05D
:10ADD000000F18BF704703F00046520043EB030317
:10ADE00013F4801F08BF013DF7D043EA0603704704
:10ADF00094EA0C0F0CEA135518BF95EA0C0F0CD00F
:10AE000050EA410618BF52EA4306D1D181EA030154
:10AE100001F000414FF0000070BD50EA410606BF4E
:10AE20001046194652EA430619D094EA0C0F02D193
:10AE300050EA013613D195EA0C0F05D152EA0336D8
:10AE40001CBF104619460AD181EA030101F00041F6
:10AE500041F0FE4141F470014FF0000070BD41F03F
:10AE6000FE4141F4780170BD70B54FF0FF0C4CF419
:10AE7000E06C1CEA11541DBF1CEA135594EA0C0F38
:10AE800095EA0C0F00F0A7F8A4EB050481EA030E85
:10AE900052EA03354FEA013100F088804FEA03336C
:10AEA0004FF0805545EA131343EA12634FEA02223A
:10AEB00045EA111545EA10654FEA00260EF00041FB
:10AEC0009D4208BF964244F1FD0404F5407402D24D
:10AED0005B084FEA3202B61A65EB03055B084FEADE
:10AEE00032024FF480104FF4002CB6EB020E75EBDB
:10AEF000030E22BFB61A754640EA0C005B084FEA03
:10AF00003202B6EB020E75EB030E22BFB61A75467F
:10AF100040EA5C005B084FEA3202B6EB020E75EBCA
:10AF2000030E22BFB61A754640EA9C005B084FEA42
:10AF30003202B6EB020E75EB030E22BFB61A75464F
:10AF400040EADC0055EA060E18D04FEA051545EA3E
:10AF500016754FEA06164FEAC30343EA52734FEAE7
:10AF6000C2025FEA1C1CC0D111F4801F0BD141EA60
:10AF700000014FF000004FF0004CB6E711F4801FC5
:10AF800004BF01430020B4F1FD0C88BFBCF5E06FA5
:10AF90003FF6AFAEB5EB030C04BFB6EB020C5FEAB5
:10AFA000500C50F1000041EB045170BD0EF0004E0A
:10AFB0004EEA113114EB5C04C2BFD4EB0C0541EA3C
:10AFC000045170BD41F480114FF0000E013C90E639
:10AFD00045EA060E8DE60CEA135594EA0C0F08BFFD
:10AFE00095EA0C0F3FF43BAF94EA0C0F0AD150EAFC
:10AFF00001347FF434AF95EA0C0F7FF425AF10468F
:10B0000019462CE795EA0C0F06D152EA03353FF4B6
:10B01000FDAE1046194622E750EA410618BF52EA33
:10B0200043067FF4C5AE50EA41047FF40DAF52EA07
:10B0300043057FF4EBAE12E74FF0FF3C06E000BFA4
:10B040004FF0010C02E000BF4FF0010C4DF804CDB1
:10B050004FEA410C7FEA6C5C4FEA430C18BF7FEA71
:10B060006C5C1BD001B050EA410C0CBF52EA430C9F
:10B0700091EA030F02BF90EA020F0020704710F11F
:10B08000000F91EA030F58BF994208BF90422CBFAE
:10B09000D8176FEAE37040F0010070474FEA410CA7
:10B0A0007FEA6C5C02D150EA013C07D14FEA430CC5
:10B0B0007FEA6C5CD6D152EA033CD3D05DF8040B36
:10B0C000704700BF8446104662468C461946634668
:10B0D00000E000BF01B5FFF7B7FF002848BF10F13F
:10B0E000000F01BD4DF808EDFFF7F4FF0CBF012084
:10B0F00000205DF808FB00BF4DF808EDFFF7EAFF00
:10B1000034BF012000205DF808FB00BF4DF808EDBA
:10B11000FFF7E0FF94BF012000205DF808FB00BFAF
:10B120004DF808EDFFF7CEFF94BF012000205DF839
:10B1300008FB00BF4DF808EDFFF7C4FF34BF012046
:10B1400000205DF808FB00BF4A0011D212F5001282
:10B1500011D20DD56FF47873B3EB62520ED44FEA6F
:10B16000C12343F0004343EA505323FA02F07047EF
:10B170004FF00000704750EA013002D14FF0FF302D
:10B1800070474FF0000070471FB514461A46094B30
:10B190001B680546D86854B9074B1C46CDE90134F5
:10B1A00000912B46054900F03DFE00F0BFFF044B27
:10B1B000F4E700BF440A00004D0D21081E202108BD
:10B1C00011202108024B0A460146186800F002B817
:10B1D000440A000070B5A1FB02543CB9294600F0B6
:10B1E00017FB064628B90026304670BD0C220260C7
:10B1F000F9E72A46214600F012FFF5E72DE9F04F66
:10B2000089B0DDE91598002B1D461446BCBF03F13B
:10B210000043144628F0200A149AB6BF1D460023A6
:10B220002D23BAF1460FDDE9126B137005D0BAF188
:10B23000450F00D10136022300E0032307AA049240
:10B2400006AACDE90292CDE9003622462B4600F04F
:10B25000FFFFB8F1670F074619D11BF0010F0ED0A1
:10B2600007EB06080022002320462946FFF73AFF95
:10B2700008B1CDF81C803022079B434521D3079BA2
:10B28000179ADB1B3846136009B0BDE8F08FB8F1A0
:10B29000470FE2D0BAF1460F00EB0608E2D103787F
:10B2A000302B0AD10022002320462946FFF71AFF3F
:10B2B00018B9C6F10106C9F80060D9F80030984401
:10B2C000D0E7591C07911A70D6E7F7B50029BABF25
:10B2D00049422D232B2309290270437029DD0DF1EA
:10B2E00007031D460A271A46B1FBF7F607FB16149B
:10B2F000303402F8014C0C46632C03F1FF33314625
:10B30000F1DC3031941E03F8011C411C2346AB4292
:10B310000AD30DF109039B1AAC4288BF0023023304
:10B320000344181A03B0F0BD13F8016B01F8016F64
:10B33000EDE7302330318370C170031DF1E7000069
:10B340002DE9F04F91B00C46DDF8688016461F4697
:10B35000054600F06DFE03680893184600F0DEFE17
:10B3600000230E93D8F800300990073323F0070329
:10B3700003F1080294F818A0D4F800B0C8F800202F
:10B38000D3E9008929F000430B93CDF82880C4E964
:10B390001289DDE90A019C4B4FF0FF3202F008FFF1
:10B3A00070BBDDE90A01984B4FF0FF32FFF7AEFEAC
:10B3B00030BB0022002340464946FFF79DFE10B1F6
:10B3C0002D2384F84330914A914BBAF1470F94BF33
:10B3D00090469846032323612BF0040323604FF02B
:10B3E0000009009733460FAA2146284600F088FA44
:10B3F000013040F099804FF0FF3011B0BDE8F08F80
:10B4000042464B464046494602F0D2FE40B14B46CA
:10B41000002BBCBF2D2384F843307E4A7E4BD4E7FB
:10B4200063685A1C29D1062363604BF480630022B1
:10B43000236006920EAACDE904A20DAA03920DF193
:10B440003302CDE901326368009342464B462846F9
:10B45000FFF7D4FEBAF1670F0D99804615D1CB1CCA
:10B460003BDB6368994238DC0E9B994255DB2368CD
:10B470002161D80745D54B1C42E00AF0DF02472A7C
:10B48000D3D1002BD1D10123CEE7BAF1470F07D199
:10B49000C81C25DB63688B4222DB4FF0670AE3E7B9
:10B4A000BAF1650F1FD80139524604F150000D91D1
:10B4B000FFF70BFF0E9A1318012A8146236102DC65
:10B4C0002268D20701D5013323619DF83330002B68
:10B4D00087D02D2384F8433083E74FF0650AE2E7F5
:10B4E0004FF0450ADFE7BAF1660FBDD10029636866
:10B4F0000BDD216113B92268D00702D501330B445B
:10B500002361A1654FF00009DFE713B92268D20774
:10B5100001D50233F4E70123F2E70029D4BFC1F1DA
:10B52000020201221344EBE723685A0507D423697A
:10B53000424631462846B84701302BD15BE7BAF185
:10B54000650F40F2DC80D4E9120100220023FFF7EE
:10B55000C9FD002833D0314A012331462846B84777
:10B5600001303FF448AFDDE90D38434502DB236885
:10B57000D8070FD5DDE9082331462846B847013002
:10B580003FF439AF4FF0000908F1FF3804F11A0A0F
:10B59000C84509DC23689B0700F10281E0680F9B26
:10B5A0009842B8BF184628E701235246314628463C
:10B5B000B84701303FF41FAF09F10109E8E70D9BDF
:10B5C000002B38DC154A012331462846B8470130A4
:10B5D0003FF411AFDDE90D3959EA030302D12368C5
:10B5E000D907D7D5DDE9082331462846B8470130C9
:10B5F0003FF401AF4FF0000A04F11A0B0D9B5B42C0
:10B6000053450DDC4B4693E7FFFFEF7F4D202108AC
:10B610005120210855202108592021085D202108AA
:10B6200001235A4631462846B84701303FF4E3AE7D
:10B630000AF1010AE2E7A36DDDF838A05345A8BF7F
:10B640005346002B994636DC4FF0000B29EAE97986
:10B6500004F11A02A36D0A93A3EB09035B4531DCE5
:10B660000D9B9A453ADC2368DA0737D40D9BAAEB89
:10B6700003090A9BAAEB03039945A8BF9946B9F1B0
:10B68000000F33DC4FF0000829EAE97904F11A0BC6
:10B690000D9BAAEB0303A3EB090343457FF77AAFA6
:10B6A00001235A4631462846B84701303FF4A3AE3D
:10B6B00008F10108ECE7424631462846B847013018
:10B6C000C2D198E60123314628460A92B847013094
:10B6D0003FF491AE0A9A0BF1010BBBE7DDE90823B9
:10B6E00031462846B8470130C0D184E60A9A4B4615
:10B6F000424431462846B8470130C3D17BE6DDF8E5
:10B7000038A0BAF1010F01DCDB0736D50123424630
:10B7100031462846B84701303FF46DAEDDE90823D5
:10B7200031462846B84701303FF465AED4E91201EE
:10B73000002200230AF1FF3AFFF7D4FCC0B95346B8
:10B7400008F1010231462846B84701300CD152E6D3
:10B7500001235A4631462846B84701303FF44BAEE4
:10B7600008F10108D045F3DB4B4604F15002E0E656
:10B770004FF0000804F11A0BF4E701234246E1E719
:10B7800001234A4631462846B84701303FF433AEDC
:10B7900008F10108E3680F995B1A4345F0DCFDE608
:10B7A0004FF0000804F11909F4E700BF024B01460D
:10B7B000186800F02DB800BF440A0000024B014693
:10B7C000186801F06FBB00BF440A000070B50F4E4F
:10B7D0000C463168054611B900F02EFC3060214658
:10B7E000284600F029FC431C03D14FF0FF342046CB
:10B7F00070BDC41C24F00304A042F8D0211A2846CE
:10B8000000F01AFC0130F2D1EFE700BF80650100C3
:10B810002DE9F041CD1C25F0030508350C2D38BF6E
:10B820000C25002D064601DBA94204D90C23336008
:10B830000020BDE8F081314FF6F73CFC3B681C4628
:10B8400044BB29463046FFF7C1FF431C044650D194
:10B850003C682146002941D1002C44D02368304661
:10B8600004EB030800F0E8FB80453CD121686D1A29
:10B8700029463046FFF7AAFF013034D023682B4415
:10B8800023603B68002B36D05A68A24229D100229F
:10B890005A600EE02268521B1DD40B2A16D961197A
:10B8A000A342256018BF5960636808BF39606251C0
:10B8B0004B603046F6F720FC04F10B00231D20F00E
:10B8C0000700C21AB5D01B1AA350B2E7A3426268A0
:10B8D000DED13A60EDE723466468B1E70C4649687B
:10B8E000B8E71346CEE70C2333603046F6F704FC86
:10B8F0009EE70560DDE75B60FFDE00BF8465010059
:10B900002DE9F047164698468A680B69DDF82090C5
:10B910009342B8BF1346336091F8432007460C4664
:10B920000AB1013333602368990642BF336802339A
:10B930003360256815F0060506D104F1190AE3689D
:10B9400032689B1AAB4226DC94F843302268003BF5
:10B9500018BF012392062BD404F143024146384616
:10B96000C84701301ED02368226903F00603042B68
:10B9700002BFE5683368ED1AA3680CBF25EAE575D8
:10B9800000259342C4BF9B1AED1800261A34B54215
:10B990001AD1002008E00123524641463846C847E4
:10B9A000013003D14FF0FF30BDE8F0870135C6E725
:10B9B000E1185A1C302081F84300224494F84510C5
:10B9C00082F843100233C7E7012322464146384636
:10B9D000C8470130E6D00136D9E700002DE9FF471E
:10B9E0000F7E0C9E782F914680460C469A4601F1B8
:10B9F000430207D8622F0AD8002F00F0DD80582FAD
:10BA000000F0C38004F1420684F842703AE0A7F1E6
:10BA10006303152BF6D801A151F823F075CA20084D
:10BA200089CA200805CA200805CA200805CA2008B6
:10BA300005CA200889CA200805CA200805CA2008A6
:10BA400005CA200805CA20089FCB200817CB20086C
:10BA500057CB200805CA200805CA2008C1CB2008FA
:10BA600005CA200817CB200805CA200805CA2008E7
:10BA70005FCB200833681A1D1B68326004F1420650
:10BA800084F842300123A8E031682368081D306043
:10BA90001E0601D50D6803E05D06FBD5B1F9005027
:10BAA0006168002D78DA2D20002984F84300A16018
:10BAB0002DDA5E486D420A231646B5FBF3F103FB0F
:10BAC0001157C75D06F8017D2F46BB420D46F4D9DC
:10BAD000082B0BD12368DF0708D5236961689942D9
:10BAE000DEBF302306F8013C06F1FF36921B2261CF
:10BAF000CDF800A04B4603AA21464046FFF700FFC1
:10BB000001306FD14FF0FF3004B0BDE8F08723F073
:10BB100004032360CDE721683368080653F8045B0B
:10BB200002D4490648BFADB26F2F4048336014BFFE
:10BB30000A230823002184F843106668A660002EBB
:10BB4000BADB216821F004012160002DB4D1002E60
:10BB5000B2D11646BCE7236843F020032360344883
:10BB6000782784F84570236831681F0651F8045B14
:10BB700002D45F0648BFADB23160D90744BF43F07D
:10BB8000200323601DB11023D4E72848E9E7236888
:10BB900023F020032360F6E724480A23CDE7336827
:10BBA00025686169181D30602E061B6801D5196073
:10BBB00002E06806FBD5198000232361164697E74B
:10BBC00033681A1D32601E6862680021304600F03A
:10BBD00047FA08B1801B606063682361002384F822
:10BBE000433085E72369324649464046D047013015
:10BBF00088D023689B0714D4E068039B9842B8BFA1
:10BC0000184681E70123324649464046D047013075
:10BC10003FF478AF0135E36803995B1AAB42F1DC7E
:10BC2000EAE7002504F11906F5E700BF5F202108C7
:10BC3000702021080CB430B5174B0C1E1D689DB048
:10BC400008DA8B232B604FF0FF301DB0BDE8304089
:10BC500002B070474FF40273ADF8143014BF04F112
:10BC6000FF332346049307934FF6FF730290069029
:10BC7000ADF81630209A21AB02A92846019301F0B5
:10BC8000B7F9431CBCBF8B232B60002CDDD0029B7B
:10BC900000221A70D9E700BF440A00000EB400B5B4
:10BCA0009CB01DAB029006906FF0004109480791CF
:10BCB0000491094953F8042B05910068019302A9E6
:10BCC00001F096F9029B00221A701CB05DF804EB9B
:10BCD00003B07047440A00000802FFFF002310B5BC
:10BCE0000446C0E90033C0E90433836081814366C0
:10BCF000C2818361194608225C3000F090F90D4B37
:10BD000063620D4BA3620D4BE3620D4B23630D4B3E
:10BD100024629C4206D003F16802944202D0D033E0
:10BD20009C4205D104F15800BDE8104000F094B9E0
:10BD300010BD00BFD1EC2008F3EC20082BED20084B
:10BD40004FED200888650100024A0349034800F0CE
:10BD50007BB800BF380A000075E52008480A0000DB
:10BD600041680C4B994210B5044601D001F002FC29
:10BD7000A168094B994202D0204601F0FBFBE16823
:10BD8000064B994204D02046BDE8104001F0F2BBBA
:10BD900010BD00BF88650100F06501005866010014
:10BDA00010B50B4B0B4C0C4A1A60204600220421A4
:10BDB000FFF794FF04F1680001220921FFF78EFFCD
:10BDC00004F1D0000222BDE810401221FFF786BF27
:10BDD000C06601008865010049CD2008014800F0D7
:10BDE0003CB900BFC4660100014800F037B900BF8C
:10BDF000C466010010B50446FFF7F0FF236A1BB1CB
:10BE0000BDE81040FFF7F0BF044B2362044B1B68F2
:10BE1000002BF5D1FFF7C4FFF2E700BF61CD20088A
:10BE2000C06601000EB403B5014603AB054853F8E4
:10BE3000042B0068019301F001FA02B05DF804EBF5
:10BE400003B07047440A00002DE9F84307468846CE
:10BE500014460026D4E90195B9F1010905D52468F5
:10BE6000002CF7D13046BDE8F883AB89012B07D908
:10BE7000B5F90E30013303D029463846C047064392
:10BE80006835E9E70FB407B5064904AB086853F80D
:10BE9000042B8168019301F0D1F903B05DF804EB44
:10BEA00004B07047440A0000024B014618688268DB
:10BEB00002F076B8440A0000036A70B5846805464B
:10BEC0000E460BB9FFF796FF636EDB0705D4A38917
:10BED000980502D4A06D00F0C0F8A389190702D517
:10BEE0002369002B35D12146284601F0A1FF80B3FC
:10BEF0004FF0FF35636EDA0705D4A3899B0502D4A2
:10BF0000A06D00F0ABF8284670BD002B15DB236850
:10BF10005A1C22601970A36816F8011F013BA36028
:10BF20000029F2D1002B16DA22460A21284601F018
:10BF300040FF0130DCD00A25DCE7A2699A4201DC2F
:10BF40000A29E4D12246284601F033FF0130E2D12C
:10BF5000CEE7013EDFE723685A1C22600A221A70EE
:10BF6000E9E70000024B01461868FFF7A5BF00BFD4
:10BF7000440A0000F0B5044608B9146844B12046EC
:10BF800014F8015B0F4617F8016B1EB965B915600F
:10BF9000002005E0B542F6D1002BF0D1146003700B
:10BFA000F0BD1C460CE015B914F8013B0E4616F81E
:10BFB000015BAB42F7D1002BF3D0002304F8013C26
:10BFC0001460EDE70123FFF7D5BF10B50139024436
:10BFD000904201D1002005E0037811F8014FA342FF
:10BFE00001D0181B10BD0130F2E7884210B501EBFB
:10BFF000020402D98442234607D8431EA14208D036
:10C0000011F8012B03F8012FF8E7024401468A4298
:10C0100000D110BD13F8014D02F8014DF7E70244BD
:10C020000346934200D1704703F8011BF9E7000073
:10C0300000487047840B000038B5064D00230446C5
:10C0400008462B6002F0F2F8431C02D12B6803B1C2
:10C05000236038BDC8660100704770477047000014
:10C0600001F0FF01102A2BDB10F0070F08D010F8A9
:10C07000013B013A8B422DD010F0070F42B3F6D1AD
:10C08000F0B441EA012141EA014122F007047FF0C6
:10C0900000070023F0E80256083C85EA010586EA1D
:10C0A000010685FA47F5A3FA87F586FA47F6A5FA59
:10C0B00087F68EB9EED1F0BC01F0FF0102F0070265
:10C0C00032B110F8013B013A83EA010313B1F8D110
:10C0D0000020704701387047002D06BF35460338F1
:10C0E000073815F0010F07D1013015F4807F02BF2A
:10C0F000013015F4C03F0130F0BC0138704700BF7B
:10C100000A44914200F1FF3300D1704710B511F895
:10C11000014B03F8014F9142F9D110BD034613F8CA
:10C12000012B002AFBD1181A0138704708B50620E8
:10C1300001F0E8FF0120F6F779F82DE9F74F0369E0
:10C140000C69A34207467EDB013C01F11408A30001
:10C1500000F11405009305EB8403019358F8243093
:10C1600055F8242001339A4208EB8409B2FBF3F618
:10C170002ED34FF0000AC446AE46D3465CF8043BCB
:10C1800098B206FB00A0020C1B0C06FB0323DEF892
:10C19000002080B292B2121A5A44DEF800004FEA30
:10C1A000134A9BB2C3EB224303EB104392B242EA21
:10C1B0000342E1454EF8042B4FEA234BDED2009BAD
:10C1C000EB582BB9019B043B9D421A462FD33C618F
:10C1D000384601F075FC002825DB2946002058F878
:10C1E000042BD1F800C01FFA82FE1FFA8CF3A3EBD8
:10C1F0000E030344120CC2EB234202EB1C429BB21F
:10C2000043EA0243C14541F8043B4FEA2240E6D2EB
:10C2100055F8242005EB840322B9043B9D421A46BD
:10C220000BD33C610136304603B0BDE8F08F126895
:10C23000043B002ACBD1013CC6E71268043B002A2C
:10C24000EFD1013CEAE70020EEE70000000000002B
:10C250002DE9F04FC76997B014461D46CDE9044556
:10C26000239E83467FB91020FFF7A0FA0246CBF841
:10C270001C0020B9A64BEF21A648FEF785FFC0E9B8
:10C2800001770760C760DBF81C30196859B15A683C
:10C290004A60012393408B60584601F0D3F9DBF8E4
:10C2A0001C3000221A602B1EB9BF23F000430593F7
:10C2B00000233360059F984BBCBF01223260BB4313
:10C2C00019D1229A42F20F731360C7F31303234369
:10C2D00000F0DE85249B53B9904B21E0904B0893EE
:10C2E0000833249A1360089817B0BDE8F08F8B4B81
:10C2F00008930333F5E79DED047B002251EC170B07
:10C3000000238DED0C7BFEF7EDFE804650B1229AA6
:10C3100001231360249B13B1249A824B1360824B38
:10C320000893E0E714AB019315AB00935846DDE9A1
:10C330000C2301F075FCC7F30A560390002E79D048
:10C340000D9BCDF84C80C3F31303DDE90C0143F0E2
:10C350007F5343F44013A6F2FF3619460022734B75
:10C36000FEF7A0FA64A3D3E90023FEF753FC64A30D
:10C37000D3E90023FEF798FA044630460D46FEF74F
:10C38000DFFB61A3D3E90023FEF744FC02460B4622
:10C3900020462946FEF788FA04460D4601F01EFFA6
:10C3A00000220746002320462946FEF7A5FE40B19D
:10C3B0003846FEF7C5FB22462B46FEF793FE00B932
:10C3C000013F162F53D85A4B03EBC703D3E9002381
:10C3D000DDE90C01FEF790FE00284AD0013F002362
:10C3E0001293149B9B1B5A1E45BFC3F10103099373
:10C3F000002300230A9254BF09930A93002F3ADBCB
:10C400000A9B0F973B440A9300230B93209B092B15
:10C4100067D8052BC4BF043B2093209BA3F10203E4
:10C42000CCBF00240124032B00F28680DFE803F058
:10C430002B383657DDE914631E4406F23243202BB5
:10C44000C1BFC3F140039F4006F2124324FA03F335
:10C45000D6BFC3F1200347EA030004FA03F0FEF756
:10C460005FFB0122A1F1F873013E139275E70123EE
:10C47000B6E71290B5E7099BDB1B09937B420B9350
:10C4800000230F93C2E700230E93219B002B56DC61
:10C490000123069399461A4621920CE00123F3E703
:10C4A00000230E93219BFB1803F1010906934B46D1
:10C4B000012BB8BF0123DBF81C000021042202F18C
:10C4C00014059D423FD94160584601F07BF8089021
:10C4D00000283BD1174B024640F2AF11CCE60123B6
:10C4E000DFE70124002320930E944FF0FF330693DF
:10C4F000994600221223CFE761436F63A787D23F9B
:10C50000B3C8608B288AC63FFB799F501344D33F42
:10C510008F212108A62121080000F07F8B2121080E
:10C52000822121085E2021085D2021080000F83FBB
:10C53000C02221080722210801230E93D5E7219B61
:10C5400006939946B7E701315200B8E7DBF81C3093
:10C55000089A1A60B9F10E0F6FD8002C6DD0002F19
:10C5600036DDA14B07F00F0203EBC20393ED007B16
:10C57000F8058DED107B4FEA271417D59B4BDDE9AD
:10C580000C01D3E90823FEF76FFCCDE9040104F0A8
:10C590000F044FF00308954D5CB9DDE91023DDE988
:10C5A0000401FEF761FCCDE904012BE04FF0020825
:10C5B000F1E7E10709D5DDE91001D5E90023FEF730
:10C5C00029FBCDE9100108F1010864100835E3E703
:10C5D00000F007817C42844B844D04F00F0203EB92
:10C5E000C203D3E90023DDE90C01FEF713FBCDE91B
:10C5F0000401241100234FF00208002C40F0E580D4
:10C60000002BD0D1129BDDE90445002B00F04B81BB
:10C61000774B002220462946FEF76EFD002800F0E9
:10C620004281B9F1000F00F03E81069B002B00F320
:10C63000E380DDE90C34CDE90434159B002B02DBEB
:10C640000E2F40F341820E9A002A40F066820B9C26
:10C65000DDF824800025B8F1000F0DD00A9B002BD7
:10C660000ADD4345099AA8BF4346D21A09920A9A9D
:10C67000A8EB0308D31A0A930B9B0BB30E9B002B5A
:10C6800000F0A582002C00F0A082294622465846E0
:10C6900001F050F9039A01460546584601F0A0F80A
:10C6A00003990646584600F0CDFF0B9B1B1B0B93CE
:10C6B00000F090820B9A3146584601F03BF9039006
:10C6C0000121584601F076F80F9B0446002B00F03C
:10C6D00083821A460146584601F02CF9209B012B13
:10C6E000044603DC049B002B00F07B8200262369B8
:10C6F00004EB8303186901F00DF80F96C0F12000D8
:10C700000A9B184410F01F0000F09082C0F1200333
:10C71000042B40F38082099BC0F11C000344099361
:10C720000A9B034480440A93099B002B05DD03996F
:10C730001A46584601F058F903900A9B002B05DD74
:10C7400021461A46584601F04FF90446129B002B29
:10C7500000F075820398214601F0B2F9002880F2BA
:10C760006E82002303990A22584600F08DFF0E9B2B
:10C7700003907E1E002B00F05B82002329460A22D4
:10C78000584600F081FF069B002B054603DC209BEA
:10C79000022B00F35D82B8F1000F05DD2946424609
:10C7A000584601F021F905460F9B002B00F0CF827F
:10C7B0006968584600F006FF0746002840F07E8270
:10C7C0000C4B024640F2EF2156E5E20706D5D5E9CB
:10C7D0000023FEF71FFA08F1010801236410083551
:10C7E0000BE74FF002080DE7C0222108982221082C
:10C7F0000000F03F072221082046AD4B00222946C9
:10C80000FEF708FACDE90401069C7E1E08F1010836
:10C810004046FEF795F9DDE90423FEF7FBF9A54B49
:10C820000022FEF741F8A1F15073CDE910011193F8
:10C83000002C3BD1DDE904019F4B0022FEF732F8CA
:10C8400002460B46CDE90423DDE91023FEF772FC16
:10C85000002840F05781DDE9102101F10043DDE9B6
:10C860000401FEF749FC00283FF4E3AE002425460E
:10C87000219BDDF820A0DE434FF0000821465846FA
:10C8800000F0E0FE002D00F0A980B8F1000F05D007
:10C89000A84503D04146584600F0D4FE29465846E4
:10C8A00000F0D0FE9AE03E464C46B1E7834B03EBE6
:10C8B000C40353E90201089B1C440E9B002B4AD081
:10C8C00002460B4600207E49FEF7CEFADDE9102332
:10C8D000FDF7E8FFCDE91001DDF820A0DDE9040156
:10C8E00001F07CFC0546FEF72BF902460B46DDE91C
:10C8F0000401FDF7D7FF3035CDE9040102460B46B0
:10C900000AF8015BDDE91001FEF714FC002865D18F
:10C91000DDE904236B490020FDF7C4FF02460B4606
:10C92000DDE91001FEF706FC002840F00D81A2456C
:10C9300000F0EA80DDE910015D4B0022FEF76AF9A4
:10C940005B4BCDE910010022DDE90401FEF762F93D
:10C95000CDE90401C2E7DDE91023FEF75BF9CDE97B
:10C960001001DDF820A0A046DDE9040101F036FC4D
:10C970000546FEF7E5F802460B46DDE90401FDF742
:10C9800091FF30350AF8015B02460B46A245CDE91E
:10C9900004234FF0000223D1494BDDE91001FDF7DC
:10C9A00083FF02460B46DDE90401FEF7C3FB0028C6
:10C9B00040F0CA80DDE9102341490020FDF772FFF5
:10C9C00002460B46DDE90401FEF796FB70B1C24654
:10C9D00008F1FF381AF8013C302BF8D0374655E003
:10C9E000334BFEF717F9CDE90401BDE7DDE90C345F
:10C9F000CDE90434159B002BFFF629AE0E2F3FF72F
:10CA000026AE2E4B03EBC70393ED007B219B002B3F
:10CA10008DED067B02DAB9F1000F64D0DDE9044543
:10CA2000DDF820A0DDE9062320462946FEF71CFAA2
:10CA300001F0D4FB0646FEF783F8DDE90623FEF796
:10CA4000E9F802460B462046294606F13004FDF778
:10CA500029FF0AF8014B089CAAEB0404A1450246F1
:10CA60000B4640F08280FDF71FFFDDE906230446F8
:10CA70000D46FEF75FFB002865D1DDE90623204661
:10CA80002946FEF72FFB08B1F3075CD403995846FB
:10CA900000F0D8FD00238AF80030229B01371F6088
:10CAA000249B002B3FF41FACC3F800A01BE400BF85
:10CAB0000000244000001C4000001440C022210857
:10CAC0000000E03F0000F03FA24B03EBC70393EDF3
:10CAD000007B219B002B8DED067B9FDAB9F1000FC7
:10CAE0009CDC7FF4C3AE9C4B0022DDE90601FEF71F
:10CAF00091F8DDE90423FEF713FB044600287FF4D8
:10CB0000B5AE3E462546B4E0DDE90C34CDE904344B
:10CB1000159B002B01DB0E2FD6DD209A012A36DC77
:10CB2000139A82B303F233430B9CDDF82480099AF5
:10CB30001A4409920A9A01211A4458460A9200F0AE
:10CB400039FE054687E53E4653469A4613F8012DC1
:10CB5000392A06D1089A9A42F7D10899302201362B
:10CB60000A701A7801321A7038E77C4B0022FEF7FF
:10CB700051F80022002304460D46FEF7B3FA0028C0
:10CB80003FF450AF82E7149BC3F13603CCE70B9B15
:10CB900009F1FF34A34208DBB9F1000FA3EB040451
:10CBA0000EDBDDF824804B46C1E70B9B0F9A0B94FC
:10CBB000E31A1A44DDF824800F924B460024B6E7AE
:10CBC000099BA3EB09080023B1E7039E72E50B9ACA
:10CBD000039971E5039673E5209B012B17DC049BF9
:10CBE000ABB9059BC3F313039BB9059B23F0004628
:10CBF000360D360536B1099B013309930A9B013383
:10CC00000A9301260F9B002B7FF471AD0F96012034
:10CC100076E50026F6E73FF487AD099A1C331A44FF
:10CC200009920A9A1A4498440A927DE50346F4E769
:10CC3000069B002B2BDC209B022B09DC27E0B9F1A3
:10CC4000000F1DDC209B022B1ADDCDF818903E460C
:10CC5000069B002B7FF40CAE21460522584600F0BF
:10CC600013FD01460446039800F02AFF00287FF7D1
:10CC7000FFADDDF820A031230AF8013B0136FBE5CA
:10CC80000E9BCDF818903E46002B7FF484AD089F94
:10CC900003982146FFF751FA00F1300907F8019B8C
:10CCA000089B069AFB1A9A4240F3CB800399002313
:10CCB0000A22584600F0E8FC0390E9E72A690232AC
:10CCC000920005F10C010C30FFF71AFA01223946E7
:10CCD000584600F089FE089B089A03F1010A069B5A
:10CCE00013440A93049B03F00103A8460B930546E3
:10CCF0000AF1FF33214603980693FFF71EFA4146D7
:10CD0000099000F13009039800F0DAFE2A46214626
:10CD10000746584600F0F0FEC268014602B3584686
:10CD200000F090FC002F3ADA03990122584600F0F7
:10CD30005BFE2146039000F0C3FE002803DC29D1EE
:10CD400019F0010F26D0B9F1390F1DD132E0284674
:10CD5000C1E700BFC02221080000144000002440A9
:10CD60000E90039800F0ACFE0E990C90584600F01F
:10CD700069FC0C9A5ABB209B53B90B9B43B9B9F180
:10CD8000390F17D0002F05DD099B03F1310901E0B0
:10CD9000002F2ADADDF818A00AF8019B6EE5209B27
:10CDA0003B4304D1049B03F00103002BBCD0B9F139
:10CDB000390F36D1069F392307F8013BBA46013FA8
:10CDC0001AF8013C392B5BD001333B7056E5002F3C
:10CDD00006DB209B3B4306D1049B03F0010313B900
:10CDE000002AA1DCD6E7002AE1DC0A9B0AF8019CB4
:10CDF000534557462FD0039900230A22584600F086
:10CE000043FCA84503904FF000034FF00A0241464F
:10CE100058460BD100F038FC804605460AF1010A5D
:10CE200066E7DDF818A009F10109B5E700F02CFC70
:10CE30002946804600230A22584600F025FC054674
:10CE4000ECE7069B002BC8BF1F46089BD8BF0127F5
:10CE50001F444FF0000803990122584600F0C4FD1A
:10CE60002146039000F02CFE0028A7DC02D119F027
:10CE7000010FA3D1BA4617F8013D302BFAD0FDE4DB
:10CE8000089BBB429AD1089A312301361370F5E40E
:10CE9000249B002B7FF422AA014BFFF741BA00BF6D
:10CEA0008221210838B50546002941D051F8043CBB
:10CEB0000C1F002BB8BFE418F5F7FCF81D4A1368E7
:10CEC00033B9636014602846BDE83840F5F714B9FB
:10CED000A34208D9206821188B4201BF19685B68FA
:10CEE00009182160EDE71A465B680BB1A342FAD935
:10CEF00011685018A0420BD1206801445018834299
:10CF00001160E0D118685B68536008441060DAE78C
:10CF100002D90C232B60D6E7206821188B4204BF6E
:10CF200019685B68636004BF091821605460CAE730
:10CF300038BD00BF846501002DE9F0478E681F46AB
:10CF4000BE420B6882460C4690462DD8B1F90C20A3
:10CF500012F4906F26D06569096905EB4505A3EBCE
:10CF6000010905EBD5757B1C4B446D109D4238BF04
:10CF70001D46530527D52946FEF74AFC064660B3F1
:10CF800021694A46FFF7BCF8A38923F4906343F074
:10CF90008003A381266165614E44A5EB09052660E7
:10CFA000A5603E46BE4200D93E4620683246414614
:10CFB000FFF71BF8A3689B1BA3602368334423601F
:10CFC0000020BDE8F0872A4600F0C5FE064600288E
:10CFD000E0D121695046FFF765FF0C23CAF8003005
:10CFE000A38943F04003A3814FF0FF30E9E700003D
:10CFF0002DE9F04F98468B891B069DB007460D46DC
:10D00000144610D50B6973B94021FEF701FC286066
:10D01000286130B90C233B604FF0FF301DB0BDE8F4
:10D02000F08F40236B610023099320238DF8293072
:10D03000CDF80C803023DFF89C818DF82A304FF03A
:10D04000010923469A4613F8012B0AB1252AF9D182
:10D05000BAEB040B0BD05B46224629463846FFF755
:10D060006BFF013000F0A780099A5A4409929AF8A0
:10D070000030002B00F09F8000234FF0FF32CDE9FD
:10D0800005230AF1010A049307938DF853301A938C
:10D090005446052214F8011B4E48FEF7E1FF049A9E
:10D0A000D8B9D00644BF20238DF85330110744BFB0
:10D0B0002B238DF853309AF800302A2B15D0079A7D
:10D0C000544600204FF00A0C214611F8013B303B3A
:10D0D000092B4BD9B0B1079214E0A0EB080309FA71
:10D0E00003F313430493A246D2E7039B191D1B6865
:10D0F0000391002BBBBF5B4242F0020207930793F0
:10D10000B8BF049223782E2B0AD163782A2B32D110
:10D11000039B1A1D1B68039243EAE37302340593D1
:10D12000DFF8C0A0217803225046FEF799FF38B1FE
:10D13000049BA0EB0A004022824013430134049375
:10D1400014F8011B24488DF828100622FEF788FFEA
:10D15000002836D0214B1BBB039B073323F007036A
:10D1600008330393099B334409936AE70CFB0232AB
:10D170000C460120A8E700230134059319464FF01F
:10D180000A0C204610F8012B303A092A03D9002B4B
:10D19000C6D00591C4E70CFB012104460123F0E74A
:10D1A00003AB00932A460E4B04A93846FEF7C8F895
:10D1B000421C0646D6D1AB895B063FF52DAF0998D8
:10D1C0002CE703AB00932A46054B04A93846FEF72B
:10D1D00005FCEDE7182221082222210841C320087E
:10D1E00039DF20081E2221089368013B002B10B470
:10D1F000936008DA9469A34201DB0A2903D15DF840
:10D20000044B00F0D6BD1368581C10601970084616
:10D210005DF8044B7047F8B506460F461446D5181E
:10D22000AC4201D1002007E014F8011B3A46304619
:10D23000FFF7DAFF431CF3D1F8BD00002DE9F04FF2
:10D240000D469DB014469846064618B1036A0BB9C0
:10D25000FEF7D0FD6B6ED90705D4AB899A0502D4D1
:10D26000A86DFEF7FAFEAB891B0701D52B699BB9A8
:10D270002946304600F0DCFD70B16B6EDC0704D54A
:10D280004FF0FF301DB0BDE8F08FAB899805F7D4A3
:10D29000A86DFEF7E3FEF3E70023099320238DF842
:10D2A0002930CDF80C803023DFF8AC818DF82A309E
:10D2B0004FF0010923469A4613F8012B0AB1252A9B
:10D2C000F9D1BAEB040B0BD05B4622462946304617
:10D2D000FFF7A1FF013000F0A780099A5A44099294
:10D2E0009AF80030002B00F09F8000234FF0FF32AF
:10D2F000CDE905230AF1010A049307938DF8533011
:10D300001A935446052214F8011B5348FEF7A8FE51
:10D31000049AD8B9D10644BF20238DF8533013079F
:10D3200044BF2B238DF853309AF800302A2B15D0A8
:10D33000079A544600204FF00A0C214611F8013B91
:10D34000303B092B4BD9B0B1079214E0A0EB080396
:10D3500009FA03F313430493A246D2E7039B191D72
:10D360001B680391002BBBBF5B4242F00202079394
:10D370000793B8BF049223782E2B0AD163782A2B07
:10D3800032D1039B1A1D1B68039243EAE3730234F4
:10D390000593DFF8D4A0217803225046FEF760FE03
:10D3A00038B1049BA0EB0A004022824013430134B1
:10D3B000049314F8011B29488DF828100622FEF763
:10D3C0004FFE00283FD0264B1BBB039B073323F0A7
:10D3D000070308330393099B3B4409936AE70CFB5B
:10D3E00002320C460120A8E70023013405931946B8
:10D3F0004FF00A0C204610F8012B303A092A03D9C5
:10D40000002BC6D00591C4E70CFB01210446012383
:10D41000F0E703AB00932A46124B04A93046FDF710
:10D420008FFF0746781CD6D16B6ED90705D4AB8920
:10D430009A0502D4A86DFEF711FEAB895B063FF595
:10D440001FAF09981EE703AB00932A46054B04A9BA
:10D450003046FEF7C3FAE4E7182221082222210809
:10D4600041C3200817E220081E222108B1F90C2030
:10D470002DE9F041170705460C4656D44B68002BA2
:10D4800002DC0B6C002B3DDDE66A002E3AD0002357
:10D4900012F480522F68216A2B6025D0626DA38917
:10D4A000580705D56368D21A636B0BB1236CD21A87
:10D4B000216AE66A00232846B047411C24D0002395
:10D4C000636023692360A389DA0400D56065616B1A
:10D4D0002F60B9B104F14403994202D02846FFF706
:10D4E000E1FC002363630DE001232846B047461C9E
:10D4F0000246D4D12B68002BD1D01D2B01D0162B86
:10D500002BD12F6000202FE02A68B4F90C3042B1F3
:10D510001D2A01D0162A22D10023636023692360CB
:10D52000D5E7626022692260CEE70F69002FE9D05B
:10D5300093070E6808BF4B690F6018BF0023A6EB66
:10D5400007088B60B8F1000FDCDD216AA66A43464C
:10D550003A462846B047002808DCB4F90C3043F0BE
:10D560004003A3814FF0FF30BDE8F0810744A8EBF2
:10D570000008E7E738B50B6905460C4613B90025E6
:10D58000284638BD18B1036A0BB9FEF733FCB4F96D
:10D590000C30002BF3D0626ED00704D4990502D46E
:10D5A000A06DFEF75AFD28462146FFF75FFF636E28
:10D5B000DA070546E4D4A3899B05E1D4A06DFEF704
:10D5C0004DFDDDE770B5C66904460D4676B91020FD
:10D5D000FEF7ECF80246E06120B9184B18486B21C1
:10D5E000FDF7D2FDC0E901660660C660E669F36832
:10D5F00083B1E369DB6853F82500B8B9012101FA6A
:10D6000005F6721D92002046FDF7E4FD60B1C0E909
:10D6100001560EE0212204212046FDF7DBFDE369DF
:10D62000F060DB68002BE4D1002070BD026843F895
:10D6300025200023C0E90333F7E700BF8F2121082D
:10D640002922210870B5C66905460C4676B9102016
:10D65000FEF7ACF80246E86120B9094B09488F2172
:10D66000FDF792FDC0E901660660C6603CB1EB695A
:10D670006268DB6853F82210216043F8224070BDD5
:10D680008F212108292221082DE9F0410D69074643
:10D690000C461E4601F1140C0020DCF8003099B253
:10D6A00002FB01611E0C0B0C02FB063389B2013038
:10D6B00001EB034185424CF8041B4FEA1346ECDCB6
:10D6C0000EB3A368AB4219DC616838460131FFF73D
:10D6D00079FF804628B902460C4B0D48BA21FDF768
:10D6E00053FD2269023204F10C0192000C30FEF766
:10D6F00007FD21463846FFF7A5FF444604EB8503A6
:10D7000001355E6125612046BDE8F08107222108D0
:10D7100029222108B0F5803F034636BF03040020CC
:10D720001020B3F1807F3CBF1B020830B3F1805F53
:10D730003CBF1B010430B3F1804F03D3002B0ADB45
:10D74000013070479B0001D5023070475B0001D566
:10D7500003307047202070470368024613F007002B
:10D760000BD0D90721D4980749BF5B089B0801203B
:10D7700013605CBF13600220704799B209B91B0C9B
:10D780001020D9B209B908301B0A190704BF1B09B8
:10D790000430990704BF9B080230D90703D45B0803
:10D7A00000F1010003D01360704700207047202073
:10D7B0007047000010B50C460121FFF703FF024639
:10D7C00028B9054B054840F24511FDF7DDFC012362
:10D7D0004461036110BD00BF0722210829222108EE
:10D7E0002DE9F04F14460A6923699A42A8BF2346DF
:10D7F0000F46A4BF0C461F46D4F810A0D7F81090CF
:10D80000A36861680AEB0906B34285B0B8BF01316D
:10D81000FFF7D8FE30B90246444B45484FF4B1718A
:10D82000FDF7B2FC00F1140505EB86082B4600223B
:10D83000434521D307F1140104F1140202EB8A02DB
:10D8400001EB89030293131B153B23F003030433FD
:10D8500004F11507BA4238BF04230193029B0391D8
:10D860008B420CD8002E03DD58F8043D002B5BD012
:10D87000066105B0BDE8F08F43F8042BD8E7B1F896
:10D8800000A0BAF1000F24D004F1140EA9464FF005
:10D89000000C5EF8047BD9F800301FFA87FB9BB2BE
:10D8A0000AFB0B334FEA174BD9F8007063444FEA79
:10D8B000174C0AFB0BC707EB13479BB243EA07431E
:10D8C000724549F8043B4FEA174CE2D8019B45F8F2
:10D8D00003C0039BB3F802900431B9F1000F21D0CB
:10D8E0002B6804F1140CAE464FF0000ABCF800B0EF
:10D8F000BEF8027009FB0B7757449BB243EA07431B
:10D900004EF8043B5CF8043B4FEA134ABEF8003083
:10D9100009FB0A3303EB174362454FEA134AE5D884
:10D92000019FEB51043599E7013E9BE7072221084F
:10D93000292221082DE9F843154612F00302074673
:10D940000E4607D0254C013A002354F82220FFF759
:10D950009BFE0646AD103DD0FC697CB91020FDF75A
:10D9600025FF0246F86128B91D4B1E4840F2B3114D
:10D97000FDF70AFCC0E901440460C460D7F81C80CC
:10D98000D8F808404CB940F271213846FFF712FF31
:10D990000023C8F80800044603604FF00009EB07B5
:10D9A0000AD5314622463846FFF71AFF31468046EF
:10D9B0003846FFF747FE46466D100BD0206838B951
:10D9C000224621463846FFF70BFF2060C0F8009042
:10D9D0000446E4E73046BDE8F88300BF8C22210806
:10D9E0008F212108292221082DE9F0470C4649689A
:10D9F000236903EB6218A368074691464FEA621A4F
:10DA000008F10106B3420BDB3846FFF7DBFD0546A4
:10DA100048B90246284B29484FF4EF71FDF7B4FB93
:10DA200001315B00EEE7002300F1140100F1100268
:10DA30001846534533DB20692AEAEA7A04F11403D5
:10DA400019F01F0901EB8A0103EB800C2BD0C9F1FF
:10DA5000200E8A460022186800FA09F010434AF89E
:10DA6000040B53F8042B9C4522FA0EF2F3D8ACEBCE
:10DA70000403153B23F00303043304F1150084452C
:10DA800038BF0423CA500AB108F10206013E3846E5
:10DA90002E612146FFF7D6FD2846BDE8F08742F803
:10DAA000040F0133C5E7043953F8042B41F8042F60
:10DAB0009C45F9D8EAE700BF07222108292221085E
:10DAC0000A6903460069801A30B50ED11433143147
:10DAD00003EB820401EB820154F8045D51F8042D3C
:10DAE000954203D005D24FF0FF3030BDA342F3D3AF
:10DAF000FBE70120F9E700002DE9F74F89460646CC
:10DB0000114648461446FFF7DBFF051E12D1294691
:10DB10003046FFF757FD024628B93F4B40F2372108
:10DB20003E48FDF731FB0123C0E90435104603B040
:10DB3000BDE8F08FBCBF4B46A1463046D9F8041073
:10DB4000BABF1C4601250025FFF73CFD024618B967
:10DB5000314B40F24521E3E7D9F810702669C560E2
:10DB600009F1100309F1140504F1140E00F1140B6E
:10DB700005EB87080EEB86060193D9464FF0000CA3
:10DB8000019B5EF8040B53F804AF01931FFA8AF36C
:10DB9000194683B2CB1A000C6344C0EB1A4000EB69
:10DBA00023409BB243EA0043764549F8043B4FEAE1
:10DBB000204CE5D8331B153B23F003031534043305
:10DBC000A64238BF04231D445B441E462C464445F0
:10DBD0000ED308F10301491B21F00301033DA845C1
:10DBE00038BF00210B4453F8041D91B117619DE724
:10DBF00054F8041BE646080C1CFA81FC714400EB47
:10DC00002C4089B241EA004146F8041B4FEA204CFF
:10DC1000DDE7013FE7E700BF0722210829222108AD
:10DC20002DE973430121089E90469946FFF7CAFCEF
:10DC3000044630B90246244B244840F20F31FDF728
:10DC4000A3FAC9F30A55C9F313030DB143F48013C2
:10DC50000193B8F1000324D068460093FFF77CFDE0
:10DC6000DDE90012D8B1C0F1200302FA03F30B433F
:10DC7000C24063610192019BA361002B0CBF012292
:10DC800002222261ADB1A5F2334505443560C0F1F1
:10DC90003500099B1860204602B0BDE870836161C1
:10DCA000E9E701A8FFF758FD019B636120300122DD
:10DCB000E7E704EB8203A0F2324030601869FFF717
:10DCC00029FDC0EB4210E4E70722210829222108A0
:10DCD00010B50C46B1F90E1000F0DAF90028ABBF10
:10DCE000636DA3891B1823F48053ACBF6365A381C4
:10DCF00010BD2DE9F0411F468B89DB0505460C461A
:10DD0000164605D5B1F90E100223002200F0AEF937
:10DD1000A389B4F90E1023F48053A38132463B4605
:10DD20002846BDE8F04100F009BA10B50C46B1F93B
:10DD30000E1000F09BF9431CA38915BF606523F406
:10DD4000805343F48053A38118BFA38110BDB1F960
:10DD50000E1000F059B92DE9F041804615460C46E9
:10DD600021B9BDE8F0411146FDF752BD2AB9FFF7D0
:10DD700099F800242046BDE8F08100F003FA8542BE
:10DD8000064602D8B5EB500FF4D829464046FDF7B9
:10DD90003FFD07460028ECD0B5422A46214628BF61
:10DDA0003246FEF7ADF921464046FFF77BF83C4688
:10DDB000E0E7F8B50E461446054618B1036A0BB9FC
:10DDC000FEF718F8A369A360A3891A0701D5236990
:10DDD00043B92146284600F02BF818B14FF0FF3721
:10DDE0003846F8BD23682269981A6369F6B28342FF
:10DDF000374605DC21462846FFF7BCFB0028EDD15D
:10DE0000A368013BA36023685A1C22601E706269EC
:10DE1000431C9A4204D0A389DB07E1D50A2EDFD147
:10DE200021462846FFF7A6FB0028D9D0D6E70000F8
:10DE300038B5294B054618680C4618B1036A0BB96A
:10DE4000FDF7D8FFB4F90C30190722D4DA0607D44D
:10DE500009222A6043F04003A3814FF0FF3033E0F2
:10DE6000580712D5616B41B104F14403994202D0C5
:10DE70002846FFF717F800236363A38923F02403E0
:10DE8000A3810023636023692360A38943F008030F
:10DE9000A38123694BB9A38903F42073B3F5007FF1
:10DEA00003D02146284600F03FF8B4F90C3013F0B7
:10DEB00001020AD00022A26062695242A261226974
:10DEC00042B913F08000C5D138BD990758BF6269C7
:10DED000A260F4E70020F7E7440A000070B50C46A2
:10DEE000B1F90E10002996B015461E460DDAA38929
:10DEF00013F0800F4FF0000114BF40234FF48063F4
:10DF0000002031602B6016B070BD6A4600F08CF8BE
:10DF10000028ECDB019901F47041A1F5005359424E
:10DF200059414FF48063EBE78B89F7B59D070646AF
:10DF30000C4607D504F14703236023610123636185
:10DF400003B0F0BD01AB6A46FFF7C8FF009F05466E
:10DF500039463046FDF75CFC48B9B4F90C309A05F7
:10DF6000EED423F0030343F00203A381E2E7A38985
:10DF7000206043F08003A381019BC4E904075BB1E7
:10DF8000B4F90E10304600F061F828B1A38923F0EF
:10DF9000030343F00103A381A3891D43A581CFE7B8
:10DFA00070B50D461446064618B1036A0BB9FDF765
:10DFB00021FF636ED80705D4A389990502D4A06D0B
:10DFC000FEF74BF8A368013B002BA36005DAA269BA
:10DFD000934212DBEBB20A2B0FD023685A1C22604B
:10DFE0001D70EDB2636EDA0705D4A3899B0502D4D8
:10DFF000A06DFEF733F8284670BD2946224630460C
:10E00000FFF7D7FE0546EDE738B5064D0023044679
:10E0100008462B60F4F732F9431C02D12B6803B198
:10E02000236038BDC866010038B5074D002304469B
:10E03000084611462B60F4F724F9431C02D12B68E3
:10E0400003B1236038BD00BFC866010038B5064D76
:10E050000023044608462B60F4F718F9431C02D14C
:10E060002B6803B1236038BDC866010038B5074D81
:10E0700004460846114600222A601A46F4F708F9B9
:10E08000431C02D12B6803B1236038BDC866010070
:10E0900038B5074D04460846114600222A601A4644
:10E0A000F4F7F8F8431C02D12B6803B1236038BDA4
:10E0B000C86601001F2938B505460C4604D9162349
:10E0C00003604FF0FF3038BDC26B12B152F82130FF
:10E0D0004BB9284600F030F8224601462846BDE8F4
:10E0E000384000F017B8012B0AD0591C03D1162371
:10E0F00003600120E7E7002142F8241020469847FA
:10E100000020E0E7024B01461868FFF7D3BF00BFCD
:10E11000440A000038B5074D00230446084611465E
:10E120002B60F4F77BF8431C02D12B6803B123600A
:10E1300038BD00BFC8660100F4F76EB838B5074DAA
:10E1400004460846114600222A601A46F4F774F87D
:10E15000431C02D12B6803B1236038BDC86601009F
:10E1600082B001B901A942B14BB113780B601278AA
:10E17000101E18BF012002B070471046FBE76FF079
:10E180000100F8E751F8043C181F002BBCBF0B58E6
:10E19000C01870470346084641B1FF2A04D98A22B5
:10E1A0001A604FF0FF3070470A700120704700007E
:10E1B0004FEA410C7FEA6C5C02D150EA013C0AD183
:10E1C0004FEA430C7FEA6C5C02D152EA033C02D175
:10E1D0004FF0000070474FF0010070474FEA4102D6
:10E1E00012F5001215D211D56FF47873B3EB6252A9
:10E1F00012D94FEAC12343F0004343EA505311F0D0
:10E20000004F23FA02F018BF404270474FF0000061
:10E21000704750EA013005D111F0004008BF6FF09F
:10E22000004070474FF00000704700BF044A0549A6
:10E230001368002B08BF0B4618441060184670473F
:10E24000CC660100D09601005FF800F0155D00007B
:10E250005FF800F09D1700005FF800F051600000CB
:10E260005FF800F0AB4200005FF800F08941000069
:10E270005FF800F0694100005FF800F035540000DD
:10E280005FF800F0515F00005FF800F0DF4200002F
:10E290005FF800F01D4600005FF800F0515D0000DF
:10E2A0005FF800F0373600005FF800F041640000CE
:10E2B0005FF800F0B56700005FF800F02F45000040
:10E2C0005FF800F0F94600005FF800F0C14100007F
:10E2D0005FF800F0D11700005FF800F0D9410000AE
:10E2E0005FF800F0FB4200005FF800F03D410000E5
:10E2F0005FF800F06D0E00005FF800F0B914000048
:10E300005FF800F0111300005FF800F03F360000E6
:10E310005FF800F0790F00005FF800F0DF430000C5
:10E320005FF800F0ED0D00005FF800F0850F0000D1
:10E330005FF800F06B4400005FF800F0E544000077
:10E340005FF800F08D4600005FF800F0C55C00004B
:10E350005FF800F02D5D00005FF800F087420000DC
:10E360005FF800F0795F00005FF800F09D45000065
:10E370005FF800F0A51100005FF800F099120000AE
:10E380005FF800F0B91300005FF800F09D1800007E
:10E390005FF800F04F3600005FF800F03136000003
:10E3A0005FF800F0496600005FF800F0DD32000021
:10E3B0005FF800F0274300005FF800F03D5F0000C9
:10E3C0005FF800F0474400005FF800F0C518000057
:10E3D0005FF800F0896200005FF800F07912000039
:10E3E0000D0A504F53542048545450207265737096
:10E3F0006F6E736520636F64653A2025750D0A00A2
:10E400000D0A504F5354207374617475733A203061
:10E4100078256C580D0A000D0A526573706F6E7383
:10E420006520626F64793A20252E2A730D0A000D4B
:10E430000A4854545020726573706F6E736520746F
:10E44000696D656F7574210D00696F7470726F6A04
:10E45000656374332D38396633652D64656661757F
:10E460006C742D727464622E666972656261736584
:10E47000696F2E636F6D002F72656164696E6773DB
:10E480002E6A736F6E006170706C69636174696F7E
:10E490006E2F6A736F6E00436F6E74656E742D54C9
:10E4A000797065004669726573746F726520504FAC
:10E4B000535400544C532068616E647368616B65FB
:10E4C000206661696C6564202842424432292C2010
:10E4D0007265747279696E672E2E2E202825642F3E
:10E4E0002564290D0A000D0A53656E7420746F208F
:10E4F00066697265626173652073756363657373C2
:10E5000066756C6C7921000D0A4661696C65642042
:10E51000746F2073656E6420746F20666972656223
:10E520006173652E000D0A5265736F6C76696E67B4
:10E5300020444E5320666F722025732E2E2E0D0A16
:10E54000000D0A444E53207265736F6C766520721D
:10E55000657475726E65643A203078256C580D0AC2
:10E56000000D0A444E53205265736F6C7574696FC9
:10E570006E204661696C65643A203078256C580DD0
:10E580000A0025752E25752E25752E257500444EFD
:10E5900053205265736F6C76656420746F3A202542
:10E5A000730D0A007B224C7578223A2031312C20E1
:10E5B000225248223A2031322C202254656D70229A
:10E5C0003A2031337D000D0A4854545020504F53A7
:10E5D0005420726571756573742053756363657338
:10E5E000730D000D0A4170706C69636174696F6E20
:10E5F000205374617274205461736B206E6F7720A6
:10E60000617474656D7074696E6720746F207275C3
:10E610006E20687474705F636C69656E745F61709E
:10E62000706C69636174696F6E28290D00466169B9
:10E630006C656420746F206C6F616420466972653C
:10E640006261736520434120636572743A203078BB
:10E65000256C580D0A004669726562617365204336
:10E66000412063657274206C6F616465640D000DF8
:10E670000A556E6578706563746564206572726FA3
:10E6800072207768696C65204854545020636C6927
:10E69000656E74206F7065726174696F6E3A2030B8
:10E6A00078256C580D0A000D0A4170706C69636121
:10E6B00074696F6E2044656D6F6E737472617469F6
:10E6C0006F6E20436F6D706C657465642053756365
:10E6D0006365737366756C6C79210D000D0A4D6569
:10E6E000737361676520526563656976656420664A
:10E6F0006F72204854545020436C69656E742E0D1F
:10E70000006170700000000001F7200800000000A8
:10E7100000000000000000000000000000200000D9
:10E720001800000000000000000000002D2D2D2D1D
:10E730002D424547494E204345525449464943419D
:10E7400054452D2D2D2D2D0A4D494946596A4343D7
:10E750004245716741774942416749516437304EBC
:10E76000624E73322B52727149512F4538466A54AA
:10E770004454414E42676B71686B69473977304248
:10E7800041517346414442580A4D517377435159A0
:10E79000445651514745774A435254455A4D426376
:10E7A000474131554543684D5152327876596D464F
:10E7B0007355326C6E626942756469317A59544599
:10E7C000514D413447413155450A43784D48556DC7
:10E7D000397664434244515445624D426B4741315E
:10E7E000554541784D5352327876596D46735532BE
:10E7F0006C6E626942536232393049454E424D4235
:10E800003458445449774D4459780A4F5441774D10
:10E810004441304D6C6F58445449344D4445794F10
:10E820004441774D4441304D6C6F77527A454C4DA1
:10E83000416B474131554542684D4356564D7849E5
:10E840006A416742674E5642416F540A47556476A3
:10E85000623264735A534255636E567A644342542B
:10E860005A584A3261574E6C6379424D54454D783F
:10E870004644415342674E5642414D5443306455DD
:10E880005579425362323930494649780A4D4949EF
:10E8900043496A414E42676B71686B69473977300B
:10E8A000424151454641414F43416738414D4949F5
:10E8B0004343674B43416745417468454369783733
:10E8C0006A6F5865624F39792F6C4436330A6C6130
:10E8D0006441504B483967766C394D6761436366D4
:10E8E00062326A482F37364E7538616936586C3651
:10E8F0004F4D532F6B72397248357A6F516473667E
:10E900006E466C39377675664B6A366277530A699C
:10E9100056366E716C4B722B434D6E793653786E52
:10E9200047506231356C2B384170653632696D392C
:10E930004D5A615277314E4544506A547245546F76
:10E94000386759624576732F416D513335316B0A03
:10E950004B53556A42364730306A3075594F4450F0
:10E9600030676D487538314938453343776E7149A2
:10E97000697275367A316B5A31712B5073416577F4
:10E980006E6A4878677348413379366D6257775AB3
:10E990000A447258596669596152514D3973486D2C
:10E9A0006B6C4369744433386D356167492F70620D
:10E9B0006F50476955552B36444F6F6772465A5909
:10E9C0004A737542366A43353131707A7270315A02
:10E9D0006B0A6A355A50614B34396C384B456A388A
:10E9E0004338514D414C584C333268374D31624BAE
:10E9F000775955482B4534457A4E6B744D673654DC
:10EA00004F3855706D764D725570737955717445E8
:10EA10006A350A6375484B5A50666D6768434E36CF
:10EA20004A3343696F6A364F47614B2F4750354130
:10EA3000666C342F587463642F7032682F7273338E
:10EA400037454F655A5658744C306D3739594230F6
:10EA50006573570A4372754F433758467859705655
:10EA600071394F733670464C4B63775A7044496C1A
:10EA7000546972785A555451417336717A6B6D30BE
:10EA80003670393867374241652B64447136647398
:10EA90006F3439390A69594836544B582F31593730
:10EAA000447A6B76677464697A6A6B58506473440D
:10EAB000745143763955772B77703955374462470F
:10EAC0004B6F6750654D61334D642B7076657A37B7
:10EAD00057333545690A4575612B2B7467792F4289
:10EAE000426A46464679336C335746704F394B5726
:10EAF000677A377A706D3741654B4A7438543131D3
:10EB0000646C65436665586B6B55414B494166358E
:10EB1000716F496261700A735A577770626B4E4623
:10EB20006848617832784950454467666731617A50
:10EB3000565938305A63467563744C37546C4C6E72
:10EB40004D512F306C555462695377316E483639C8
:10EB50004D47367A4F30620A396636425164674112
:10EB60006D443036794B35366D446359425A5543BE
:10EB70004177454141614F4341546777676745306D
:10EB80004D41344741315564447745422F775145D3
:10EB900041774942686A41500A42674E5648524D91
:10EBA0004241663845425441444151482F4D42301C
:10EBB0004741315564446751574242546B727973EF
:10EBC0006D63526F72534365464C314A6D4C4F2F03
:10EBD0007769524E78506A41660A42674E564853EA
:10EBE0004D4547444157674252676532596152511A
:10EBF0003258796F6C514C3330457A54536F2F2F04
:10EC00007A39537A42674267677242674546425192
:10EC10006342415152554D4649770A4A5159494B31
:10EC2000775942425155484D4147474757683064EC
:10EC30004841364C79397659334E774C6E42726181
:10EC400053356E6232396E4C32647A636A45774B63
:10EC50005159494B775942425155480A4D414B470A
:10EC600048576830644841364C79397761326B7562
:10EC70005A3239765A79396E633349784C32647A2C
:10EC8000636A457559334A304D44494741315564AB
:10EC9000487751724D436B774A36416C0A6F434F48
:10ECA0004749576830644841364C79396A636D7713
:10ECB00075634774704C6D6476623263765A334E76
:10ECC000794D53396E633349784C6D4E79624441C6
:10ECD0003742674E56485341454E4441790A4D41AB
:10ECE0006747426D6542444145434154414942674B
:10ECF0005A6E67517742416749774451594C4B7777
:10ED000059424241485765514946417749774451F4
:10ED1000594C4B77594242414857655149460A413F
:10ED2000774D774451594A4B6F5A496876634E4143
:10ED300051454C42514144676745424144536B48F9
:10ED400072456F6F3943306468656D4D586F683632
:10ED500064465350736A6264425A42694C67390A86
:10ED60004E52337435502B54345678667137767161
:10ED7000664D2F6235413352693166794A6D396289
:10ED800076686447614A513362327436794D41592D
:10ED90004E2F6F6C55617A73614C2B7979456E39C2
:10EDA0000A5770724B41534F7368494172416F79F2
:10EDB0005A6C2B744A616F78313138666573736DA4
:10EDC000586E316849567734316F6551613176310B
:10EDD000766734467637347A506C362F41685372F2
:10EDE000770A39553570435A457434576934775327
:10EDF000747A3664545A2F434C414E78384C5A68D2
:10EE0000314A37514A566A3266684D7466544A72BE
:10EE10003977347A33305A323039664F5530694F4A
:10EE20004D790A2B716475426D707676597552373B
:10EE3000685A4C36447570737A666E7730536B66D9
:10EE400074687331386447395A4B6235395568767E
:10EE50006D6153475A5256624E5170736733425A2E
:10EE60006C76690A64306C494B4F326431786F7A42
:10EE7000636C4F7A676A5850596F764A4A49756C85
:10EE8000747A6B4D75333471516239537A2F7969C5
:10EE90006C726243676A383D0A2D2D2D2D2D454E2B
:10EEA000442043455254494649434154452D2D2D54
:10EEB0002D2D0A000D0A417474656D7074696E67BA
:10EEC000204D515454207265636F6E6E6563746992
:10EED0006F6E0D004661696C656420746F20696E09
:10EEE0006974206D71747420636C69656E743A2066
:10EEF0003078256C780D0A000D0A417474656D70C8
:10EF000074696E6720636F6E6E656374696F6E20DF
:10EF1000666F7220696E6974696174696E67206DCD
:10EF200071747420636C69656E740D004D51545496
:10EF3000207265636F6E6E656374206661696C65CF
:10EF4000643A203078256C780D0A000D0A417474FB
:10EF5000656D7074696E67206D71747420636C697F
:10EF6000656E7420636F6E6E656374696F6E0D00FD
:10EF70000D0A53756365737366756C6C7920636FE6
:10EF80006E6E656374656421004D657373616765BA
:10EF9000205265636569766564206F6E20546F70DA
:10EFA00069633A200025303278005465726D696ECD
:10EFB0006174696E672070726F6772616D2C204595
:10EFC00072726F723A2025640D0A004661696C65A1
:10EFD0006420746F20737562736372696265203A8E
:10EFE000203078256C780D0A00417474656D70745A
:10EFF000696E6720746F20737562736372696265EE
:10F0000020746F20746F7069633A20257300507507
:10F01000626C6973686564206D65737361676520F0
:10F020007375636365737366756C6C79206F6E209E
:10F03000746F7069633A200053756273637269621A
:10F04000656420746F20546F7069633A2025730DD6
:10F050000A00556E73756273637269626564206637
:10F06000726F6D20746F7069633A2025730D0A000A
:10F07000446973636F6E6E65637465642066726F56
:10F080006D204D5154542062726F6B65720D0046B5
:10F0900061696C656420746F206C6F6164204D51F0
:10F0A000545420434120636572743A203078256CB3
:10F0B000580D0A004D515454204341206365727429
:10F0C000206C6F616465640D0062726F6B65722EF7
:10F0D000686976656D712E636F6D004661696C6558
:10F0E0006420746F20636F6E6E65637420746F208C
:10F0F0006D7174742062726F6B65723A203078257E
:10F100006C780D0A00436F6E6E65637420746F2017
:10F110006D7174742062726F6B65722053756363D6
:10F12000657373200D004D51545420436C69656E16
:10F130007420646973636F6E6E656374696E6720B3
:10F14000746F2068616E646C652048545450205080
:10F150006F7374004C6F72656D20697073756D20EC
:10F16000646F6C6F722073697420616D65742C20FC
:10F17000636F6E7365637465747572206164697022
:10F18000697363696E6720656C69742C20736564AC
:10F1900020646F0057495345434F4E4E4543542D0D
:10F1A00053444B2D4D5154542D434C49454E542DF1
:10F1B0004944006D71747400B3012108000000001F
:10F1C000000000000000000000000000002000001F
:10F1D0001800000000000000000000002D2D2D2D63
:10F1E0002D424547494E20434552544946494341E3
:10F1F00054452D2D2D2D2D0A4D4949456B6A43430C
:10F20000413371674177494241674954426E2B55FA
:10F2100053696F6E7A6650367771347241666B4906
:10F2200037726E45786A414E42676B71686B694709
:10F2300039773042415173460A414443426D444557
:10F240004C4D416B474131554542684D4356564DF3
:10F25000784544414F42674E5642416754423046DA
:10F260007961587076626D4578457A415242674EB1
:10F270005642416354436C4E6A0A623352306332E1
:10F280005268624755784A54416A42674E56424135
:10F290006F5448464E3059584A6D615756735A4319
:10F2A00042555A574E6F626D3973623264705A58C4
:10F2B0004D7349456C75597934780A4F7A41354216
:10F2C000674E5642414D544D6C4E3059584A6D610F
:10F2D0005756735A4342545A584A3261574E6C63D8
:10F2E0007942536232393049454E6C636E52705ADE
:10F2F0006D6C6A5958526C494546310A64476876C4
:10F30000636D6C3065534174494563794D4234589F
:10F31000445445314D4455794E5445794D444177D7
:10F320004D466F5844544D334D54497A4D544178AD
:10F330004D4441774D466F774F54454C0A4D416BD4
:10F34000474131554542684D4356564D78447A41C0
:10F350004E42674E5642416F54426B467459587044
:10F3600076626A455A4D4263474131554541784D71
:10F370005151573168656D397549464A760A62338D
:10F380005167513045674D54434341534977445188
:10F39000594A4B6F5A496876634E41514542425132
:10F3A0004144676745504144434341516F43676758
:10F3B0004542414C4A346748484B654E586A0A6397
:10F3C00061394867464230665737593134683239B7
:10F3D0004A6C6F3931676859506C306841457672B4
:10F3E00041497468744F675133704F737154514E73
:10F3F000726F42766F3362534D6748467A5A4D0AB0
:10F40000394F36494938632B367A663174526E3437
:10F410005357697733746535646A6764595A366B34
:10F420002F6F49327065564B5675524634666E39A9
:10F4300074426236644E71636D7A55354C2F717724
:10F440000A4946414762487251674C4B6D2B612F08
:10F450007352786D5055446748334B4B484F566A4A
:10F4600034757457702B55686E4D4A62756C4868D8
:10F470006562346D6A55634177686D6168525761A2
:10F48000360A564F756A77354835534E7A2F3065B0
:10F4900067774C583074644841313134676B393583
:10F4A00037455757363763346358386A4A474B4CA9
:10F4B00068442B726364717371303870386B4469BF
:10F4C000314C0A39334663586D6E2F367055437987
:10F4D0007A694B726C4134623976374C574962789D
:10F4E000636365564F463334476649443579484926
:10F4F00039592F5143422F494944456745772B4F8E
:10F5000079516D0A6A675375624A7249716730436F
:10F510004177454141614F434154457767674574A1
:10F520004D41384741315564457745422F77514623
:10F530004D414D42416638774467594456523050E8
:10F540004151482F0A42415144416747474D42309B
:10F5500047413155644467515742425345474D79BD
:10F56000464E4F7938444A53554C67685A6E4D653C
:10F57000794545344B4344416642674E5648534DA6
:10F5800045474441570A6742536358774466716759
:10F5900048584D437334694B4B3462557163386836
:10F5A0004752677A42344267677242674546425122
:10F5B0006342415152734D476F774C6759494B77BE
:10F5C0005942425155480A4D414747496D68306498
:10F5D0004841364C79397659334E774C6E4A7662CB
:10F5E00033526E4D69356862574636623235306344
:10F5F0006E567A6443356A623230774F4159494BCF
:10F60000775942425155480A4D414B474C47683063
:10F61000644841364C79396A636E5175636D397649
:10F62000644763794C6D467459587076626E5279AE
:10F6300064584E304C6D4E766253397962323930AF
:10F640005A7A4975593256790A4D443047413155F5
:10F6500064487751324D4451774D7141776F43364D
:10F66000474C476830644841364C79396A636D7756
:10F6700075636D3976644763794C6D46745958707B
:10F6800076626E527964584E300A4C6D4E766253F3
:10F690003979623239305A7A497559334A734D4251
:10F6A0004547413155644941514B4D416777426768
:10F6B0005945565230674144414E42676B71686B01
:10F6C000694739773042415173460A41414F4341BE
:10F6D000514541596A6443584C77517454364C4CE7
:10F6E0004F6B4D6D3278463467634165766E465791
:10F6F0004175354349772B37624D6C504C567655E2
:10F700004F544E4E57716E6B7A53570A4D6947707E
:10F71000534553726E4F3039744B707A6265522F75
:10F72000466F434A624D386F4178694452336D6A7F
:10F7300045483477573677377347446764395149BA
:10F740007075456466463741752F6D610A65794B62
:10F75000647077414A66717847463450636E435A05
:10F76000586D5441355970615037647265717358E2
:10F770004D477A374B51326873567861383151347E
:10F78000674C76372F776D70644C71424B0A62522A
:10F7900052596835546D4F5446666648504C6B4913
:10F7A0006871684247574A36627432594647706EEC
:10F7B000366A6367414B556A36446941646A64340A
:10F7C0006C704677383568644B724345564E0A3044
:10F7D0004645362F5631644E32524D666A4379564D
:10F7E0005352436E546177585A775867574878791F
:10F7F000766B5141695372367731306B59313752DC
:10F80000536C514F596979706F6B314A5234550AB4
:10F81000616B636A4D5339636D7671746D673569D9
:10F8200055615171716354354E4A306847413D3DD1
:10F830000A2D2D2D2D2D454E442043455254494629
:10F8400049434154452D2D2D2D2D0A0057656254F5
:10F850006F4D65736800004D657368546F5765623E
:10F8600000004661696C656420746F207374617276
:10F87000742057692D466920636C69656E74206930
:10F880006E746572666163653A203078256C780D18
:10F890000A000D0A57692D466920496E6974205384
:10F8A0007563636573730D004661696C65642074EC
:10F8B0006F206272696E672057692D466920636CFC
:10F8C00069656E7420696E74657266616365207522
:10F8D000703A203078256C780D0A000D0A57692D92
:10F8E000466920436C69656E7420436F6E6E656374
:10F8F0007465640D0074696D652E676F6F676C6564
:10F900002E636F6D000D0A534E5450207374617254
:10F9100074206661696C65643A203078256C580DF6
:10F920000A000D0A534E5450206765742074696DA7
:10F9300065206661696C65643A203078256C580DE5
:10F940000A000D0A534E54502074696D653A202503
:10F95000730D0A000D0A534E54502073746F7020BB
:10F960006661696C65643A203078256C580D0A0030
:10F970000D0A534E54502073796E63206661696C92
:10F9800065643A203078256C580D0A004661696C30
:10F99000656420746F2063726561746520617070A6
:10F9A0006C69636174696F6E5F73746172742074E3
:10F9B000687265616421006170706C69636174696B
:10F9C0006F6E5F7374617274207468726561642015
:10F9D00063726561746564207375636365737366D0
:10F9E000756C6C79004661696C656420746F206386
:10F9F0007265617465206D7174745F6170706C699B
:10FA0000636174696F6E5F7374617274207468727D
:10FA1000656164210000000031000000000000006A
:10FA200000000000000000000600000084050180C6
:10FA300000000080000090200000000040A0022094
:10FA400000000000000000000000000000000000B6
:10FA50000000000001F72008000000000000000086
:10FA6000000000000000000000200000180000005E
:10FA700000000000000000004D0D21080000000003
:10FA80000000000000000000000000000010000066
:10FA900037000000000000000000000049444C4511
:10FAA00000546D725100546D722053766300000053
:10FAB00000000000000000008C5101005000000018
:10FAC000AD352008CD35200861372008453720089E
:10FAD0002D372008E53620089D36200849362008B5
:10FAE0003D36200831362008FD352008F135200844
:10FAF000E5352008D9352008004A030000410300FD
:10FB000000490300004B0300000A0605000B06062F
:10FB10000006060100070602002F020B0030020C4F
:10FB20000009020400060201001D0200001E02007E
:10FB30000019020002020A022F55736572732F61C9
:10FB4000726D696E64656C6D6F2F53696D706C6951
:10FB50006369747953747564696F2F53444B732FC1
:10FB600073696D706C69636974795F73646B5F321C
:10FB70002F657874656E73696F6E2F77697365632F
:10FB80006F6E6E6563742F636F6D706F6E656E74EC
:10FB9000732F6465766963652F73696C6162732F77
:10FBA00073693931782F776972656C6573732F616A
:10FBB00068625F696E746572666163652F737263F4
:10FBC0002F7273695F68616C5F6D63755F6D345F21
:10FBD000726F6D2E630025733A25733A25643A0DD2
:10FBE0000A20494E56414C494420494E54455252F0
:10FBF000555054200D0A0D0A00736C695F6D345F17
:10FC0000696E746572727570745F6973720000005A
:10FC10005A60010001000000010000000100000026
:10FC2000596001000100000001000000586001005F
:10FC300001000000010000000100000001000000C0
:10FC40000100000057600100566001000100000043
:10FC50005560010054600100010000005260010085
:10FC600001000000516001001A0000000F000000B8
:10FC70001900000002000000210000000700000041
:10FC8000000000002F55736572732F61726D696EED
:10FC900064656C6D6F2F53696D706C6963697479FD
:10FCA00053747564696F2F53444B732F73696D7070
:10FCB0006C69636974795F73646B5F322F65787404
:10FCC000656E73696F6E2F77697365636F6E6E65AE
:10FCD00063742F636F6D706F6E656E74732F6465E0
:10FCE000766963652F73696C6162732F736939314B
:10FCF000782F776972656C6573732F6168625F69CD
:10FD00006E746572666163652F7372632F736C5FC7
:10FD100073693931785F6275732E630025733A25F4
:10FD2000733A25643A0D0A20484541502045584809
:10FD300041555354454420445552494E4720414C67
:10FD40004C4F434154494F4E200D0A0D0A00257374
:10FD50003A25733A25643A0D0A54412069732069A3
:10FD60006E206163746976652073746174650D0A31
:10FD70000D0A00736C695F73693931785F636F6E68
:10FD80006669675F6D345F646D615F646573635F4F
:10FD90006F6E5F726573657400736C695F73693948
:10FDA00031785F7375626D69745F72785F706B74C0
:10FDB000002F55736572732F61726D696E64656C87
:10FDC0006D6F2F53696D706C6963697479537475C5
:10FDD00064696F2F53444B732F73696D706C696343
:10FDE0006974795F73646B5F322F657874656E73C5
:10FDF000696F6E2F77697365636F6E6E6563742FBD
:10FE0000636F6D706F6E656E74732F646576696372
:10FE1000652F73696C6162732F73693931782F773D
:10FE20006972656C6573732F6D656D6F72792F6D77
:10FE3000656D5F706F6F6C5F6275666665725F712E
:10FE4000756F74612E630025733A25733A25643A01
:10FE500051756F746120666F722062756666657297
:10FE60002074797065732073686F756C64206265A7
:10FE70002061746C656173742031300D0A00736CFD
:10FE80005F73693931785F636865636B5F666F7252
:10FE90005F76616C69645F636F6E666967002F559A
:10FEA000736572732F61726D696E64656C6D6F2F0F
:10FEB00053696D706C696369747953747564696FA3
:10FEC0002F53444B732F73696D706C696369747938
:10FED0005F73646B5F322F657874656E73696F6EE4
:10FEE0002F77697365636F6E6E6563742F636F6DD3
:10FEF000706F6E656E74732F6465766963652F73BA
:10FF0000696C6162732F73693931782F7769726513
:10FF10006C6573732F736C5F6E65742F7372632FD0
:10FF2000736C5F6E65745F73693931785F63616CA0
:10FF30006C6261636B5F6672616D65776F726B2E69
:10FF4000630025733A25733A25643A0D0A556E739A
:10FF50007570706F72746564206576656E740D0AD5
:10FF60000D0A00736C5F73693931785F646566618F
:10FF7000756C745F68616E646C6572002F55736593
:10FF800072732F61726D696E64656C6D6F2F53694A
:10FF90006D706C696369747953747564696F2F53FC
:10FFA000444B732F73696D706C69636974795F7307
:10FFB000646B5F322F657874656E73696F6E2F772F
:10FFC000697365636F6E6E6563742F636F6D706FB9
:10FFD0006E656E74732F6465766963652F73696CE3
:10FFE0006162732F73693931782F776972656C6537
:10FFF00073732F736C5F6E65742F7372632F736CE2
:020000040001F9
:100000005F6E65745F73693931785F696E746567B7
:10001000726174696F6E5F68616E646C65722E6385
:100020000025733A25733A25643A44726F707069FB
:100030006E67206D71747420636C69656E742065E1
:1000400076656E742C205369393178204576656E5B
:10005000743A202568750D0A0025733A25733A25F0
:10006000643A44726F7070696E67206D71747420A9
:10007000646973636F6E6E656374206576656E7414
:100080003A202568750D0A0025733A25733A2564D0
:100090003A736C695F68616E646C655F6D717474EE
:1000A0005F636C69656E745F6173796E63685F65C9
:1000B00076656E74733A206576656E742025780DCA
:1000C0000A0025733A25733A25643A3E3C3C3C3C91
:1000D00020476F74206E6574206576656E74203AD3
:1000E0002025750A0D0A0025733A25733A25643ACE
:1000F0000D0A3E3E3E2048545450204576656E74AD
:100100002072656365697665643A202575203C3CFC
:100110003C0D0A0D0A00736C695F68616E646C6562
:100120005F6D7174745F636C69656E745F61737920
:100130006E63685F6576656E747300736C5F6E6581
:10014000745F73693931785F6576656E745F646971
:100150007370617463685F68616E646C6572002FB0
:1001600055736572732F61726D696E64656C6D6F26
:100170002F53696D706C6963697479537475646920
:100180006F2F53444B732F73696D706C696369747F
:10019000795F73646B5F322F657874656E73696F16
:1001A0006E2F77697365636F6E6E6563742F636F0F
:1001B0006D706F6E656E74732F6465766963652FFD
:1001C00073696C6162732F73693931782F77697243
:1001D000656C6573732F736F636B65742F737263D4
:1001E0002F736C5F73693931785F736F636B6574FC
:1001F0005F7574696C6974792E630025733A257391
:100200003A25643A0D0A20494E56414C4944205340
:10021000454C4543542049440D0A0D0A00736C694E
:100220005F73693931785F736F636B65745F65768F
:10023000656E745F68616E646C6572002F557365DE
:1002400072732F61726D696E64656C6D6F2F536987
:100250006D706C696369747953747564696F2F5339
:10026000444B732F73696D706C69636974795F7344
:10027000646B5F322F657874656E73696F6E2F776C
:10028000697365636F6E6E6563742F636F6D706FF6
:100290006E656E74732F6465766963652F73696C20
:1002A0006162732F73693931782F776972656C6574
:1002B00073732F7372632F736C5F7273695F7574DE
:1002C000696C6974792E630025733A25733A256445
:1002D0003A52534E204F554920253032783A253036
:1002E00032783A253032782E0A0D0A0025733A25E5
:1002F000733A25643A50616972776973652063695E
:100300007068657220737569746520636F756E74AB
:100310003A2025752E0A0D0A0073693931785F611C
:1003200073796E635F72785F6576656E7400717560
:100330006575652D3E7461696C203D3D204E554CC0
:100340004C00736C695F73693931785F72656D6FEA
:1003500076655F6275666665725F66726F6D5F7106
:10036000756575655F62795F636F6D7061726174E9
:100370006F7200736C695F73693931785F666C7591
:1003800073685F736F636B65745F636F6D6D616ED0
:10039000645F7175657565735F62617365645F6FD6
:1003A0006E5F71756575655F7479706500736C69F2
:1003B0005F70726F636573735F736F636B65745F98
:1003C000636C6F736500736C695F70726F636573E4
:1003D000735F72736E5F656C656D656E7400000FA0
:1003E000AC0050F271756575652D3E6865616420DD
:1003F0003D3D204E554C4C002F55736572732F6157
:10040000726D696E64656C6D6F2F53696D706C6988
:100410006369747953747564696F2F53444B732FF8
:1004200073696D706C69636974795F73646B5F3253
:100430002F657874656E73696F6E2F776973656366
:100440006F6E6E6563742F636F6D706F6E656E7423
:10045000732F6465766963652F73696C6162732FAE
:1004600073693931782F776972656C6573732F738F
:1004700072632F736C5F73693931785F6472697668
:1004800065722E6300736C695F73693931785F70D0
:100490006F705F66726F6D5F6275666665725F71C1
:1004A0007565756500736C695F73693931785F6173
:1004B0007070656E645F746F5F6275666665725FAB
:1004C0007175657565000404040204000A0A0A00D7
:1004D000500600000000000001002A090001000091
:1004E00001000000310000002F55736572732F6109
:1004F000726D696E64656C6D6F2F53696D706C6998
:100500006369747953747564696F2F53444B732F07
:1005100073696D706C69636974795F73646B5F3262
:100520002F657874656E73696F6E2F776973656375
:100530006F6E6E6563742F636F6D706F6E656E7432
:10054000732F6465766963652F73696C6162732FBD
:1005500073693931782F776972656C6573732F739E
:1005600072632F736C5F73693931785F687474706C
:100570005F636C69656E745F63616C6C6261636B11
:100580005F6672616D65776F726B2E630025733ADB
:1005900025733A25643A0D0A3E3E3E202573203AE3
:1005A000202578203C3C3C0D0A0D0A00736C695FE5
:1005B000687474705F636C69656E745F64656661AE
:1005C000756C745F6576656E745F68616E646C658A
:1005D000720054544C53004641535400504541500E
:1005E000004C4541500022617574683D4D534348AD
:1005F0004150563222002F55736572732F61726D10
:10060000696E64656C6D6F2F53696D706C69636999
:10061000747953747564696F2F53444B732F7369E6
:100620006D706C69636974795F73646B5F322F6599
:100630007874656E73696F6E2F77697365636F6E1B
:100640006E6563742F636F6D706F6E656E74732F5C
:10065000736572766963652F6D7174742F73693970
:1006600031782F736C5F6D7174745F636C69656E44
:10067000742E630025733A25733A25643A4D51541C
:100680005420636C69656E7420696E7374616E6367
:1006900065206E6F7420696E697469616C697A6532
:1006A00064207965740A0D0A002F00494E464F00F8
:1006B0000D0A25732025733A25643A203078256C7D
:1006C00075200D0A0025733A25733A25643A0D0A00
:1006D000574C414E20646973636F6E6E6563746539
:1006E000642E204E6F206E65656420746F206361F8
:1006F0006C6C2074686520646973636F6E6E6563EB
:100700007420616761696E2E0D0A0D0A0025733A27
:1007100025733A25643A4661696C656420746F20DC
:10072000646973636F6E6E656374207468652063BB
:100730006C69656E74206166746572206661696CAF
:10074000656420636F6E6E656374696F6E2061749B
:1007500074656D70742E2055736572206E656564C6
:100760007320746F2063616C6C20646973636F6EB7
:100770006E656374206578706C696369746C792E3A
:100780000D0A0025733A25733A25643A556E616265
:100790006C6520746F2066696E6420737562736384
:1007A00072697074696F6E3A2044726F7070696E0E
:1007B00067204D515454206D6573736167652068DF
:1007C000616E646C696E670D0A0025733A25733A91
:1007D00025643A0D0A466C757368206E6F64657304
:1007E000206661696C6564205374617475733A2581
:1007F0006C640D0A0D0A0025733A25733A25643A94
:100800004661696C656420746F20646973636F6E00
:100810006E6563742074686520636C69656E74200E
:1008200061667465722072656D6F7465207465729F
:100830006D696E6174696F6E2E2055736572206EDE
:100840006565647320746F2063616C6C20646973E8
:10085000636F6E6E656374206578706C696369742C
:100860006C790D0A00000401050203736C695F7363
:10087000693931785F68616E646C655F6469736360
:100880006F6E6E65637465645F6576656E74007324
:100890006C695F73693931785F68616E646C655F3C
:1008A0006D6573736167655F7265636569766564BD
:1008B0005F6576656E7400736C695F736939317852
:1008C0005F68616E646C655F636F6E6E65637465AF
:1008D000645F6576656E7400736C695F7369393146
:1008E000785F72656D6F76655F616E645F66726575
:1008F000655F616C6C5F7375627363726970746954
:100900006F6E7300736C5F6D7174745F636C696597
:100910006E745F636F6E6E6563740000310000007B
:1009200000000000000100000600000001000000BF
:1009300010000080000000800000902000000000F7
:1009400000000000000000000000000000000000A7
:100950000000000000000000310000000000000066
:10096000000100000000000081000000040D08806C
:1009700000000080000090280000000000A100009E
:100980000000000000000000000000000000000067
:100990000000000041726D696E0000000000000060
:1009A0000000000000000000000000000000000047
:1009B000000000002F55736572732F61726D696EB0
:1009C00064656C6D6F2F53696D706C6963697479C0
:1009D00053747564696F2F53444B732F73696D7033
:1009E0006C69636974795F73646B5F322F657874C7
:1009F000656E73696F6E2F77697365636F6E6E6571
:100A000063742F636F6D706F6E656E74732F736593
:100A100072766963652F6E6574776F726B5F6D6157
:100A20006E616765722F7372632F736C695F6E6599
:100A3000745F636F6D6D6F6E5F7574696C697479E7
:100A40002E630025733A25733A25643A4661696C32
:100A5000656420746F207465726D696E61746520C1
:100A60006E6574776F726B206D616E616765722061
:100A70007468726561640A0D0A0025733A25733A39
:100A800025643A4661696C656420746F2064656C06
:100A9000657465206E6574776F726B206D616E6131
:100AA000676572206D657373616765207175657523
:100AB000650A0D0A0025733A25733A25643A4661A2
:100AC000696C656420746F2064656C657465206171
:100AD00075746F2D6A6F696E206576656E74206619
:100AE0006C61670A0D0A0025733A25733A25643A4A
:100AF0000D0A4661696C656420746F206765742017
:100B0000706572666F726D616E63652070726F667C
:100B1000696C653A203078256C780D0A0D0A00253D
:100B2000733A25733A25643A0D0A53756363657306
:100B30007320746F207365742075702057692D467B
:100B40006920666F722050726F66696C6520494437
:100B50002025640D0A0D0A0025733A25733A256491
:100B60003A0D0A4661696C656420746F2073657480
:100B70002075702057692D466920666F722050726B
:100B80006F66696C652049442025643A20307825D9
:100B90006C780D0A0D0A0025733A25733A25643ADC
:100BA0000D0A5265747279696E6720746F207365DF
:100BB000742075702057692D46692E2E2E0D0A0D52
:100BC0000A0025733A25733A25643A0D0A20436FCB
:100BD0006E6E6563746564206173796E6368726FAD
:100BE0006E6F75736C790D0A0D0A0025733A2573C3
:100BF0003A25643A4661696C656420746F206372BB
:100C000065617465206175746F2D6A6F696E20650A
:100C100076656E7420666C61672E0A0D0A00257376
:100C20003A25733A25643A4661696C656420746FAD
:100C300020637265617465206E6574776F726B20D6
:100C40006D616E61676572206D65737361676520A4
:100C500071756575652E0A0D0A0025733A25733A7C
:100C600025643A4661696C656420746F206372651F
:100C7000617465206E6574776F726B206D616E6153
:100C8000676572207468726561642E0A0D0A00251A
:100C9000733A25733A25643A4661696C6564207439
:100CA0006F20636F6E6E65637420746F2057692DBB
:100CB0004669206E6574776F726B2E0A0D0A0025E7
:100CC000733A25733A25643A4175746F2D6A6F69DA
:100CD0006E2070726F6365737320636F6D706C65E7
:100CE0007465642E0A0D0A0025733A25733A25644B
:100CF0003A4175746F2D6A6F696E2070726F63650B
:100D00007373206661696C65642E0A0D0A00736C4A
:100D1000695F617474656D70745F636F6E6E656337
:100D200074696F6E5F746F5F70726F66696C657304
:100D300000736C695F636F6E6E6563745F746F5F81
:100D4000736F727465645F776966695F70726F66EE
:100D5000696C657300736C695F6765745F6974655E
:100D6000726174655F70726F66696C65735F636FE3
:100D7000756E7400736C695F6E6574776F726B5F0C
:100D80006D616E616765725F6576656E745F6861DF
:100D90006E646C657200736C695F68616E646C652B
:100DA0005F6175746F5F6A6F696E00736C695F6312
:100DB0006C65616E75705F6175746F5F6A6F696E87
:100DC000006E6574776F726B5F6D616E61676572DF
:100DD0005F7175657565006E6574776F726B5F6DB9
:100DE000616E616765720000C11D2108000000008E
:100DF00000000000000000000000000000000000F3
:100E0000D71D2108000000000000000000000000C5
:100E100000000000000900001800000000000000B1
:100E2000000000002F55736572732F61726D696E3B
:100E300064656C6D6F2F53696D706C69636974794B
:100E400053747564696F2F53444B732F73696D70BE
:100E50006C69636974795F73646B5F322F65787452
:100E6000656E73696F6E2F77697365636F6E6E65FC
:100E700063742F636F6D706F6E656E74732F736C18
:100E8000695F73693931785F776966695F6576652F
:100E90006E745F68616E646C65722F7372632F731A
:100EA0006C695F73693931785F776966695F657608
:100EB000656E745F68616E646C65722E6300257385
:100EC0003A25733A25643A0D0A204255535F57522A
:100ED0004954455F4552524F52200D0A0D0A0025D4
:100EE000733A25733A25643A3C3E3E3E3E205478A0
:100EF000202D3E2071756575654964203A20257561
:100F00002C206672616D654964203A20307825781E
:100F10002C206C656E677468203A2025750A0D0ACE
:100F20000025733A25733A25643A3E3C3C3C3C200C
:100F30005278202D3E2071756575654964203A20F0
:100F400025752C206672616D654964203A203078E1
:100F500025782C206672616D655374617475733ADF
:100F600020307825782C206C656E677468203A20D4
:100F700025750A0D0A0025733A25733A25643A52FD
:100F8000617720446174610A0D0A00736C695F63C4
:100F900072656174655F67656E657269635F7278BB
:100FA0005F7061636B65745F66726F6D5F706172B5
:100FB000616D73006275735F77726974655F6461F8
:100FC00074615F6672616D65006275735F777269E7
:100FD00074655F6672616D6500736C695F73693912
:100FE00031785F776966695F68616E646C655F72AE
:100FF000785F6576656E747300736C695F77696698
:10100000695F636F6D6D616E645F656E67696E6564
:10101000002C2066756E6374696F6E3A20006173F0
:1010200073657274696F6E20222573222066616970
:101030006C65643A2066696C6520222573222C2039
:101040006C696E65202564257325730A00494E4638
:1010500000696E66004E414E006E616E00300030D9
:10106000313233343536373839414243444546000E
:10107000303132333435363738396162636465660E
:101080000000202020202020202020282828282878
:101090002020202020202020202020202020202050
:1010A00020208810101010101010101010101010A8
:1010B00010100404040404040404040410101010A8
:1010C0001010104141414141410101010101010163
:1010D00001010101010101010101010101101010D3
:1010E0001010104242424242420202020202020236
:1010F00002020202020202020202020202101010A6
:1011000010200000000000000000000000000000AF
:1011100000000000000000000000000000000000CF
:1011200000000000000000000000000000000000BF
:1011300000000000000000000000000000000000AF
:10114000000000000000000000000000000000009F
:10115000000000000000000000000000000000008F
:10116000000000000000000000000000000000007F
:10117000000000000000000000000000000000006F
:101180000000496E66696E697479004E614E0052C6
:1011900045454E54206D616C6C6F632073756363BD
:1011A0006565646564002F566F6C756D65732F649B
:1011B0006174612F6A656E6B696E732F776F726BE6
:1011C00073706163652F474E552D746F6F6C636844
:1011D00061696E2F61726D2D31322F7372632F6EC4
:1011E00065776C69622D63796777696E2F6E6577B5
:1011F0006C69622F6C6962632F7374646C69622F0F
:1012000064746F612E630042616C6C6F6320737550
:101210006363656564656400232D302B2000686C72
:101220004C00656667454647002F566F6C756D65C7
:10123000732F646174612F6A656E6B696E732F77AB
:101240006F726B73706163652F474E552D746F6FAE
:101250006C636861696E2F61726D2D31322F73720C
:10126000632F6E65776C69622D63796777696E2F7E
:101270006E65776C69622F6C6962632F7374646C3E
:1012800069622F6D707265632E63000005000000B7
:10129000190000007D0000000080E03779C3414361
:1012A000176E05B5B5B89346F5F93FE9034F384DCC
:1012B000321D30F94877825A3CBF737FDD4F157578
:1012C000000000000000F03F00000000000024408B
:1012D00000000000000059400000000000408F4066
:1012E000000000000088C34000000000006AF840D1
:1012F0000000000080842E4100000000D0126341F5
:101300000000000084D797410000000065CDCD416A
:10131000000000205FA00242000000E8764837424B
:10132000000000A2941A6D42000040E59C30A242E9
:101330000000901EC4BCD64200003426F56B0C435E
:101340000080E03779C3414300A0D8855734764305
:1013500000C84E676DC1AB43003D9160E458E14366
:10136000408CB5781DAF154450EFE2D6E41A4B44DB
:1013700092D54D06CFF08044F64AE1C7022DB54420
:10138000B49DD9794378EA444300504F53495800FB
:101390007F490278D1F80035F0B502F001024478B7
:1013A000877CC57CDFF8E8E123F4802343EA8243AD
:1013B000C1F80035427F017804F001039B0012F070
:1013C0000F0643EA91134FEAC3431FBFC7F3021C42
:1013D00043EA8C2305F0030C4FEA4C0C1CBF4CEA8B
:1013E000D71C43EACC13DEF89CC42CF4601C08BF65
:1013F00043F410632CF4FC5C43EA0C0CCEF89CC460
:10140000DFF8A0C1ACF80030C3F3C21CC3F38223E1
:10141000042B98BF0133BCF1000F00F0B080BCF189
:10142000010F00F0AF80ACF1020EBEF1020F01D847
:101430000CF1010C9B0243EACC13DFF86CC1ACF851
:101440000030534BD3F8ACC4C1F344012CF01F0C53
:1014500041EA0C01C3F8AC14D3F8101421F4FE1CBB
:10146000817801F00301490141EAD4014CEA81315C
:10147000C3F81014D3F80414847821F4FC11A408E0
:1014800041EAC431C3F80414D3F80814447C07F0CB
:101490000F077F0047EAD41721F4F81141EA07410A
:1014A000C3F80814D3F80C1484793A4F640821F473
:1014B000FE1141EA8431C3F80C14D3F83814C4790E
:1014C00021F4F03104F00F0441EA4431C3F8381438
:1014D000D3F81414047A21F4FE1104F07F0441EAD5
:1014E0008431C3F81414C37A847AD7F808155B00E2
:1014F00043EAD413047B21F47F7104F0010421F04A
:10150000030143EA44230B432349C7F80835234C1E
:10151000D1F834740123C1F83434D4F8103A23F0EC
:101520000F0343EA1513C4F8103AC1F8347466B3D4
:1015300002F00F0252041A4990F82440D1F84037C3
:1015400023F4F0131A43C1F84027D1F87C27837F96
:1015500022F00F02C3F383031343C1F87C3790F8E2
:101560002530D1F8482703F007035B0022F4F0325E
:1015700043EAD41342EA4333C1F84837F0BD4FF091
:10158000020C57E74FF0000C54E74FF4C012D2E7BB
:1015900000A005240080042400100424003004244A
:1015A000008005242A51010028510100000000009C
:1015B000000000000000000000000000000000002B
:1015C000000000000000000000000000000000001B
:1015D000000000000000000000000000000000000B
:1015E00000000000000000000000000000000000FB
:1015F00000000000000000000000000000000000EB
:1016000000000000000000000000000000000000DA
:1016100000000000000000000000000000000000CA
:1016200000000000000000000000000000000000BA
:1016300000000000000000000000000000000000AA
:10164000000000000000000000000000000000009A
:10165000000000000000000000000000000000008A
:10166000000000000000000000000000000000007A
:10167000000000000000000000000000000000006A
:10168000000000000000000000000000000000005A
:10169000000000000000000000000000000000004A
:1016A000000000000000000000000000000000003A
:1016B000000000000000000000000000000000002A
:1016C000000000000000000000000000000000001A
:1016D000000000000000000000000000000000000A
:1016E00000000000000000000000000000000000FA
:1016F00000000000000000000000000000000000EA
:1017000000000000000000000000000000000000D9
:101710000000000000000000F8B500BFF8BC08BCE5
:101720009E467047F8B500BFF8BC08BC9E4670479F
:101730004D75000001010000570821080900000054
:10174000260121082D00000000000000000001001B
:1017500001000000940121081E2900000000000083
:101760000000000000000000000000000000B322A4
:10177000010010271027000037000000AAAAAAAA1B
:10178000008007240A000000001C06240000034417
:101790002100000000FC0200891F00000018042442
:1017A0000C0000000000000000000000D8550100FF
:1017B00000000000040B2108000B2108FC0A21088E
:1017C000F80A2108000000000000000000000000EE
:1017D000000000000000000000000000891F000061
:1017E000000002452700000000000000000000008B
:1017F0000856010000000000140B2108100B2108FE
:101800000C0B2108080B210800000000000000005C
:1018100000000000010000000000000000000000C7
:101820009FFF1F0000000044260000000000000091
:101830000000000038560100300B21082C0B210855
:10184000280B2108240B2108200B21081C0B210840
:10185000180B21080000000001000000000000003B
:10186000000000000005040001000000000100016C
:101870000002030001000000000101000000000060
:101880000000000000000000000000000000000058
:1018900000000000000000000000000028230000FD
:1018A0000000000000000000000000000000000038
:1018B0000000000000000000000000000000000028
:1018C0000000000000000000000000000000000018
:1018D0000000000000000000000000000000000008
:1018E00000000000000000000000000000000000F8
:1018F00000000000000000000000000000000000E8
:1019000000000000000000000000000000000000D7
:1019100000000000000000000000000000000000C7
:1019200000000000000000000000000000000000B7
:1019300000000000000000000000000000000000A7
:101940000000000000000000000000000000000097
:101950000000000000000000000000000000000087
:101960000000000000000000000000000000000077
:101970000000000000000000000000000100000066
:101980000000000000000000000000000000000057
:101990000000000000000000000000000000000047
:1019A0000000000000000000000000000000000037
:1019B0000000000000000000000000000000000027
:1019C0000000000000000000000000000000000017
:1019D0000000000000000000000000000000000007
:1019E00000000000000000000000000000000000F7
:1019F00000000000000000000000000000000000E7
:101A000000000000000000000000000000000000D6
:101A100000000000000000000000000001010000C4
:101A200000FC0200001C0624E0050000D4050000B4
:101A3000985E0100205E0100011F1FFF0100FFFFF3
:101A400001000000E80300000202FFFFFFFFFFFFAC
:101A5000000001000C006561737970617373776F2A
:101A600072640000000000000000000000000000A0
:101A70000000000000000000000000000000000066
:101A80000000000000000000000000000000000056
:101A90000000000000000000000000000000000046
:101AA0000000000000000000000000000000000036
:101AB0000000000000000000000000000000000026
:101AC0000000000000000000000000000000000016
:101AD0000000000000000000000000000000000006
:101AE00000000000000000000000000000000000F6
:101AF00000000000000000000000000000000000E6
:101B000000000000000000000000000000000000D5
:101B10000000000000000000000001000C006561F2
:101B2000737970617373776F726400000000000056
:101B300000000000000000000000000000000000A5
:101B40000000000000000000000000000000000095
:101B50000000000000000000000000000000000085
:101B60000000000000000000000000000000000075
:101B70000000000000000000000000000000000065
:101B80000000000000000000000000000000000055
:101B90000000000000000000000000000000000045
:101BA0000000000000000000000000000000000035
:101BB0000000000000000000000000000000000025
:101BC0000000000000000000000000000000000015
:101BD0000000000000000000000000000000000005
:101BE0000000000000000000030000008865010004
:101BF000480A00000000000088650100F06501004F
:101C00005866010000000000000000000000000015
:101C100000000000000000000000000000000000C4
:101C200000000000000000000000000000000000B4
:101C300000000000000000000000000000000000A4
:101C40004300000000000000000000000000000051
:101C50000000000000000000000000000000000084
:101C60004300000000000000000000000000000031
:101C70000000000000000000000000000000000064
:101C80004300000000000000000000000000000011
:101C90000000000000000000000000000000000044
:101CA00043000000000000000000000000000000F1
:101CB0000000000000000000000000000000000024
:101CC00043000000000000000000000000000000D1
:101CD0000000000000000000000000000000000004
:101CE00043000000000000000000000000000000B1
:101CF00000000000000000000000000000000000E4
:101D00004300000000000000000000000000000090
:101D100000000000000000000000000000000000C3
:101D200095F1200861F120080000000081202108C1
:101D300023F520084D0D21084D0D21084D0D2108DA
:101D40004D0D21084D0D21084D0D21084D0D210887
:101D50004D0D21084D0D2108FFFFFFFFFFFFFFFF85
:101D6000FFFFFFFFFFFF000001004153434949000F
:101D70000000000000000000000000000000000063
:101D800000000000000000000000415343494900EA
:101D90000000000000000000000000000000000043
:101DA00000000000000000000000000008B572B64E
:101DB000012809D1202000F031F80F4AD2F8703103
:101DC0009806FBD462B608BD022808D1402000F076
:101DD00025F8094AD2F870315906FBD4F2E70328F6
:101DE000F0D14FF4807000F019F8034AD2F8703146
:101DF000DB05FBD4E6E700BF00800046054B064844
:101E00000422C3F86C2100684FF0FF330022022146
:101E100003F0BBBB008000461C5F0100014BC3F810
:101E20006C01704700800046014BC3F87801704791
:101E300000800046064B0748196810B505F0ECF91C
:101E4000044618B94FF4806005F0DEF9204610BD55
:101E5000205F0100245F010037B52A4CD4F880319F
:101E60005D070DD5284B0221186803F032FB0423CF
:101E7000264AC4F88031C2F89030002003B030BD4B
:101E8000D4F88031980705D5FFF7D4FF0028F5D1A5
:101E90000223EDE7D4F88031D9050DD54FF48075D4
:101EA000C4F878514FF4804005F0AEF9174BC4F8F0
:101EB0008051C3F89050E0E7D4F880319A0604D5F9
:101EC0000220FFF773FF2023D2E7D4F880311B06EE
:101ED00004D50320FFF76AFF8023C9E7D4F88031D7
:101EE00013F0100304D00120FFF760FF1023BFE7B9
:101EF0000093074A074908484FF49D7306F0FAF823
:101F000000BEBAE7008000461C5F010000000541EA
:101F1000F90B2108380B2108D60B2108024B5B680E
:101F2000DBB203800020704700000541064BD3F868
:101F3000742142F00102C3F87421D3F8742112070E
:101F4000FBD50020704700BF00800046034AD2F84E
:101F5000743123F00103C2F87431704700800046E9
:101F60000B4BD3F8742142F00102C3F87421D3F86B
:101F700074211207FBD5C3F86C01D3F880211042FD
:101F8000FBD0C3F88001034BC3F89000FFF7DEBF1E
:101F9000008000460000054110B5114C23786BB954
:101FA000104AD2F880319B0509D54FF40073C2F86E
:101FB00080310D4AC2F890300123237010BD05F026
:101FC00085FC40B14FF40070FFF7CAFF4FF400608A
:101FD000FFF7C6FFF0E7054B01221A70ECE700BFE0
:101FE000185F01000080004600000541195F0100F4
:101FF00008B5074B1B784BB14FF40070FFF7B0FFEB
:10200000BDE808404FF40060FFF7AABF08BD00BF5D
:10201000195F0100FFF720BF10B5034C206810B90D
:1020200003F041FA206010BD1C5F0100407A0A787D
:10203000131A5842584170472DE9F04F85B00546B4
:10204000ADF806300F9BDDF838800C461646002BA5
:102050004DD000284BD0002949D003F087F9DFF894
:102060009CA0002307460393434534BFA8EB03031A
:10207000002302223146204603F087FA033001286C
:1020800038D906F03FF803AB834652460DF10601FE
:10209000284605F021FC814688B9284605F0E6FB74
:1020A00018B93146204603F045FA584606F01EF8A6
:1020B0000F9B039A1A60484605B0BDE8F08F1B28B5
:1020C0000BD13146204603F035FA584606F00EF89B
:1020D000384605F093F80346C6E7584606F006F87A
:1020E000B9F12D0FF4D1022003F0CFF9F0E74FF052
:1020F0002209E0E74FF00709DDE700BF810E00008D
:1021000073B50D460221064605F0B0FF044630B90E
:1021100001460DF10602306805F0B8FF2860204640
:1021200002B070BD014B1888704700BF92080000D4
:1021300051B1C20704D5074B1B780B7000207047C4
:10214000830703D5044BF7E72220704740F636306B
:10215000704700BF9C0800009D08000038B5044689
:102160000D4605F0CFFF636873B9236833B1074BA1
:10217000074A084840F6042105F074FF25606560B1
:10218000BDE8384005F0B2BF1D60F8E7E413210850
:10219000A5142108F81321082DE9F04F89B01D4638
:1021A00000230493ADF80E3081460E4617464FF4D7
:1021B0007A73182204A905A8DDF84C80FFF7A0FF68
:1021C000044618B1384605F0ADFF3DE0002D3FD084
:1021D000B8F1000F3ED06B0F03F0020343F0010390
:1021E000B9F11C0F06D8524A22FA09F2D20748BFA9
:1021F00043F00803049C4F4AA371925D129BE36075
:1022000022712760667103F0B1F8002DACBF25F094
:1022100080434FF0FF33236160614FF0440A464C26
:102220000AFB06FA04EB0A0905F06CFF99F8403046
:1022300083468BB9384605F075FF059805F072FFA7
:10224000584605F053FF1124204609B0BDE8F08F31
:102250002B46C5E70123C3E7384A13787B72591C24
:10226000117005998DF80D304B7200230B604846B4
:10227000FFF774FF324A01201368B0400343136034
:1022800004F0C2FF584605F031FF002D4DD0ACBF21
:1022900025F080454FF0FF3506ABCDE900532949C5
:1022A0009DF80D30096805360AF108000122204426
:1022B000B240FFF7C1FE0728044612D1224A07ABFD
:1022C0000DF10D01484605F007FB02460028BBD181
:1022D0000146079805F0DAFE006805F023FF07982D
:1022E00071E70028B0D1069E01460DF10E0230467E
:1022F00005F0CCFE0589B8F1000F0FD00368C8F8CF
:102300000030304605F00EFF0DB145F480340F4B20
:1023100022461978002005F0E1FE95E783799B07B6
:10232000EFD5006805F0FEFEEBE705248CE700BF63
:1023300000002110C6142108346001009A610100D8
:102340007865010090610100810E00008F08000097
:1023500004292DE9FF4106460F4690461C462BD81E
:102360004FF47A7304F1100203A902A8FFF7C8FE24
:10237000F8B9039D01461022284605F067FEB8F122
:10238000000F05D02246414605F1100005F0A2FEDF
:102390009DF834306B71C4F30B040C9B2C806E8061
:1023A00001930B9B0093029A0A9B39463046FFF734
:1023B000F3FE04B0BDE8F0812720FAE72DE9FF41E4
:1023C0001C460646884617464FF47A7304F11002FD
:1023D00003A902A8FFF794FE08BB039D0146102243
:1023E000284605F033FE2FB12246394605F110008C
:1023F00005F070FE102E08BF6B696E8004BF43F4B9
:1024000080336B61C4F30B040C9B2C8001930B9BFA
:102410000093029A0A9B41463046FFF7BDFE04B086
:10242000BDE8F08170B40429DDE90345059E05D8B7
:10243000CDE90456039470BCFFF7C0BF272070BCE1
:102440007047000070B588B005468DF81710002160
:10245000079158B3174B1B7853B307ABCDE9011362
:10246000154B00930DF117020123A020FFF7A6FFE3
:10247000079E044650B902460146304605F006FE66
:10248000028842B9304605F04DFE01E0002EF9D138
:10249000204608B070BD9DF817300BB1012BF1D16B
:1024A00000F11001284605F015FEEBE72224EFE7C6
:1024B0001124EDE7F0610100983A00402DE9F04F5A
:1024C000ADF21C6D81468A461746002140F2FE524D
:1024D00006A8984605F0BAFD214B1B78002B3DD08D
:1024E00000264446B34640F2FE52002106A805F0FD
:1024F000ADFD84B340F2F1439C4299BFA5B20023E5
:10250000012340F2F2453FB12A46B9190DF19E0070
:10251000059305F0DFFD059B8DF81B3040F6B833C1
:102520000093CDE901BB05F1860306AA01214D20E8
:102530002E44641BADF818808DF81A908DF81EA0FB
:10254000ADF81C50FFF73AFF08B9002CCBD10DF2C3
:102550001C6DBDE8F08F23462546DDE71120F6E728
:10256000F06101007FB503284FF000030A46059390
:1025700012D8012101FA00F0CDE9013347F294535A
:102580000490ADF81420009304AA0823EA20FFF772
:1025900015FF07B05DF804FB2120FAE710B5002312
:1025A00086B0CDE9013340F6B8330093012300F142
:1025B0000802194604461120FFF700FF03460028D1
:1025C00048D1A389062B1BD1002340F6B834CDE9AE
:1025D00001331A46009401211220FFF7EFFE034653
:1025E000002837D11D4A009410680590CDE90133C9
:1025F00005AA04230121BE20FFF7E0FE034629E0DF
:10260000174C21884FF6FF7399421DD161884FF610
:10261000FF73994204D00020FFF7A4FF0346C8B916
:10262000A1884FF6FF73994204D00220FFF79AFF6A
:10263000034678B9E1880029C6D00320FFF792FF4E
:1026400003460028C0D005E00120FFF78BFF0346BA
:102650000028DBD0184606B010BD00BFD8142108F2
:102660009E0800002DE9F0438BB00023CDE9043330
:102670000693C38990F80080012B054600F0138172
:1026800080892A7A8C4F062814BF01230223012A4D
:102690003B701BD0022A03D02AB943F0040301E0A7
:1026A00043F00C033B70854B854E1960337883B142
:1026B000844B1B88092B40F0F880092800F0D68055
:1026C0004FF4366420460BB0BDE8F08343F00803B6
:1026D000E8E76A697C4B1340002B40F0E8807B48B8
:1026E00005F0F4FC04460028ECD1794B0493794BB7
:1026F000059304A82B788DF8183005F0E3FC044608
:102700000028DFD104F020FD04460028DAD105F0CE
:10271000C3F804460028D5D100F022F90446002869
:10272000D0D1DFF8CC9199F80030002B00F0A080D8
:1027300095F83810404605F081FC04460028C1D1C8
:1027400089F8000004F022FA04460028BAD105F006
:1027500071FC04F0F1FB50B141F28831202005F00A
:102760008BF8830640F1A580204604F0DFFB0021B2
:1027700040F6B8330093CDE90111282305F10C028E
:102780001020FFF71BFE044600289BD1524B2A69FC
:102790001A6047F29453CDE90100009305F1340229
:1027A00003230121C720FFF709FE0446002889D131
:1027B0004A4B93E80700EB8907AC84E8070033B97C
:1027C000AB69474A1A421CBF01238DF81C30AB8904
:1027D000082B52D100230993002142F21073009379
:1027E0002246CDE901110C23C820FFF7E7FD04467E
:1027F00000287FF467AFE88C80F0010000F0010052
:1028000004F058FB686AC0F3033005F03BFC6968CC
:10281000002936D1EB890C2B06D02846FFF7BEFEE7
:10282000044600287FF44EAFAB692E4A002B03DA32
:10283000EB6903F0C0431360106808B105F05EFC5B
:102840000123204A3370AB89138023F0020212B1B6
:10285000083B012B05D82B7A022B19D1224B0122E0
:102860005A71E88904F06EFBFFF7C2FB002429E7E8
:1028700005F018FC00F082F864E7072BACD1332395
:10288000A9E7387805F0E6FB04460028C2D019E72E
:10289000012B02D1144A9370E3E7002BE1D1124BD4
:1028A00001221A70DDE70F240CE712240AE70E2438
:1028B00008E70E4C06E700BFF1610100F46101007A
:1028C000F06101009208000028000200CC142108E9
:1028D000357F2008397F2008E0610100DC142108E1
:1028E00010000001E4610100E9610100596001008C
:1028F0009008000038B504460D4605F003FC236837
:1029000073B9636833B10D4B0D4A0E4840F613217D
:1029100005F0A8FB2B601B2405F0E8FB204638BD22
:102920002B60626893421CBF1B6823604FF000025B
:1029300008BFC4E900220024EEE700BF2E132108DF
:1029400085142108F8132108034B1B680360034B0F
:102950001B684360704700BF98080000940800009F
:1029600010B5054B00244FF48070C3E90044FFF715
:102970005BFA204610BD00BF245F010013B50023A1
:10298000ADF80630184BD3F86C4114F0020427D18F
:1029900016484FF47A734FF4CA62012105F066FBC2
:1029A00030B1134A13491448522305F0A3FB00BE6B
:1029B0000E4B0DF106021868002105F067FB0F4B66
:1029C000102200F5A000186010449A8098604FF41F
:1029D000C86202209A81FFF721FA204602B010BD9A
:1029E0006FF00104F9E700BF00800046205F01009E
:1029F000990D2108840C21081C0D21082C5F010071
:102A00000146014804F00DBC245F010008B5074BE6
:102A100000F5A000186001F5A001102098809960D1
:102A20009A81FFF7EBF9002008BD00BF3C5F010071
:102A300008B50220FFF7F8F9FFF7A0FFBDE808404E
:102A4000022005F067BB0000064B38B9064AD26980
:102A5000D20703D45A6B12F4204FFBD1034A5A63B6
:102A6000704700BF00000541000008123C5F0100F4
:102A7000014B024ADA657047000005412C5F0100F6
:102A800008B50A4AD2F874311B07FBD5084A094930
:102A90000948CA2305F02EFB642002F0F6FC074B20
:102AA000074A5A63074ADA6508BD00BF008000463E
:102AB000730D2108840C21084E0D210800000541EA
:102AC0003C5F01002C5F010038B5234B0222C3F8A4
:102AD0008420BFF34F8FBFF36F8F204BD3F80028B4
:102AE000D30735D401231946202B01D11C4606E01B
:102AF00001FA03F4144203F1010027D0DCB2184BB1
:102B000003EB04139A68C2F38162032A22D09B6804
:102B10009B0F032B1ED0134B142202FB0433D3E96B
:102B20000253ED1A18BF01250F4B0E4ADB680C4902
:102B3000DB690E4898472DB1084A01235169A3402B
:102B40000B435361044B02225A6038BD0346CBE766
:102B50000024D4E70025E7E700E100E0000003449B
:102B600000FC0200DC52010000013000E005000022
:102B700038B5244B4FF48062C3F88020BFF34F8FE9
:102B8000BFF36F8F204BD3F80028D30736D401232F
:102B900019460C2B01D11C4606E001FA03F414423D
:102BA00003F1010028D0DCB2184B03EB04139A6840
:102BB000C2F38162032A23D09B689B0F032B1FD093
:102BC000134B142202FB0433D3E90253ED1A18BF4E
:102BD0000125104B0E4ADB680C49DB690E4898470B
:102BE0002DB1094A01235169A3400B435361054BA1
:102BF0004FF480621A6038BD0346CAE70024D3E769
:102C00000025E6E700E100E000800724001C062420
:102C1000EC51010000013000D4050000024B0146D8
:102C2000186802F056BC00BF8C610100F0B5274E59
:102C3000337887B00446002B3AD1204605A904F02A
:102C4000F0FA0446002839D102460146059805F0FD
:102C50001DFA4378078843F050030546437001206E
:102C600004F02EFE3A4605F110012846FFF7CEFE8D
:102C700038B1174A1749184840F27B1305F03AFA61
:102C800000BE002004F01CFE05230022CDE9003226
:102C900010490F4A1148029740F2831305F02AFAAF
:102CA00033780BB1FFF752F9059805F03BFA09E0CC
:102CB000FFF73CF90028C0D0072403E033780BB1BC
:102CC000FFF744F9204607B0F0BD00BFE25F010006
:102CD000B41F2108241E2108BE1E2108DF1E210862
:102CE00038B50C4660B90B4D2846FFF717F9012C93
:102CF00008D12B88DB070BD54FF4807005F00AFA5A
:102D0000002038BD288880F01000C0F30010F8E7DC
:102D10002046F6E76265010038B5154610B309B3E1
:102D200002B3134C4FF482738380D4F88030C360B5
:102D300094F87630837194F874304B725372002398
:102D40000360A06F04F05AFAE36F98420BD829464B
:102D500004F14C0004F060FA402004F055FA00231E
:102D6000C4E91E3338BD284605F0DCF9F7E700BF9B
:102D7000346001002DE9F043454F3B7887B00446AD
:102D8000002B77D105A9204604F04BFA064600280F
:102D900077D102460146059805F078F93146054697
:102DA0003246006805F072F929794378B0F800904E
:102DB00043EA01134370438806461BB3AA79100700
:102DC00042BF34484FF0010C80F800C0D00610D448
:102DD000012084F821002868407A84F8241084F8BF
:102DE00032202A69A2636A696263EA682086638482
:102DF000E263B02B03D04D2B01D01C2B02D101205C
:102E000004F058FD012004F05BFD4A4606F1100174
:102E10003046FFF7FBFDB3781C2B804601D1FFF74E
:102E20002FFE002004F04CFDB8F1000F07D01A4A25
:102E30001A491B4840F23F1305F05CF900BECDF87B
:102E40000890738801932B790093134A134915480E
:102E500040F2431305F04EF93B780BB1FFF776F8DB
:102E6000286805F05FF9059805F05CF9E36A01331D
:102E7000E36203E0FFF75AF8002883D007B0BDE80B
:102E8000F0833B78002BF9D0FFF760F8F6E700BF3E
:102E9000E25F010060650100C91F2108241E2108AE
:102EA000BE1E2108DF1E2108064B012283F82020C8
:102EB00083F8642083F8A82083F8EC2083F830217D
:102EC000704700BF3460010047F61F4070470000A4
:102ED00003685B0533D41C4B1B78002B31D11B4B93
:102EE0001B4A1B88126803F00101C3F3001322BBC5
:102EF000184A1078184A126882431ED1174A10687F
:102F0000174A126822EA000232F0080215D1154A67
:102F10001268003A18BF01225B0043EAC10312485D
:102F200043EA82035B00D84010F003000BD0012875
:102F30000CBF0A204FF0FF3070470122ECE7002061
:102F400070474FF0FF307047606501006265010017
:102F50007065010064650100746501006865010029
:102F6000786501006C650100620062512DE9FF4146
:102F70000023244F0193384604F078FC10B904B0C4
:102F8000BDE8F08101A9384604F04BF90546002858
:102F9000F1D102460146019805F078F84388868908
:102FA000142B04460ED10823002E17488DF8083044
:102FB00014BF02230123039300682B462A4602A96B
:102FC00002F002FCDFF84480D8F80030B3B131469B
:102FD000A07803F0BDFF6388AF2B06460D4602D1F3
:102FE000204603F0EBFD002D08BFB6F1FF3F019A2C
:102FF00004D0D8F80030304629469847019805F0AB
:1030000091F8B8E78860010048650100F4610100AB
:1030100073B50023124E0193114804F027FC08B940
:1030200002B070BD01A9304604F0FBF80446002848
:10303000F2D102460146019805F028F822460546DD
:103040002146006805F022F80146284604F0DEFF1C
:10305000286805F067F8019805F064F8DCE700BF20
:103060005461010073B50024144D019455F8040B0C
:10307000F0B101A900F5EC7004F0D3F80246B8B93C
:1030800055F8043CD3F874317BB10146019804F043
:10309000FDFF018B55F8043C4269D3F8746110318F
:1030A00000F1100301442046B047019805F03AF8BA
:1030B0000134142CDAD102B070BD00BF8C5F010066
:1030C00004F0DABB08B504F09FF8002008BD00004A
:1030D000F7B51D46002304460F4616460193ADF88A
:1030E000023018224FF47A73012101A804F0BEFFC8
:1030F00038B1104A1049114840F29E7304F0FAFFAB
:1031000000BE019838600DF10202002104F0BEFFFC
:1031100068B1019B5E72089BC360BDF824300381D7
:103120000423857103712060002003B0F0BD0E20E0
:10313000FBE700BF8B1F2108241E21081C0D21085E
:10314000002070472DE9F04F03685B059DB0804675
:1031500040F1AD83402200210CA804F077FF00234A
:1031600007A8CDE906330893ADF81630FFF748FC01
:10317000002840F07187654F3B780BB1FEF7E6FE03
:10318000634B1B682BB9D8F8003023F48063C8F870
:10319000003007980DF11602002104F077FF4488F3
:1031A00090F801908689B02C05464FEA191903D092
:1031B0004D2C01D01C2C02D1002004F07BFB2B886D
:1031C000544A5549554823F47043CDE90263CDE98B
:1031D000009440F25F2304F08DFFB9F1040F07D093
:1031E000B9F1050F00F0CB86079804F09BFF5CE374
:1031F0006B78B32C03F00F036B7000F21D82432C2D
:1032000000F29E801C2C00F2AB810B2CECD9444ABE
:103210000123A340134240F07A83424A134240F014
:103220009582414A1A40002ADED0404DAB6A0133F4
:10323000AB6295F83230DF0740F1B1826B8CA3426C
:1032400040F0AD8218224FF47A7301210DEB020099
:1032500004F00CFF38B12F4A2F49354840F2A12322
:1032600004F048FF00BE06980BAA002104F00EFFF0
:1032700095F8323013F00203074600F07D82079B79
:1032800003600423BB80EB6B3E81FB6095F832301A
:10329000BB71079A95F830305372069A5372686B77
:1032A00003F0ACFFAB6B984200F26B8221480699A9
:1032B000FEF754FF202003F0A7FF6CE2A4F1C9023F
:1032C00092B2012393401C4A1A40002A40F00F8317
:1032D0001A4A1A40002A40F05881CD2C84D1FEF7BA
:1032E00035FE124B07989A6A01329A625A8CA242B2
:1032F00001BF0022C3E90D2283F821205A8404F083
:1033000011FF202003F080FFCFE200BFE25F010049
:10331000245F0100D91F2108241E2108211F210834
:1033200000009E030000211000100008346001001E
:103330001C0D21083C600100430088000C000408BB
:10334000A4F144036F2B3FF64FAF01A252F823F0D4
:10335000DF2300003D2000003D2000000926000082
:103360003D20000009260000092600003D20000045
:103370000926000009260000092600003D20000063
:103380003D200000852C0000852C0000072D00004A
:103390003D200000DF2300003D2000003D20000014
:1033A0003D2000003D2000003D2000003D200000A9
:1033B0003D2000003D2000003D2000003D20000099
:1033C0003D200000FF290000012A0000092600001E
:1033D0003D200000092600003D2000003D200000A7
:1033E000092600003D20000057280000012A0000A7
:1033F000012A000009260000DF2300000926000042
:103400000926000009260000092600000926000000
:10341000012A00003D2000007F2000003D20000028
:103420003D2000003D200000092600000926000084
:10343000092600003D2000003D2000003D20000046
:103440003D200000092600003D2000003D20000036
:103450003D2000003D2000003D2000003D200000F8
:103460003D200000372100003D200000092600001B
:103470000926000009260000092600003D20000062
:103480003D2000003D2000007F2000003D20000086
:103490003D2000003D2000003D2000003D200000B8
:1034A0003D200000092600003D2000003D200000D6
:1034B0003D2000003D2000003D2000003D20000098
:1034C0007F200000DF230000092600003D200000CF
:1034D0003D200000092600003D200000012A0000D8
:1034E0003D2000003D200000DF2300003F2C0000B5
:1034F0003D2000003D2000000926000009260000B4
:103500007F200000DF2300003D200000072D000089
:10351000A4F11D030F2B3FF667AE01A252F823F072
:10352000452600003D2000003D2000003D20000019
:103530003D2000003D2000003D2000004526000009
:103540003D2000007F2000003D2000003D200000C5
:10355000DF230000DF2300003D2000007F2000006B
:103560002C2CD5D9A4F12E039BB2152B3FF63CAEE3
:10357000984901229A400A4240F0B98112F4401F52
:1035800040F01483132B7FF42FAE934FD7F8B03055
:1035900018220133C7F8B03001214FF47A730DEBD4
:1035A000020004F063FD38B18C4A8D498D4840F229
:1035B000DD3304F09FFD00BE0BAA0021069804F045
:1035C00065FD4FF401728280B7F8AA1006818C4223
:1035D0000346DDE906C005D0A12C40F053829029B6
:1035E00040F05082D7F8C420DA6097F8BA209A7178
:1035F00097F8B8208CF80920F02C4272186097F8E0
:10360000BA2000F05382CB2C40F0AD824BF6F1355E
:10361000AE4240F0A482CB2940F0B482002387F868
:10362000A930A7F8AA30002A40F06F8206996E48A8
:1036300003F0F2FD042029E3E42C4DD8C82C3FF61A
:103640003DAEA4F1BA039BB20E2B3FF6CDAD0122E5
:103650009A4042F208310A4240F0498144F20101A5
:103660000A427FF4E2AD042B7FF4BEAD5A4CE36E08
:1036700094F876200133D707E366B4F8663020D596
:10368000BE2B7FF4B1AD18224FF47A7301210DEBFC
:10369000020004F0EBFC38B1504A5149514840F265
:1036A0009A3304F027FD00BE0BAA0021069804F00F
:1036B000EDFC642E08BF0026DDE906210681FFF738
:1036C0002BFBB4F86630BE2B7FF48EAD002384F85C
:1036D0006530A4F8663087E5A4F1E9039AB2162AAA
:1036E0003FF682AD162B3FF67FAD01A252F823F0D4
:1036F0007F20000045260000852C00003D200000B2
:103700003D2000003D200000DF230000DF230000FB
:10371000452600007F2000004526000045260000C9
:103720003D2000003D2000003D2000003D20000025
:103730003D2000003D2000003D2000003D20000015
:103740003D2000003D20000045260000224B5B8C00
:10375000A3427FF46AAD152C06D12EB90CA803F054
:1037600087FB9DF830303B703B780BB1FEF7EEFBEA
:103770001E4B00221A7058E50360079804F0D2FC33
:103780007FE5069804F0CEFC95F83230980702D514
:10379000079804F0C7FC0023C5E90D3302E0079841
:1037A00004F0C0FC6B8CA3427FD1002385F821304C
:1037B0006B847AE0084BDA6E0132DA66B3F8662081
:1037C000A24202D1002283F86520AE2C00F0B9801D
:1037D00019E000BF0393060034600100D91F2108DF
:1037E000241E21081C0D2108CC6001006065010029
:1037F000A64BDA6E0132DA66B3F86620A24202D135
:10380000002283F86520A14D95F87630D90740F164
:10381000F080B5F86630A34240F0EB8018224FF4F8
:103820007A7301210DEB020004F020FC38B1984AB4
:10383000984999484FF44D7304F05CFC00BE06981B
:103840000BAA002104F022FC95F8763013F0020355
:10385000074600F0BD80079B03604FF48273BB8076
:10386000D5F880303E81FB6095F87630BB71069AC2
:1038700095F874305372079A5372A86F03F0BEFC28
:10388000EB6F984200F2A9800699844803F0C4FCCB
:10389000402003F0B9FC0023C5E91E33B5F86630BB
:1038A000A34202D10023A5F86630FFF7C1F8D8F88B
:1038B000003043F61F021A4200F05184734D784ED7
:1038C00000244FF00109D8F8002009FA04F313424C
:1038D00007D095F82120002A00F0D88332681343DE
:1038E00033600134052C05F14405ECD1DDE3674B71
:1038F000DA6E0132DA66B3F86620A24202D1002203
:1039000083F86520192C1CD0C32C1AD05DE75F4BBF
:10391000DA6E0132DA66B3F86620944204BF002101
:1039200083F86510142CEDD1142A07D1002E3FF432
:103930006AAF03F0B1FA02233B7064E7002E3FF454
:1039400062AF4FF00009DFF844A10798DAF880B0C1
:10395000CDF824904A46494604F098FBCDE90096FC
:1039600005464B464A4609A90AA8FFF7B1FB78B9B4
:103970002A880B9010324FF47A7301210BA804F0BF
:1039800075FBDDF82490024658B1484604F0CAFBA6
:10399000142CCBD0192C7FF436AF03F07DFA002322
:1039A000CAE701460B9804F071FBDDE90A321A60A0
:1039B0002A88C3F80CB01032294604F08BFB494624
:1039C0000AF1980003F028FC0420FFF727F9DFE74D
:1039D0000360079804F0A6FB3FE7069804F0A2FBFB
:1039E00095F876309A077FF556AF079804F09AFB62
:1039F00051E707992B4803F00FFC0220FFF70EF95F
:103A00004CE7224CE36E0133E36694F87630DB0733
:103A10002CD5B4F866306A2B28D118224FF47A736B
:103A200001210DEB020004F021FB38B1184A1949BD
:103A3000194840F2763304F05DFB00BE0BAA00216A
:103A4000069804F023FBDDE906210681FFF764F9FF
:103A5000079804F067FBB4F866306A2B7FF425AF53
:103A6000002384F86530A4F866301EE716B90E4BC3
:103A700001221A7007990B4803F0CEFB0220FFF7D2
:103A8000CDF8E8E70022DA609A71B3E5346001000E
:103A9000D91F2108241E21081C0D21088060010067
:103AA0006865010088600100E8610100CB293FF4EE
:103AB000B5ADD60766D5F02964D112F0020202D165
:103AC0001A6004F02FFBD7F8BC0003F097FBD7F87F
:103AD000C03098425ED80699A84803F09DFB80202C
:103AE00003F092FB0023C7E92F33B7F8AA309C42BA
:103AF00005D0A12C7FF4D9AE902B7FF4D6AE002355
:103B000087F8A930A7F8AA30CFE64FF47A731822C5
:103B1000012108A804F0AAFA38B1994A99499A48AB
:103B200040F20D4304F0E6FA00BE00221146089868
:103B300004F0ACFA00244FF6F6730381046097F8A2
:103B4000BA3083710899B7F8B8304B728B4803F0DC
:103B500063FB802003F058FBC7E92F44A5E6D50797
:103B600010D5CB29A8E7D60705D58C42A5D090293A
:103B700001D1A12CA1D0AA2C04D101221A810023A9
:103B80002A736B730699814803F046FB0420FFF704
:103B900045F8AAE7069804F0C5FA97F8BA309B07EB
:103BA000A0D5079804F0BEFA9CE76C24284604F0E0
:103BB00099FA6B88612B04BF6C236B806B88422B56
:103BC00008D1B5F9122000214FF0FF3004F076FA49
:103BD000074613E06C2B5CD16D49A88D14230D466C
:103BE00051F8042B42B3578C874225D192F8587074
:103BF000032F21D1D2F8843155F8237007B3742CE8
:103C000021D0422C63D0A72C61D007F5C675AB6AD2
:103C10000133AB62AB6B002B00F0C280686B03F02A
:103C2000EDFAAB6B984240F2BB80079804F07AFA49
:103C30000023C5E90D3338E6013B13F0FF03CFD174
:103C4000742C40F0988018224FF47A7301210DEB08
:103C5000020004F00BFA38B1494A4A494A4840F296
:103C60006F4304F047FA00BE002106980BAA04F047
:103C70000DFA40F204438380079B03600699068196
:103C80000023C360434803F0C7FA1020FEF7C6FFC5
:103C90000BE6432B17D12B8A8BB9E98A3C4A1423B4
:103CA00052F8047B37B1788C884203D197F85800DA
:103CB0000328A4D0013B13F0FF03F1D1C0E74FF07C
:103CC000FF32002182E74FF0FF3203217EE7324DC1
:103CD000D5F838310133C5F83831D5F8483105F514
:103CE0008875002B9AD118224FF47A7301210DEBBD
:103CF000020004F0BBF938B1214A2249224840F2BF
:103D0000974304F0F7F900BE0BAA0021069804F0CF
:103D1000BDF940F204428280698C06818C420346E0
:103D200008BFEA6B079808BFDA60186004BF95F80F
:103D300032209A71069E0FBF95F830200022DA607B
:103D40009A714272727295F83220D60745D58C422C
:103D500043D112F0020202D11A6004F0E3F906998D
:103D600005F1080003F058FA0C4B9D422FD14FF497
:103D70000070FFF7A0BA094D002748E7C4600100B2
:103D8000D91F2108241E21081C0D2108CC60010028
:103D90008C5F010054610100346001004461010046
:103DA0006B2CA0D16B8C6B2B9DD10799B7F8BC31D4
:103DB0004B72002385F821306B8407F5EC7003F01B
:103DC0002BFABB680120984004F03CF96DE5BB6814
:103DD0000120984004F036F9DDE40699A24803F08A
:103DE0001BFA1020FEF71AFFDCE418224FF47A7356
:103DF00001210DEB020004F039F938B19B4A9C49CE
:103E00009C4840F2DB4304F075F900BE0BAA002188
:103E1000069804F03BF940F204418180079A069924
:103E2000068100230260C360837153724B7229E7DD
:103E3000914CD4F8B0300133C4F8B030B4F8AA30A3
:103E4000512B08D100220798114604F01FF916B92A
:103E5000038A012B04D1002384F8A930A4F8AA30E6
:103E600018224FF47A7301210DEB020004F0FEF8E2
:103E700038B17E4A7E497F4840F20A5304F03AF94D
:103E800000BE0BAA0021069804F000F94FF401735C
:103E90008380D4F8C430079A02600681C36094F826
:103EA000BA308371069994F8B83053724B72FFF7A9
:103EB000BEBB714DD5F8B03018220133C5F8B03013
:103EC00001214FF47A730DEB020004F0CFF838B102
:103ED000664A6749674840F2255304F00BF900BE73
:103EE0000BAA0021069804F0D1F84FF401728280E9
:103EF000D5F8C4200681C26095F8BA20827106996F
:103F000095F8B8600346079846724E72D6072ED5CC
:103F1000B5F8AA20A2422AD100221A6004F002F9C0
:103F2000D5F8BC0003F06AF9D5F8C030984213D830
:103F30000699524803F070F9802003F065F9B5F84E
:103F4000AA30A3427FF4B1AC0023C5E92F3385F832
:103F5000A930A5F8AA30A8E4069804F0E3F895F88B
:103F6000BA30D807EBD4079804F0DCF8E7E718601C
:103F7000434803F051F90420FEF750FEDFE76B7869
:103F800003F00F036B70002C48D1384A38493D4884
:103F900040F26B5304F0AEF8284604F0A3F84FF05B
:103FA000FF32032104F08AF8044600283FF47DAC78
:103FB000079BB0F8BC215A72D0F8C00104F5EC762A
:103FC000D0B9B4F8AE316B2B24D194F8AD31CBB16C
:103FD00094F8BE31990715D5002384F8AD310799BF
:103FE000304603F019F9A3680120984004F02AF83C
:103FF0000023C4E9703358E403F000F9D4F8C43165
:104000009842DED90799304603F006F92020FEF7E2
:1040100005FEEDE76A889A42F4D1D6E7012C05D176
:1040200007992046FFF78CF8FFF7DEB8032C7FF4E2
:104030003CAC114B0799DA6E13480132DA66B3F8DB
:104040006620032A02BF0022C3E91E2283F86520EE
:1040500003F0E2F8022019E6D8F8003023F4806378
:10406000C8F8003023E400BF54610100D91F2108C3
:10407000241E21081C0D210834600100C4600100C9
:10408000CC600100761F2108886001003268DF43A0
:1040900022EA030333605F4B032C0CBF0221012192
:1040A0001878FEF71DFE00285CD15B4B5B4C1A684C
:1040B0002368934368D1D8F800301A0534D501201D
:1040C000574C544F574E0025814654F8043B0BB3D0
:1040D000D3F8D031F3B138780121FEF701FEE0B119
:1040E00054F8040C00F5E870FEF7A0FD30B954F860
:1040F000042C92F88931013B82F8893154F8043C50
:10410000D3F8D0312BB9336809FA05F223EA020358
:10411000336000200135142DD7D1D8F8003018B104
:1041200023F40063C8F80030D8F800309B0416D59B
:10413000384B01211878FEF7D3FD80B13A4C204668
:10414000FEF774FD236853B9D8F80030374A23F4DA
:104150000053C8F80030136823F4005313601DB0F7
:10416000BDE8F08F2846FEF705FE2B68002B7FF494
:10417000B8ABD8F800303B40C8F800302C4B1A6878
:1041800017401F60FFF7ADBBDFF89490DFF8A4A0E5
:10419000204F0025012659F8043B6BB1D3F88C2140
:1041A00052B193F8AD3106FA05F24BB19AF80030EE
:1041B0001343DBB28AF800300135142DEBD10CE04B
:1041C0009AF80030387823EA020301216FEA020BE3
:1041D0008AF80030FEF784FD50B92268D8F8003024
:1041E000002A7FF468AF23F48053C8F8003062E7F8
:1041F00059F8040C00F5C670FEF7BCFD59F8043CF4
:10420000D3F88C31002BD7D123680BEA030323604A
:10421000D2E700BF606501006865010074650100B8
:104220008C5F0100706501002C6001006C6501006D
:10423000786501006465010070B50C460646FDF71F
:1042400071FF6388C32B054616D0192B07D10628AA
:1042500004D009281BD1E379012B36D170BD142B72
:1042600042D13389002BF9D040F6283003F010F901
:10427000308903F003FF4AE02388C3F30B032B2BA1
:10428000ECD104F11000BDE8704003F0C7BE09286E
:104290000DD8DFE800F0050C050C0C0C0C05051A18
:1042A00040F6283003F0F4F8308903F0E7FE0024EC
:1042B0002146308903F084FA204603F0BFFA2046F5
:1042C0000021BDE8704003F0F1BEE37933B940F658
:1042D000283003F0DDF8308903F0D0FE6488A4F1C3
:1042E000AE014C424C41E3E7AE2BB7D8A02B02D82D
:1042F000412BB9D0B2E7A3F1A10189B242F2012268
:10430000CA40D207AAD5AA2BAED0A12BACD0092D7A
:10431000E4D0CCE773B50023144E0193134803F0A7
:10432000A5FA08B902B070BD01A9304602F079FFC4
:1043300005460028F2D102460146019803F0A6FE88
:104340002A4604462946006803F0A0FE05460146B9
:104350002046FFF771FF2946204603F057FE2068EC
:1043600003F0E0FE019803F0DDFED7E7CC6001002A
:1043700038B5144D0024B4FA84F35B0928685B4215
:1043800000223E2101F001F90443A00704D5FEF705
:10439000EDFD24F00204EEE7610704D5FFF7BAFF54
:1043A00024F00404E7E7E20604D5FEF731FE24F02A
:1043B0001004E0E7A306DED5FEF754FE24F0200447
:1043C000D9E700BF8C61010013B5FEF77DFD002326
:1043D000019340F4000401A8FEF77AFD014620464F
:1043E000FEF76EFE019B1843030204D4019001A85E
:1043F000FEF7A8FEEFE720F4000001904FF0807078
:10440000FEF760FE01F013F801F025F8EFE7000079
:1044100030B50D4D8BB0FEF747FD2C688CB92022CE
:10442000214602A803F012FE084B019340F2646299
:104430003023CDE90623064801AA214600F0A2FF59
:1044400028600BB030BD00BF7C650100F91F21085A
:104450001D3200000B48D0F800D05DF804EB5DF889
:1044600004CB5DF804BB5DF804AB5DF8049B5DF81C
:10447000048B80BC40BC20BC10BC08BC04BC02BC8B
:1044800001BC704734510100114AD2F8103623F4B0
:104490008073C2F810360F4B596B41F0010159631C
:1044A000596B41F0020159630423C2F8383482B0D9
:1044B00000238DF807309DF80730092B01D902B091
:1044C000704700BF9DF807300133DBB2F1E700BF52
:1044D000008004240084042413B5044640B94FF03E
:1044E000140383F31188BFF36F8FBFF34F8FFEE781
:1044F00020230193019B202B08D04FF0140383F35A
:104500001188BFF36F8FBFF34F8FFEE7002340F892
:10451000043B00F07EF901232046237702B010BD52
:1045200038B5202003F01AFC044628B1002540F8D5
:10453000045B00F06EF92577204638BD2DE9F8437D
:10454000DDF820900C4617469846064640B94FF0D5
:10455000140383F31188BFF36F8FBFF34F8FFEE710
:10456000B1F1807F08D34FF0140383F31188BFF3B8
:104570006F8FBFF34F8FFEE741B94FF0140383F302
:104580001188BFF36F8FBFF34F8FFEE702F044F83F
:10459000D0B9B9F1000F08D04FF0140383F311889C
:1045A000BFF36F8FBFF34F8FFEE701F089FC3568D3
:1045B00004EA0503B8F1000F32D09C4232D18FB328
:1045C00025EA040434602DE001F07AFC356804EA41
:1045D0000503B8F1000F2AD1002BF0D1B9F1000F7B
:1045E00020D0391E18BF012109064A462143301D3B
:1045F00001F078FE01F042FD28B302F0FFF88301DC
:1046000005460AD403F064FA356804EA0503B8F1F4
:10461000000F23D123BB03F07BFA25F07F4503E095
:10462000002BCCD101F02AFD2846BDE8F8839C423E
:10463000C5D0B9F1000FF5D0391E18BF0121090608
:1046400041F08061D1E74FF0E0234FF08052C3F892
:10465000042DBFF34F8FBFF36F8FCEE79C42DAD1AB
:10466000002FD8D025EA04043460D4E770B50C4696
:10467000054640B94FF0140383F31188BFF36F8FE1
:10468000BFF34F8FFEE7B1F1807F08D34FF01403E3
:1046900083F31188BFF36F8FBFF34F8FFEE703F0F3
:1046A00017FA2E6826EA04042C6003F031FA30462B
:1046B00070BDFFF7DBBF00000A460023014601483A
:1046C00002F050BA07350000EFF311834FF01402E7
:1046D00082F31188BFF36F8FBFF34F8F006883F3AE
:1046E000118870472DE9F0410D46044640B94FF05E
:1046F000140383F31188BFF36F8FBFF34F8FFEE76F
:10470000B1F1807F08D34FF0140383F31188BFF316
:104710006F8FBFF34F8FFEE700F10C0601F0D0FB67
:10472000236820692B43236000258642216807D136
:1047300021EA0501216001F0A1FC2068BDE8F081BB
:10474000D0E9002822F07F4312F0806F03EA0107CE
:1047500002D11FB94046E8E7BB42FBD1D20141F08C
:10476000007148BF1D4301F083FEF3E7FFF7BABFB6
:1047700038B5044640B94FF0140383F31188BFF3F2
:104780006F8FBFF34F8FFEE701F09AFB04F10C052A
:10479000636843B901F072FC237FABB92046BDE8E2
:1047A000384003F0B1BB2069A84208D14FF0140390
:1047B00083F31188BFF36F8FBFF34F8FFEE74FF086
:1047C000007101F055FEE3E738BD000013460A46CC
:1047D0000146014802F0C6B9C1350000002303605C
:1047E000704703680B60016070470346006818B1AA
:1047F00002681A60002303607047036803B97047BA
:104800008B4204D10B68036000230B60704718468D
:10481000F3E700F108034FF0FF32C0E902234360E1
:1048200003610023036070470023036170474368FE
:104830004B609A688A60516099600368086101332F
:104840000360704730B50C68631C0AD103695A686D
:104850004A6091608B6059600368086101330360AE
:1048600030BD00F10802134652681568A542FAD916
:10487000EDE7D0E9011203698A605160596881420D
:1048800008BF5A600022026118680138186070473A
:1048900010B5044603F01CF9A46B03F039F9B4FA1F
:1048A00084F0400910BD70B51646026C856B044655
:1048B00042B906689EB9806801F004FFA660013520
:1048C000A56370BD6EB9406803F004FC6368226C98
:1048D0001344A2686360934224BF2368636000208E
:1048E000EDE7C06803F0F6FB226CE36851429B1AC7
:1048F0002268E36093423EBFA3685B18E360022E28
:10490000EDD10DB1013DEAE72846D8E7034610B4E2
:104910001A6C08466AB1DC68996814448C4228BF56
:104920001968DC6028BFD960D9685DF8044B03F0D2
:10493000D1BB5DF8044B704770B5044603F0C8F86E
:1049400094F8455004F124066DB2002D14DCFF23C9
:1049500084F8453003F0DCF803F0BAF894F84450DA
:1049600004F110066DB2002D12DCFF2384F84430F0
:10497000BDE8704003F0CCB8636A002BE7D0304646
:1049800001F012FD08B101F025FE013D6DB2DCE73A
:104990002369002BE9D0304601F006FD08B101F093
:1049A00019FE013D6DB2DEE770B50E46044640B912
:1049B0004FF0140383F31188BFF36F8FBFF34F8F52
:1049C000FEE7C56BA5B3036CA3FB053585BB03F000
:1049D0007FF8D4E90F31226862604B43D0185B1A2C
:1049E0001A44FF23A563A06084F84430E26084F891
:1049F0004530A6B9236973B104F1100001F0D4FC6D
:104A000048B14FF0E0234FF08052C3F8042DBFF3BC
:104A10004F8FBFF36F8F03F07BF8012070BD04F15F
:104A20001000FFF7F6FE04F12400FFF7F2FEF2E7B4
:104A30004FF0140383F31188BFF36F8FBFF34F8FD1
:104A4000FEE737B50D461C4643B94FF0140383F318
:104A50001188BFF36F8FBFF34F8FFEE748B3B2B13A
:104A600039B350230193019B502B19D1019B226034
:104A70000121C4E90F0584F846102046FFF794FF92
:104A80009DF8183084F84C30204603B030BD81B911
:104A900050230193019B502B02D1019B2246E6E754
:104AA0004FF0140383F31188BFF36F8FBFF34F8F61
:104AB000FEE74FF0140383F31188BFF36F8FBFF34A
:104AC0004F8FFEE72DE9F0410D461746064600B32D
:104AD000A1FB0038B8F1000F1BD1484310F1510F72
:104AE00017D8503003F03AF9044668B180F8468090
:104AF0006DB100F15003C4E90F6523600121204628
:104B0000FFF752FF84F84C702046BDE8F081034661
:104B1000F1E74FF0140383F31188BFF36F8FBFF3F6
:104B20004F8FFEE7F0B585B00E4601921D46044654
:104B300040B94FF0140383F31188BFF36F8FBFF3B5
:104B40004F8FFEE751B9036C43B14FF0140383F369
:104B50001188BFF36F8FBFF34F8FFEE7022D0BD18C
:104B6000E36B012B08D04FF0140383F31188BFF3DC
:104B70006F8FBFF34F8FFEE701F04EFD08B9019B29
:104B800003BB02F0A5FFA26BE36B9A4223D22A4635
:104B900031462046FFF787FE636A1BB104F124000B
:104BA00001F002FC48B14FF0E0234FF08052C3F80F
:104BB000042DBFF34F8FBFF36F8F02F0A9FF0120C9
:104BC00005B0F0BD4FF0140383F31188BFF36F8F6E
:104BD000BFF34F8FFEE7022DD9D000231F4637E0E9
:104BE00013B902A801F0A2FC02F092FF01F068F9EB
:104BF00002F06EFF94F84430FF2B08BF84F8447035
:104C000094F84530FF2B08BF84F8457002F080FF10
:104C100001A902A801F096FC002839D102F058FF42
:104C2000A26BE36B9A421AD102F072FF019904F170
:104C3000100001F03DFB2046FFF77EFE01F01EFA5A
:104C4000D8B102F045FFA36BE26B9A429FD80123D3
:104C5000019A002AC4D102F05BFF0020B0E702F005
:104C600057FF2046FFF768FE01F008FA02F030FF18
:104C7000A26BE36B9A42EAD289E74FF0E0234FF050
:104C80008052C3F8042DBFF34F8FBFF36F8FEDE752
:104C90002046FFF751FE01F0F1F9DEE713B50022DF
:104CA0000B46009011460120FFF7CBFE044638B1B9
:104CB000002383600360C3601A461946FFF732FF82
:104CC000204602B010BD38B5044640B94FF0140379
:104CD00083F31188BFF36F8FBFF34F8FFEE78568B3
:104CE00001F094FC85420BD1E368013BE3600BB11A
:104CF000012038BD1A4619462046FFF713FFF7E793
:104D00000020F6E710B5024600210120FFF7DAFE89
:104D1000044638B1002383600360C3601A46194615
:104D2000FFF700FF204610BD2DE9F84389461746DE
:104D30001E46044640B94FF0140383F31188BFF3B5
:104D40006F8FBFF34F8FFEE751B9036C43B14FF044
:104D5000140383F31188BFF36F8FBFF34F8FFEE708
:104D6000022E0BD1E36B012B08D04FF0140383F319
:104D70001188BFF36F8FBFF34F8FFEE702F0C0FFC4
:104D8000EFF311884FF0140383F31188BFF36F8F93
:104D9000BFF34F8FA26BE36B9A4201D3022E2DD14A
:104DA00094F84550A36B6DB2324649462046FFF752
:104DB0007AFD6B1C0ED1636A3BB104F1240001F053
:104DC000F3FA10B10FB101233B60012088F3118881
:104DD000BDE8F88301F08AF88542F6D27F2D08D12C
:104DE0004FF0140383F31188BFF36F8FBFF34F8F1E
:104DF000FEE701356DB284F84550E6E70020E5E7AF
:104E0000F0B585B00E460192044640B94FF0140348
:104E100083F31188BFF36F8FBFF34F8FFEE751B954
:104E2000036C43B14FF0140383F31188BFF36F8F0A
:104E3000BFF34F8FFEE701F0EFFB50B9019B43B189
:104E40004FF0140383F31188BFF36F8FBFF34F8FBD
:104E5000FEE702F03DFEA56BDDB131462046FFF7CF
:104E600055FD2369013DA56373B104F1100001F004
:104E70009BFA48B14FF0E0234FF08052C3F8042D65
:104E8000BFF34F8FBFF36F8F02F042FE012005B0DA
:104E9000F0BD019B1BB902F03BFE0020F7E702A822
:104EA00001F044FB2F4602F033FE01F009F802F056
:104EB0000FFE94F84430FF2B08BF84F8447094F838
:104EC0004530FF2B08BF84F8457002F021FE01A990
:104ED00002A801F037FB38BB2046FFF7D9FCE8B148
:104EE000019904F1240001F0E3F92046FFF724FDC5
:104EF00001F0C4F848B94FF0E0234FF08052C3F8F6
:104F0000042DBFF34F8FBFF36F8F02F0E1FDA56B50
:104F1000002DA2D1019B002BC5D1BCE72046FFF795
:104F20000BFD01F0ABF8F0E72046FFF705FD01F0BF
:104F3000A5F82046FFF7ACFC0028E6D0ADE7F0B5B9
:104F400085B00446019140B94FF0140383F31188F2
:104F5000BFF36F8FBFF34F8FFEE7056C45B14FF086
:104F6000140383F31188BFF36F8FBFF34F8FFEE7F6
:104F700001F052FB064620B32E46002702F0A8FDA2
:104F8000A36B53B3013BA363236813B901F042FC45
:104F9000A060236973B104F1100001F005FA48B173
:104FA0004FF0E0234FF08052C3F8042DBFF34F8F32
:104FB000BFF36F8F02F0ACFD012005B0F0BD3546A8
:104FC000DBE7019B002BFAD04FF0140383F3118829
:104FD000BFF36F8FBFF34F8FFEE7019B1BB902F04A
:104FE00097FD0020E9E716B902A801F09FFA02F048
:104FF0008FFD00F065FF02F06BFD94F84430FF2B4D
:1050000008BF84F8447094F84530FF2B08BF84F83B
:10501000457002F07DFD01A902A801F093FA50BB92
:105020002046FFF735FC00B323683BB902F050FD82
:10503000A06801F001FB054602F06AFD019904F148
:10504000240001F035F92046FFF776FC01F016F850
:1050500048B94FF0E0234FF08052C3F8042DBFF35E
:105060004F8FBFF36F8F012688E72046FFF764FC60
:1050700001F004F8F7E72046FFF75EFC00F0FEFFC2
:105080002046FFF705FC0028EDD0002DA9D002F046
:105090001FFD616A19B1236B1968C1F13801A0685D
:1050A00001F05AFB9BE770B50D46044640B94FF03E
:1050B000140383F31188BFF36F8FBFF34F8FFEE7A5
:1050C000866801F0A3FA864204D1E3680133E36005
:1050D000012070BD29462046FFF731FF0028F8D097
:1050E000E3680133E360F4E72DE9F843894690462D
:1050F000044640B94FF0140383F31188BFF36F8F58
:10510000BFF34F8FFEE751B9036C43B14FF0140367
:1051100083F31188BFF36F8FBFF34F8FFEE702F069
:10512000EFFDEFF311874FF0140383F31188BFF302
:105130006F8FBFF34F8FA66B86B394F844504946E8
:105140006DB22046FFF7E2FB013E6B1CA66311D156
:10515000236953B104F1100001F026F928B1B8F128
:10516000000F02D00123C8F80030012087F3118816
:10517000BDE8F88300F0BAFE8542F6D27F2D08D153
:105180004FF0140383F31188BFF36F8FBFF34F8F7A
:10519000FEE701356DB284F84450E6E73046E5E7B6
:1051A00070B540B94FF0140383F31188BFF36F8FCC
:1051B000BFF34F8FFEE7B9B10C4A00231C461546DA
:1051C0005668864204D105EBC403C3E900100BE026
:1051D0001BB91668002E08BF13460134082C02F1D3
:1051E0000802EDD1002BF0D170BD00BFE4820000B9
:1051F00010B540B94FF0140383F31188BFF36F8FDC
:10520000BFF34F8FFEE7094A002352F83310814263
:105210004FEAC30406D1064A002142F83310224463
:10522000516010BD0133082BEFD1FAE7E88200008E
:10523000E482000010B540B94FF0140383F31188E5
:10524000BFF36F8FBFF34F8FFEE7FFF7D1FF90F8EB
:1052500046301BB9BDE8104002F056BE10BD70B517
:1052600004460D46164602F033FC94F84430FF2BFA
:1052700004BF002384F8443094F84530FF2B04BF6A
:10528000002384F8453002F043FCA36B2BB932466F
:10529000294604F1240001F05DF82046BDE8704085
:1052A000FFF74ABB10B5EFF3058414B10124204683
:1052B00010BD01F0B1F90128F9D0EFF31083002BF4
:1052C000F4D1EFF31184003C18BF0124EFE708B5D7
:1052D0004FF0E0231B6901F09FF9012803D0BDE8DE
:1052E000084002F029BC08BD08B5FFF7DBFF48B94C
:1052F00001F092F90128034607D1054A106820B948
:10530000136008BD6FF00500FBE74FF0FF30F8E7D2
:10531000E082000008B501F07FF938B1022804D01E
:10532000034B1868431E5842584108BD0320FCE750
:10533000E082000010B5FFF7B5FF044668B901F040
:105340006BF901280CD1084B1A68012A08D10222F6
:105350001A6000F061FD204610BD6FF00500FBE70C
:105360004FF0FF30F8E700BFE082000008B5FFF71C
:1053700099FF18B1BDE8084000F0B0BDBDE8084095
:1053800000F0A6BD2DE9F04186B0002305460E468B
:1053900090460593FFF786FF00BBFDB1B8F1000F03
:1053A0003ED0D8F818402CB1631E372B03D906B075
:1053B000BDE8F0811824D8F80430DB0735D4D8F8DC
:1053C00014306BB19A08D8E90270D8F8001057B1C0
:1053D000772803D9D8F8100000B1BBB90598E6E7E3
:1053E0004FF48072EFE70028F8D1D8F81030002B86
:1053F000F4D105AB013C019300943346284600F0FC
:1054000034FC01281CBF00230593E7E7013CCDE9EC
:10541000010700943346284600F0DDFB0590DDE7E8
:10542000414618244FF48072E3E70020BFE701F003
:10543000EDB808B5FFF736FF50B94FF0E0234FF055
:105440008052C3F8042DBFF34F8FBFF36F8F08BD99
:105450006FF00500FBE738B50546FFF723FF04466C
:1054600050B965B1284600F08BFC04280AD02846C4
:1054700000F02AFC204638BD6FF00500FBE76FF016
:105480000300F8E76FF00200F5E710B50446FFF7F8
:1054900009FF28B914B1204600F09EFE002010BD7F
:1054A0006FF00500FBE710B50446FFF7FBFE50B9AF
:1054B0005CB1D4E9020328B11F2B04D9BDE8104028
:1054C000FFF70AB80BB1002010BDBDE81040FFF790
:1054D00027B837B50C46054630B3B1F1807F23D2EB
:1054E000FFF7E0FEC8B1002301AA21462846019338
:1054F000FFF76CF9D8B12846FFF7E6F8019B4BB1EE
:105500004FF0E0234FF08052C3F8042DBFF34F8FCC
:10551000BFF36F8F204303B030BD2146284603B050
:10552000BDE83040FFF7DEB86FF00300F3E76FF03F
:105530000200F0E770B50E46054600B3B1F1807F7A
:105540001DD2FFF7AFFEA0B12846FFF7BDF83146E8
:1055500004462846FFF7B0F8A0B14FF0E0234FF023
:105560008052C3F8042DBFF34F8FBFF36F8F2046D7
:1055700070BD31462846BDE87040FFF777B86FF040
:105580000304F4E76FF00204F1E72DE9F3410C4660
:1055900015461E46074610B1B1F1807F04D36FF067
:1055A000030002B0BDE8F081FFF77CFE20B1002EC1
:1055B000F5D16FF00500F4E705F0010885F002026F
:1055C000C2F340020096434621463846FEF7B6FF36
:1055D00004EA0002B8F1000F08D0A242E1D0002E88
:1055E00014BF6FF001006FF00200DAE7002AF6D076
:1055F000D7E738B50546FFF755FE044628B93DB153
:105600002846FFF7B5F8204638BD6FF00500FBE7E8
:105610006FF00300F8E738B50546FFF743FE10B119
:105620000024204638BD25B9BDE838400120FFF7E9
:1056300069BB6B681A07F3D4D5E9021203F00103C2
:1056400079B14F2AECD99BB10420FFF727FB044620
:105650000028E5D0296809B1FFF7A2FD44F0010454
:10566000DFE7002ADCD17BB10420FFF74BFBEEE73C
:105670000120FFF713FB04460028D1D02968002938
:10568000CFD0FFF78DFDCCE70120FFF73BFBF2E722
:10569000F8B505460C4620F0010600F00107FFF7BB
:1056A00001FEA0B9012D15D92146304667B1FFF79B
:1056B000FAFC012801D10020F8BD002C14BF6FF0C6
:1056C00001006FF00200F7E7FFF739FCF1E76FF038
:1056D0000500F1E76FF00300EEE770B5044620F037
:1056E000010500F00106FFF7DDFD90B9012C13D98B
:1056F00046B12846FFF7E7FA01280CBF00206FF0FB
:10570000020070BD3346324631462846FFF70AFA9A
:10571000F2E76FF00500F4E76FF00300F1E738B54A
:105720000546FFF7BFFD044640B955B12846FFF7CF
:105730005FFD2846FFF77EFD204638BD6FF005006F
:10574000FBE76FF00300F8E7F7B505460E46144691
:10575000FFF7A8FD18B10025284603B0F0BD002DC5
:10576000F9D0002EF7D03CB3D4E90232BBB14F2AB6
:10577000F1D92269002AEED0676906FB05F18F4254
:10578000E9D3009031462846FFF75BF9054600282B
:10579000E1D021680029DFD0FFF702FDDCE7002A15
:1057A000D9D12369002BD6D16269002AD3D13146E1
:1057B0002846FFF787F9E9E722463146284603B035
:1057C000BDE8F040FFF77EB973B51C4605460E46AE
:1057D000FFF768FD0346F0B15DB356B34CBB2346FB
:1057E00001AA314628460194FFF79EFA012803D00A
:1057F0006FF0020002B070BD019B0BB90020F9E709
:105800004FF0E0234FF08052C3F8042DBFF34F8FC9
:10581000BFF36F8FF2E765B15EB12246314628468D
:10582000FFF780F90128E9D0002CE1D06FF00100EA
:10583000E0E76FF00300DDE773B505460E461C4652
:10584000FFF730FDE8B155B34EB344BB01AA314672
:1058500028460194FFF748FC012803D06FF00200AE
:1058600002B070BD019B0BB90020F9E74FF0E023B7
:105870004FF08052C3F8042DBFF34F8FBFF36F8FEB
:10588000F2E765B15EB1224631462846FFF7B8FA25
:105890000128E9D0002CE1D06FF00100E0E76FF0C3
:1058A0000300DDE7FFF73BBF034B0360034B0B60D7
:1058B0004FF480731360704768820000687E0000B8
:1058C000034B0360034B0B604FF40073136070478E
:1058D000F07D0000F07500002DE9F041044602F073
:1058E000F7F8334B334E1A68334F01321A6035687C
:1058F000002D52D134601B68012B1FD1B8464046A1
:105900000135FEF786FF382D08F11408F7D1DFF8CE
:10591000D0802A4D4046FEF77CFF2846FEF779FFEF
:105920002748FEF776FF2748FEF773FF2648FEF765
:1059300070FF264BC3F80080254B1D60254A136875
:1059400001331360244AA3641168E36A8B4288BF61
:10595000136014225343F918201D4A68A260956809
:10596000E56068609060FA5861610132FA5002F0B7
:10597000CFF81A4B1B6873B13368DA6AE36A9A424C
:1059800009D24FF0E0234FF08052C3F8042DBFF34B
:105990004F8FBFF36F8FBDE8F081104B1A68E36A39
:1059A000002ACBD13268D26A9A4298BF3460C5E7E8
:1059B0004C83000024880000C48300009C83000006
:1059C000808300006C8300005483000098830000F3
:1059D0009483000030830000448300004083000073
:1059E000B08300002DE9F8431F4B204C1D68204B6D
:1059F000D3F800801F4B0646D3F800902368206838
:105A0000002283F8722004300F46FEF732FF731C29
:105A100014D19FB1184B21685A688A602168906838
:105A2000C8602168043141602168043191602268B6
:105A300053611A6801321A60BDE8F883236821684F
:105A4000AD195D6001F1040104D34846BDE8F84397
:105A5000FEF7F8BE4046FEF7F5FE084B1A68AA426C
:105A600088BF1D60E8E700BF48830000248800006D
:105A70009883000094830000548300002C8300006E
:105A8000064A13681968064B19B94FF0FF321A60BD
:105A900070471268D2681268F9E700BF9883000067
:105AA0002C83000010B590F8713004463BB9006BB0
:105AB00002F02AFA2046BDE8104002F025BA012B78
:105AC000F9D0022B08D04FF0140383F31188BFF3F1
:105AD0006F8FBFF34F8FFEE710BD0000F8B50C4C81
:105AE0000C4F0D4D236803B9F8BD01F0F1FFFB68C1
:105AF000DE68301DFEF7BDFE2B68013B2B6023687E
:105B0000013B236002F004F83046FFF7CBFFE9E7E2
:105B1000688300006C8300004C83000008B5084EC9
:105B20004FF0E0244FF08055FFF7D8FF3368012B8A
:105B3000FAD9C4F8045DBFF34F8FBFF36F8FF3E75B
:105B4000C48300002DE9F0470A9C96003246804647
:105B50000D46206BA5219946DDE9087A02F076FA18
:105B6000236B043E1E4426F0070666646DB16B1E6F
:105B700004F133020E3513F8011F02F8011F09B1B9
:105B8000AB42F8D1002384F84230372F08D94FF0C8
:105B9000140383F31188BFF36F8FBFF34F8FFEE7BA
:105BA000E7622765201DFEF73FFEC7F1380704F1C5
:105BB0001800FEF739FE2461A76164624A46414637
:105BC000304601F06FFF2060BAF1000F01D0CAF833
:105BD0000040BDE8F0872DE9F04387B0DDE90F9480
:105BE0000E4600210546174698460491B9F1000F6C
:105BF00008D14FF0140383F31188BFF36F8FBFF305
:105C00004F8FFEE744B94FF0140383F31188BFF3BD
:105C10006F8FBFF34F8FFEE778230593059A9A4263
:105C200008D04FF0140383F31188BFF36F8FBFF3D5
:105C30004F8FFEE72046059B02F008FA022384F806
:105C4000713004ABC4F8309001930E9B00933A4638
:105C50004346314628460294FFF774FF2046FFF77B
:105C60003BFE049807B0BDE8F0832DE9F0430746FA
:105C700085B0900088461646994602F06FF80546B2
:105C8000F0B1782002F06AF80446B0B17822002121
:105C900002F0DCF90D9B256301930C9B00933246C7
:105CA0004B46414638460294FFF74CFF2046FFF72B
:105CB00013FE012005B0BDE8F083284602F024F968
:105CC0004FF0FF30F6E70000F8B50446254D01F02F
:105CD000FFFE04B92C68271D3846FEF7CAFDA36AEB
:105CE0001BB104F11800FEF7C4FD1F4A1F4E1368D4
:105CF000013313602B68A342336800D15BB91C4A9F
:105D00001368013B1360FFF7BBFE01F001FF204663
:105D1000FFF7C8FE09E017483946FEF788FD164A26
:105D200013680133136001F0F3FE3368C3B12B68CD
:105D3000A34215D1114B1B6843B14FF0140383F3F9
:105D40001188BFF36F8FBFF34F8FFEE74FF0E02353
:105D50004FF08052C3F8042DBFF34F8FBFF36F8F06
:105D6000F8BD00BF2488000030830000408300009D
:105D70004C8300006C8300006883000024830000D3
:105D80002DE9F041044640B94FF0140383F3118824
:105D9000BFF36F8FBFF34F8FFEE7194B1B68834232
:105DA00026D001F095FE174BD4F828801F68164BBB
:105DB00065691E6801F0ACFE144B98451AD0BD42CF
:105DC0001AD0B54218D0124B9D4209D1A36A9BB993
:105DD00094F87030012B14BF03200220BDE8F0813D
:105DE0000C4B9D420AD0002D14BF01200420F5E782
:105DF0000020F3E70120F1E70220EFE70420EDE7C0
:105E000024880000988300009483000080830000B1
:105E1000548300006C83000030B58DB008AB214A7C
:105E20001D4612F8014B03F8014B002CF9D107AACB
:105E300006A905A8CDE90544FFF736FD059B0293A9
:105E4000069B079A1848CDE9004329462346FFF7E9
:105E5000C2FE164B1860A8B100F052FE012815D101
:105E60004FF0140383F31188BFF36F8FBFF34F8F8D
:105E70000F4B4FF0FF321A600E4B18600E4B1C6038
:105E800001F082FE0D4B1B680DB030BD0130F9D121
:105E90004FF0140383F31188BFF36F8FBFF34F8F5D
:105EA000FEE700BF9C0A210871490000288300001A
:105EB0002C8300004083000048830000CC050000D4
:105EC000024A136801331360704700BF2483000047
:105ED000014B1868704700BF4883000008B501F007
:105EE0000FFF014B186808BD48830000014B18687C
:105EF000704700BF4C8300002DE9F84F544B1B68DE
:105F0000002B40F09E80534B1C6801341C60BCB9D0
:105F1000514B1A68126842B14FF0140383F3118891
:105F2000BFF36F8FBFF34F8FFEE74C4A19681068BD
:105F3000186011604A4A136801331360FFF7A0FD2F
:105F4000484D494A2B68DFF82CB19C424FF00000C5
:105F50000FD2DBF80030DB6A14214B43D358022BFD
:105F6000424B1B6828BF0120002B18BF0120BDE851
:105F7000F88FDFF804C10746374B1B681B681BB955
:105F80004FF0FF332B60E4E7334B1B68DB68DB68C3
:105F900059688C4201D22960DBE7D3E90219D3F8B2
:105FA0001480C1F80890C9F80410D8F8041003F15F
:105FB000040E7145D8F8001008BFC8F804900139E4
:105FC0005F61C8F80010D3F82880B8F1000F13D033
:105FD000D3E90719C1F80890C9F80410D8F80410DB
:105FE00003F1180A5145D8F8001008BFC8F804900A
:105FF00001399F62C8F80010D96ADCF800801426C5
:10600000414506FB01F802EB080A88BFCCF80010F6
:10601000DAF80490C3F80890D9F80860DE60C6F892
:1060200004E0C9F808E0C3F814A052F808300133BE
:1060300042F80830DBF80030DB6A994288BF012063
:106040009AE70B4A13680133136000208FE700BF03
:10605000248300004883000098830000948300009C
:10606000348300002C830000C483000038830000C8
:106070003C83000024880000448300002DE9F84F91
:1060800001F026FD4C4B1A6842B94FF0140383F31C
:106090001188BFF36F8FBFF34F8FFEE71A68013A85
:1060A0001A601B682BB1002401F032FD2046BDE8C8
:1060B000F88F424A1268002AF5D04148414C424AC2
:1060C000424E434F14254FF0010C51E0C368DB688A
:1060D000D3E90718D3F828E0C1F80880C8F80410FD
:1060E000DEF8041003F1180949454FF0000108BF1C
:1060F000CEF804809962DEF800100139CEF8001065
:10610000D3E90218D3F814E0C1F80880C8F80410E5
:10611000DEF8041003F104094945DEF8001008BF59
:10612000CEF804800139CEF80010D3F82CE02168B5
:1061300005FB0EF802EB080A8E45DAF804109960A8
:10614000D1F808B0C3F80CB0CBF80490C1F80890AF
:1061500052F8081088BFC4F800E00131C3F814A059
:1061600042F808103168C96A8E4501D9C7F800C0E5
:1061700001680029AAD10BB1FFF782FC154D2C68EC
:1061800044B1134E0127FFF7B7FE00B13760013C61
:10619000F9D12C600E4B1B68002B84D00B4B1B6875
:1061A0004FF0E0234FF08052C3F8042DBFF34F8F20
:1061B000BFF36F8F012477E7248300004C83000036
:1061C0008083000044830000C48300002488000012
:1061D000388300003C83000008B550B94FF0E0233D
:1061E0004FF08052C3F8042DBFF34F8FBFF36F8F72
:1061F00008BDFFF765FE0A4B1B68012B08D04FF066
:10620000140383F31188BFF36F8FBFF34F8FFEE743
:106210000021FFF7E7FBFFF731FF0028DED0E7E7BB
:10622000248300001C4B1A681C4BF0B512B10122EC
:106230001A60F0BD1A481A601A4D03681A4E2A688F
:106240005A671A4932684FF0140C0CFB02F35C18C1
:10625000CF58A7B1676808337F6867600B449F42D7
:1062600004BFE3686360142303FB02114B68DB681F
:1062700003603260036803685B6F2B60D9E742B943
:106280004FF0140383F31188BFF36F8FBFF34F8F69
:10629000FEE7013AD9E700BF2483000038830000FD
:1062A000248800005083000044830000C483000061
:1062B00010B50C4640B94FF0140383F31188BFF3B7
:1062C0006F8FBFF34F8FFEE7054B19681831FEF74C
:1062D000B9FA20460121BDE81040FFF783BB00BF9B
:1062E0002488000030B4034640B94FF0140383F310
:1062F0001188BFF36F8FBFF34F8FFEE7134800681D
:1063000040B94FF0140383F31188BFF36F8FBFF3CD
:106310004F8FFEE70E4C206841F0004181612068FC
:106320005968C16120688D6805622068183068600E
:1063300020681830886021688B6219680131196003
:1063400030BC01211046FFF74DBB00BF2483000085
:106350002488000070B40C46114640B94FF0140375
:1063600083F31188BFF36F8FBFF34F8FFEE70D4BA1
:1063700042681D689668EA611D682E621D681835BE
:1063800075601D681B681835956098620368002960
:1063900003F1010303600CBF20464FF0FF3070BCD7
:1063A000FFF720BB24880000C368DB68F0B543B961
:1063B0004FF0140383F31188BFF36F8FBFF34F8F38
:1063C000FEE7D3E907019A6A81604860506803F1EB
:1063D0001804A04208BF5160002199621168013978
:1063E00011601D4AD96A1268002A29D1D3E90240F6
:1063F0005A69A060446054681D1DAC4208BF5060DB
:10640000106801381060154A1068814288BF116019
:10641000134814224A43861874689C60A768DF609A
:106420007D60A5605E618358013383500D4B1B680E
:10643000DB6A994283BF0C4B012018600020F0BD3D
:106440000A4A5068D86185681D626C6084609A62EF
:10645000136801331360E9E72483000044830000DC
:10646000C48300002488000038830000808300007B
:10647000294B1B68F0B543B94FF0140383F311881F
:10648000BFF36F8FBFF34F8FFEE7C36841F000414A
:10649000016043B94FF0140383F31188BFF36F8F8A
:1064A000BFF34F8FFEE7D0E901410269A1604C6064
:1064B0005468844208BF51600021016111680139AC
:1064C0001160D3E902015A698160486050681D1D5E
:1064D000A84208BF51601168013911600F4AD96A9A
:1064E0001068814288BF11600D4814224A43861803
:1064F00074689C60A768DF607D60A5605E618358FA
:1065000001338350074B1B68DB6A994282BF064BFD
:1065100001221A60F0BD00BF248300004483000004
:10652000C48300002488000038830000034B1B68EC
:106530000360034B1B684360704700BF3483000057
:106540004883000070B50D46044640B94FF014036F
:1065500083F31188BFF36F8FBFF34F8FFEE741B90D
:106560004FF0140383F31188BFF36F8FBFF34F8F86
:10657000FEE701F0ADFA144B62681968134B186816
:1065800090F8720040B11B68002283F87220012449
:1065900001F0BEFA204670BD2B68581C12D00C4882
:1065A00026680068864204D08A4202D800232B6005
:1065B000EDE7881A8342F9D95B1A13442B60204611
:1065C000FFF7B4FF0024E3E74883000024880000BD
:1065D00034830000014B01221A60704738830000A9
:1065E00004290FD858B9084B186840B94FF0140364
:1065F00083F31188BFF36F8FBFF34F8FFEE7163120
:1066000040F82120704700BF24880000014B186823
:10661000704700BF24880000054B1B6833B1054B51
:106620001868B0FA80F040094000704701207047B8
:106630004083000024830000F8B5044600282ED0D3
:106640001D4DC36A2A68D26A93422DD282691B4EBD
:10665000002AA1BF2A68D26AC2F1380282611422DC
:1066600002FB036342699A421AD1071D3846FEF7BE
:1066700000F92B68124ADB6A1168E3628B4288BF1B
:10668000136014225343F1184A68A2609068E060D6
:1066900047609760F25861610132F2500120F8BD05
:1066A0002B68DB6AC362F9E72B68006DDB6A9842EE
:1066B0002CBF00200120F2E724880000C4830000E2
:1066C0004483000070B5044608B9002070BD1F4B1C
:1066D0001B68834208D04FF0140383F31188BFF383
:1066E0006F8FBFF34F8FFEE75B6D43B94FF014031D
:1066F00083F31188BFF36F8FBFF34F8FFEE7C16A3B
:10670000026D013B91424365DFD0002BDDD1051DB9
:106710002846FEF7AEF8236DE362C3F13802A261AA
:106720000B4A11688B4288BF13601421094A4B43FE
:10673000D0184168A1608E68E66075608D60D158A0
:1067400060610131D1500120C0E700BF2488000002
:1067500044830000C483000070B50446002846D07E
:10676000426D42B94FF0140383F31188BFF36F8F6A
:10677000BFF34F8FFEE7036D994238BF1946C36AD6
:106780008B4234D0012A32D1194A1268824208D190
:106790004FF0140383F31188BFF36F8FBFF34F8F54
:1067A000FEE78269134DC162002A4FF0140202FB1A
:1067B00003534269A4BFC1F1380181619A4216D1E5
:1067C000061D3046FEF755F80B4AE36A11688B4206
:1067D00088BF136014225343E9184A68A260906886
:1067E000E06046609660EA5861610132EA5070BD2F
:1067F00024880000C483000044830000044B1A680E
:10680000196890691A68CB6AC3F1380393617047BD
:1068100024880000034B186810B1436D01334365B1
:10682000704700BF24880000914208B541600061B4
:106830000AD8D21A83699A420DD2084B011D1868F2
:10684000FEF700F8002008BD9A4201D2994202D218
:10685000034B011DF3E70120F5E700BFD4880000DA
:10686000D888000070B504460D461646A1692B462F
:10687000324629442046FFF7D7FF00B970BDA3690F
:1068800020461D44236A9847F0E700000E4B1B6822
:10689000DB6870B5DC680546201D0E46FDF7E9FF94
:1068A00094F828305A0709D5324629462046FFF782
:1068B000D9FF236A2046BDE87040184723F0010342
:1068C00084F82830F5E700BFD8880000F8B50F4EEF
:1068D0000546FFF7FDFA33688342044609D90C4F99
:1068E0003B681A6852B90B4A11683960136001237A
:1068F00000E000232B6034602046F8BDDB684FF0D9
:10690000FF311868FFF7C2FFEAE700BFC888000040
:10691000D8880000D48800002DE9F0415B4F5C4E20
:1069200086B03B68D3F80080B8F1000F38D0DB6840
:10693000D3F800800024FFF7C3FA02A8FFF7C6FFD0
:10694000029B0546002B48D164BB404530D3FFF77E
:1069500095FB29464046FFF799FF1022002102A827
:1069600001F074FB3068002202A9FEF749FA002802
:10697000D7D0029B0498002B32DB049C6369002B68
:1069800035D101A8FFF7A2FF029B013B0546082B6A
:10699000E8D8DFE803F03030535A733030535A00F0
:1069A0000124C8E73B4B1B681C68B4FA84F46409F3
:1069B00030682246A8EB0501FEF751FCFFF75EFBAD
:1069C0000028CAD14FF0E0234FF08052C3F8042DC5
:1069D000BFF34F8FBFF36F8FBFE7FFF74FFBBCE7EE
:1069E000039B05999847029B002BBBDBC5E7201D45
:1069F000FDF73FFFC5E794F82830A16943F0010394
:106A000084F82830039B024619442046FFF70CFF08
:106A10000028A7D094F8283059070AD5A36903990C
:106A20002A4619442046FFF71DFF236A204698474F
:106A300098E723F0010384F82830F6E794F828302B
:106A400023F0010384F828308CE794F8283043F0D1
:106A5000010384F828300399A16141B94FF0140370
:106A600083F31188BFF36F8FBFF34F8FFEE70346A9
:106A7000024601442046FFF7D7FE73E794F828301A
:106A80009A07DDD4204601F03FFA6BE7D888000072
:106A9000D0880000D4880000F7B5114C01F018F838
:106AA0002568BDB90F4F104E3846FDF7B2FE30468F
:106AB000FDF7AFFE0D4B0E4A1F600E4B10211E60FE
:106AC00005200D4B0095FDF7BCFF206010B10B4970
:106AD000FEF766FB03B0BDE8F04001F019B800BF57
:106AE000D0880000F0880000DC880000D888000012
:106AF00078880000D488000028880000A10A2108B6
:106B000010B588B0FFF7C8FF124B1B68B3B1002463
:106B100007AA06A905A8CDE90544FEF7D1FE059B05
:106B20000293069B019337230093079A0A490B4867
:106B30002346FFF750F80A4B186040B94FF0140392
:106B400083F31188BFF36F8FBFF34F8FFEE70120F0
:106B500008B010BDD0880000A60A21086D570000BB
:106B6000CC8800001FB514461A466FF00103CDE92A
:106B700000300548CDE90214002369460068FEF79D
:106B8000D3F804B010BD00BFD088000010B501F0EC
:106B900071FA0446FEF74BFC20B9204601F08AFA50
:106BA000002010BD04480378FF2BF6D101F056FAFF
:106BB0000028F2D0F5E700BF8F0800002DE9F04F64
:106BC000044695B03022002108A801F03FFAA37ACC
:106BD000DB438DF82630E37A8DF8243094F8323098
:106BE00003F00302012A08BF8DF827201B0744BFCA
:106BF00003238DF82530237C03F0F003502B01D0C4
:106C0000802B5FD12688242E5CD9236ACDF84A30A8
:106C1000243EA38CDFF84892DFF848A2DFF848B2A0
:106C2000ADF84E30B6B234342778302F64D0DD2F33
:106C300000F0E0805FB96578A11C2A460AA801F03F
:106C400049FA05F150030DEB030505F8287C62783D
:106C5000C2F57F43FE3333449EB20232022E144407
:106C6000E2D8DFF80892D9F800804446A4B9302071
:106C700001F014FA09AE0746051D0FCE0FC50FCE61
:106C80000FC596E8070085E807003C60B8F1000FE3
:106C90001DD1C9F8007015E0062204F12A010DF19A
:106CA0004A0001F03BFA80B90AAA083412AD134633
:106CB00003CBAB42206061601A4604F10804F6D1B0
:106CC0001B88238015B0BDE8F08F2468CEE7BA7921
:106CD00098F80630934207D9C7F80080002CD8D026
:106CE0002760EFE79846F3E7D8F800304446002BDA
:106CF000F8D1C8F80070E5E70523B4F808808DF8EE
:106D0000253004F10A0303EB880533F82830059396
:106D100099F802308DF81E30A379029363790193BC
:106D2000B9F8002023794A48ADF81C200093524658
:106D300040F27D13594601F0DDF94648CDF8008058
:106D4000524659464FF4BF7301F0D4F9032207A904
:106D5000201D01F0E3F900287FF479AF02238DF8BC
:106D60002530059B6A7905EB83018D4216D1012AF6
:106D700004BF05238DF82530810305D582070CBF9C
:106D800009230A238DF82530C3037FF560AF324B0A
:106D900003406BBB07238DF8253058E7EB78AF78BD
:106DA0001B0443EA07632F79134343EA0723A3F540
:106DB0007A236FF440673B44082B08D8DFE803F0E0
:106DC000050907070C0F0712150040F003000435F2
:106DD000CBE740F00C00FAE740F40030F7E740F46E
:106DE0008020F4E740F48030F1E740F48010EEE7D3
:106DF0000823D0E7194B1A88ADF81C209B788DF832
:106E00001E30032207A9A01C01F088F900287FF496
:106E10001EAF6379012B7FF41AAF9DF8253013B1B3
:106E2000032B7FF414AF0123617B8DF8253004F12F
:106E30000E0303EB810233F82130002B3FF407AF40
:106E400002EB83035B78012B7FF401AF0423A2E7FD
:106E5000C8122108EC12210808000400E1132108DF
:106E6000DE132108C61321083C122108DC5F010053
:106E700030B5034600B900BE064C04F14005224679
:106E800003CAAA4218605960144603F10803F6D1F8
:106E900030BD00BF9C610100044B1B7803F0FF0173
:106EA0001BB90348442201F0D1B870479861010032
:106EB0009C610100014B1870704700BF2960010000
:106EC00030B1044B02781A7042785A700020704733
:106ED0002220704725600100074B82B01B88ADF867
:106EE00004309DF80430002063F307009DF805305E
:106EF00063F30F2002B070478D0800000A4B18683A
:106F000002460346D2B2002062F30700C3F3072211
:106F100062F30F20C3F3074262F317401B0E82B0E7
:106F200063F31F6002B0704725600100014B1870C9
:106F3000704700BF8C080000014B1878704700BFF5
:106F40008C080000014B1880704700BFE05F010013
:106F5000002979D1712821D8672809D814283AD076
:106F600014D803285FD013282ED04FF0FF3070477D
:106F70006838092800F29880DFE800F05E962696CF
:106F80009696969605485348002170473D28ECD1C7
:106F9000084640F4003040F00B007047C3282CD066
:106FA0000AD8A2284AD0C2281ED088280CBF4FF089
:106FB00004104FF0FF307047F12841D0F428D4D1AD
:106FC000084640F0050070470020DDE74FF0004024
:106FD0004FF0FF317047084640F0010070474FF016
:106FE00000404FF0FF31F7E7084640F008007047D7
:106FF0004FF000404FF0FF31F7E7084640F00A003D
:1070000070474FF000404FF0FF31F7E70920BBE732
:10701000080440F0090041F3C03170474FF00040D0
:107020004FF0FF31B5E7084640F48030B3E74FF04A
:1070300000404FF0FF31F7E72748A5E727487047A2
:10704000274870472748C3E7712830D867280FD8EA
:107050001428C4D026D80328E9D0132808BF4FF03D
:10706000004016BF4FF0FF304FF0FF310021704756
:107070006838092818D801A353F820F0995E000059
:10708000FD5E0000215E0000FD5E0000FD5E000070
:10709000FD5E0000FD5E0000FD5E0000995E0000E8
:1070A000655E00003D28B9D04FF0FF306CE7C32883
:1070B000A7D006D8A228C5D0C22899D088280948C8
:1070C000CFE7F128BED0F428EED14FF000404FF0CA
:1070D000FF3176E70400050004000300040002000D
:1070E000040001000400008020B1034B1B780370F2
:1070F00000207047222070472460010030B504460C
:1071000060B10FCC064D0FC50FCC0FC50FCC0FC50E
:1071100094E80F0085E80F00002030BD2220FCE736
:10712000E45F010004280CD8DFE800F009030B0736
:10713000090000230B70002070470123FAE70223A7
:10714000F8E70F2070470000F0B5254C25488BB0BC
:107150004FF4AA72002100F079FF206810B9FEF701
:10716000A2F92060204C206810B9FEF79CF920603D
:107170001E4DFDF74DF92C688CB92022214602A83E
:1071800000F064FF1A4B01934FF4C0623123CDE944
:107190000623184801AA2146FEF7F4F828600026C5
:1071A000104C35460127C4E90055C4E90255C4E92D
:1071B00004550020FEF72FFA07FA06F30136052ED4
:1071C000A061E36184F8407004F14404EBD10A4CFF
:1071D000206810B9FEF71FFA206000200BB0F0BD48
:1071E00090610100346001008C6101009461010034
:1071F00019132108C53100008861010010B504464B
:10720000FEF7B4F8001B10BD024B01461868FEF7EC
:1072100060B900BF9061010008B5FAF79FFF002038
:1072200008BDFBF767BB0023C0E90D3380F82130B0
:107230004384C36170472DE9F04114469279DDF82B
:1072400018800D46D10707461FD5238112F002068C
:107250004FF000032B6004D1206810B100F062FFF2
:1072600026606669FEF782F82369801B834209D392
:1072700007F108002946FAF771FF4046BDE8F041E2
:10728000FFF7C2BFA3799B0702D5206800F04AFF31
:107290002846BDE8F04100F045BF00002DE9F74F5A
:1072A000056804460F46914698464FF0000A2DB9EE
:1072B00023685BB3002003B0BDE8F08F00221146C5
:1072C000284600F0E3FE064638B3B8F1000F04D1BB
:1072D000D5F800B0AA465D46E9E70C990068C047BA
:1072E0000028F5D0D5F800B000974B463246294625
:1072F0002046FFF7A0FF2368AB42636808BFC4F8CD
:1073000000B0AB4208BFC4F804A0E3E7044A6560DC
:10731000136823EA07031360CCE70E20CBE700BF16
:10732000786501002DE9F0411D4690F8323016468F
:107330009A0704460F4602D4304600F0F3FED4F814
:107340003480FEF713F8A36BA0EB0800834211D33F
:1073500004F108003946FAF701FF2846FFF754FF09
:107360000A4A1368204623EA0503BDE8F04113608A
:10737000FFF759BF384600F0D5FE94F832309B072E
:10738000EED5304600F0CEFEEAE700BF68650100AA
:107390002DE9F04186B01E4601920023CDE903336A
:1073A000C36B009390F83230028E0546884604A8DD
:1073B00003A9FBF78DFE044660B905904FF47A737C
:1073C0001022012105A800F051FE044630B10398B7
:1073D00000F0A8FE204606B0BDE8F0810246014656
:1073E000059800F053FEDDE904236F8C136047809D
:1073F0007EB9059A039943462846FFF793FF1C2F51
:10740000E8D80A4BFB40DB0742BF094B00221A7049
:10741000E0E70C991846B0470028EAD1039800F03D
:1074200081FE059800F07EFEE9E700BF0000211014
:10743000606501002DE9F347DDF828A0054699466F
:107440000F46904600F05EFE104B9D42064613D05C
:1074500095F8213083B1CDF800A04B46424639461D
:107460002846FFF795FF044630B1304600F03EFE57
:10747000204602B0BDE8F087CDF800A04B4642465A
:1074800039462846FFF70AFF0446EEE7006101008F
:107490002DE9F34100240D4D06460127A046032C9B
:1074A00004BF04244435611D2846CDF80080002324
:1074B000324607FA01F10134FFF7BCFF052C05F154
:1074C0004405ECD1002002B0BDE8F0813460010039
:1074D00073B5044600680D4600F024FE00230193B6
:1074E00018224FF47A73012101A800F0BFFD38B1D2
:1074F0000B4A0C490C4840F2E75300F0FBFD00BE7C
:1075000000260198206026813246314600F0BEFDFB
:107510002B6803826B8C8681C38202B070BD00BF72
:10752000AD1321083C1221081C0D210870B5154629
:10753000002204460E460068114600F0A7FD38B14F
:107540008681216805F5EC70BDE87040FAF706BE4B
:1075500070BD70B50D46432D049E11461C4606D0E5
:107560006B2D07D1BDE870401A46FFF7DFBF194603
:10757000FFF7AEFF314604F5CA70BDE87040FAF778
:10758000EDBD10B583799B070C4602D5006800F06D
:10759000C9FD2046BDE8104000F0C4BD2DE9F74309
:1075A000DDF82880D0F8149004461D460E46174694
:1075B000FDF7DCFE2369A0EB090083420FD32B46C5
:1075C0002046CDF800803A463146FFF7C2FFAB684F
:1075D0000120984003B0BDE8F04300F033BD4146C0
:1075E000204603B0BDE8F043FFF7CBBF2DE9F047DD
:1075F000002386B0CDE903330E4600F013FD0446A8
:10760000002800F0D08000F07DFD94F8AD310746F1
:10761000002B6FD094F8BE31DA076BD5B4F8BC21DB
:107620000196D4F8C811009104A803A9FBF750FDF6
:10763000054618B1384600F059FD89E0049B9B7956
:107640009B072DD5B4F8AE310590432B14BF102203
:1076500018224FF47A73012105A800F007FD38B114
:10766000524A5349534840F2666300F043FD00BE5E
:1076700000221146059800F009FDDDE904318681FC
:10768000B4F8AE21039D428019606D7A4D72432A91
:1076900006D1002282811A8123680382638CC3820F
:1076A000D4F8C051FDF762FED4F8C431401B8342C8
:1076B00037D3B4F8AE316B2B2DD1049B04F5EC70AD
:1076C0001968FAF74BFD039800F02CFDA368012020
:1076D000984000F0B7FC3849A0680B78012282403E
:1076E0001343DBB20B700023C4E9703384F8AD316F
:1076F000A4F8AE31D4F88C514FF000080395DDB9F1
:107700002E49A0680B680122824023EA0203C4E9E3
:1077100063550B608EE7039904F5CA70FAF71EFDF6
:10772000D4E7049B9A79900702D5186800F0FAFC18
:10773000039800F0F7FCCEE700221146284600F03F
:10774000A5FC0346049038B9384600F0CFFC0E255E
:10775000284606B0BDE8F0879979039A0068156855
:10776000C9071AD51E81C2F8008000F0CFFC049A28
:10777000937913F00209824606D1106820B100F017
:10778000D1FC049BC3F80090039B0093049823460C
:1077900032465146FFF702FFB0E700F0C3FC039802
:1077A00000F0C0FCAAE70125D2E700BF731321084F
:1077B0003C1221081C0D210864650100746501005C
:1077C000F8B50B4F05460E46002457F8043B23B985
:1077D0000134142CF9D10020F8BDDB7EB342F7D17F
:1077E0002946E0B2FFF702FF0028F1D0F4E700BF1E
:1077F0008C5F0100F8B500F015FC0546D0B100F033
:1078000081FCD5F8D041064674B90B49A8680B68CD
:107810000122824023EA02033046C5E974440B602A
:1078200000F064FC2046F8BD2768204600F07AFC92
:107830003C46E9E70120F6E77065010070B50A4EA5
:107840000546002456F8043B23B90134142CF9D121
:10785000002070BDDB7EAB42F7D1E0B2FFF7CAFF7C
:107860000028F2D0F5E700BF8C5F01000068003807
:1078700018BF01207047000008B50B4601460548B7
:1078800000220068FDF781FEC31C012B98BF002079
:1078900008BD00BF9061010008B500F0C7FB64207F
:1078A000FDF7F3FD00F0B6FB6420FDF7EEFD0020D0
:1078B00008BD0000014B1870704700BF2A6001002E
:1078C000014B1870704700BF99610100014B187897
:1078D000704700BFF06101002DE9F0479A46036848
:1078E0000546884691464BB94368002B2FD0194B6B
:1078F000194A1A4840F61E0100F0B4FB00F002FCE1
:107900002C680646002724B9304600F0EFFB2D20F6
:1079100013E041462046C84710B927462468F2E7DD
:10792000CAF800402B68A34209D123682B6003B931
:107930006B60304600F0DAFB0020BDE8F0876B6832
:10794000A34212BF23686F6000233B60F1E71B2056
:10795000F3E700BF2E132108421321083C1221082F
:1079600037B54FF48C7314460D460193043201ABC6
:10797000214600F08FFB28B920682DB9012894BF5B
:107980000020012003B030BD281A18BF0120F9E7FC
:10799000000000000000000000000000074B196814
:1079A0000868B0E8F04F80F30988BFF36F8F4FF09D
:1079B000000080F311887047AFF300802488000036
:1079C00008480068006880F308884FF0000080F3E2
:1079D000148862B661B6BFF34F8FBFF36F8F00DFBD
:1079E00000BF000008ED00E000000000EFF3098098
:1079F000BFF36F8F154B1A681EF0100F08BF20EDF4
:107A0000108A20E9F04F10602DE909004FF01400B2
:107A100080F31188BFF34F8FBFF36F8FFEF702FC27
:107A20004FF0000080F3118809BC19680868B0E8BD
:107A3000F04F1EF0100F08BFB0EC108A80F30988D9
:107A4000BFF36F8F704700BFAFF300802488000042
:107A5000DFF80C00016841F470010160704700001C
:107A600088ED00E082B0002301930D4B1B680133C9
:107A700008D04FF0140383F31188BFF36F8FBFF367
:107A80004F8FFEE74FF0140383F31188BFF36F8F1E
:107A9000BFF34F8F019B002BFCD002B0704700BF9B
:107AA000D00500004FF0807340F8043C074B40F8CD
:107AB0000C3C21F001016FF0020340F8081C40F873
:107AC000202C40F8243C4438704700BFB9680000BF
:107AD0004FF0140383F31188BFF36F8FBFF34F8F01
:107AE0000A4A13680133012B13600ED14FF0E023D3
:107AF000D3F8043DDBB243B14FF0140383F3118894
:107B0000BFF36F8FBFF34F8FFEE77047D0050000C4
:107B1000084A136843B94FF0140383F31188BFF385
:107B20006F8FBFF34F8FFEE7013B13600BB983F3F9
:107B300011887047D005000008B54FF0140383F397
:107B40001188BFF36F8FBFF34F8FFEF7D5F928B1C0
:107B50004FF0E0234FF08052C3F8042D002383F34D
:107B6000118808BD4FF0E022002313619361054B9B
:107B70004FF47A711B68B3FBF1F3013B53610723A8
:107B800013617047885101004FF0E02337B5D3F8F7
:107B9000001D534A914208D14FF0140383F311881A
:107BA000BFF36F8FBFF34F8FFEE7D3F8001D4D4A31
:107BB000914208D14FF0140383F31188BFF36F8F04
:107BC000BFF34F8FFEE7D3F8083D474AD96A914289
:107BD00008D04FF0140383F31188BFF36F8FBFF306
:107BE0004F8FFEE79A6B414B9A4208D04FF0140337
:107BF00083F31188BFF36F8FBFF34F8FFEE700232E
:107C000001933B4B1A78D2B28DF80220FF221A70F2
:107C10001B78384ADBB28DF803309DF8033003F04F
:107C20001403137043B94FF0140383F31188BFF3A7
:107C30006F8FBFF34F8FFEE79DF80330DB4313F0E8
:107C4000140F10D04FF0140383F31188BFF36F8F1C
:107C5000BFF34F8FFEE7013301939DF803305B00C4
:107C6000DBB28DF803309DF8033013F0800F019BD9
:107C7000F1D1082B18BF019B1F4A14BFC3F10703A2
:107C800000231B0203F4E06313609DF80230184ADE
:107C90004FF0E024DBB21370D4F8203D43F47F03AF
:107CA000C4F8203DD4F8203D002543F07F43C4F8BC
:107CB000203DC4F81C5DFFF755FF104B1D60FFF71A
:107CC000C7FED4F8343F43F04043C4F8343FFFF7D5
:107CD00077FEFEF7A7FAFFF7C5FE284603B030BDD2
:107CE00071C20F4170C20F41F1670000416800008E
:107CF00000E400E00889000004890000D0050000CD
:107D0000EFF305830F2B0ED9114A9B5C114A1278B1
:107D10009A4208D94FF0140383F31188BFF36F8F91
:107D2000BFF34F8FFEE74FF0E0230B4AD3F80C3D33
:107D3000126803F4E063934208D94FF0140383F30D
:107D40001188BFF36F8FBFF34F8FFEE7704700BFFF
:107D5000F0E300E00889000004890000F8B5431E44
:107D60000A33624D24D9FEF7ABF82B6863BB0024BD
:107D70005F4A604853071FBFD11D21F0070102F57C
:107D80004842531A0CBF4FF448430A461344083B79
:107D900023F00703002141600260C3E90011991A32
:107DA000C2E900312B60544B1960544B19601BE041
:107DB00010F0070300F108040BD1FEF781F82B68DF
:107DC000002BD5D0002C11DAFEF758F900252846F3
:107DD000F8BDA3F10902A242C5D31030C41AFEF7C0
:107DE0006FF82B68002BC3D0002CEDDDDFF80CC141
:107DF000DCF80010A142E7D33E4ADFF8F4E0136854
:107E0000734502D33E4FBB4217D94FF0140383F39F
:107E10001188BFF36F8FBFF34F8FFEE7764502D314
:107E2000BE421A4608D94FF0140383F31188BFF3FA
:107E30006F8FBFF34F8FFEE733465868A04202D2E0
:107E40001E68002EEAD12D689D42BDD01568083508
:107E5000754501D3BD4208D94FF0140383F311884F
:107E6000BFF36F8FBFF34F8FFEE71F681760A0420D
:107E70000FD3001B102819D91E1916F0070F11D0A7
:107E80004FF0140383F31188BFF36F8FBFF34F8F4D
:107E9000FEE74FF0140383F31188BFF36F8FBFF336
:107EA0004F8FFEE770605C601F51166058680A1AB9
:107EB0001149CCF800200C68A24238BF0A600022A9
:107EC0001A60104A40F00040586013680133136094
:107ED000FEF7D4F86B073FF47AAF4FF0140383F347
:107EE0001188BFF36F8FBFF34F8FFEE71C8900002F
:107EF00028890000208900001489000018890000EA
:107F00002751010010890000F8B5054600286FD000
:107F1000384FA0F10804BC4212D3374EB4420FD8F8
:107F200050F8043C002B14DA50F8082CD2B14FF072
:107F3000140383F31188BFF36F8FBFF34F8FFEE7F6
:107F40004FF0140383F31188BFF36F8FBFF34F8F8C
:107F5000FEE74FF0140383F31188BFF36F8FBFF375
:107F60004F8FFEE723F0004340F8043CFDF7A8FFE5
:107F7000224A55F8041C13680B441360204B184622
:107F80001A461B689C42FBD882420CD0BA4201D3ED
:107F9000B24208D94FF0140383F31188BFF36F8FF7
:107FA000BFF34F8FFEE750681618B44206D1014464
:107FB00050188342516010D1144602E06018834289
:107FC00013D11048006883421FBF58684018606092
:107FD00018682060A24218BF14600B4A136801336E
:107FE0001360BDE8F840FEF749B845F8083CF1E7F2
:107FF000F8BD00BF28890000275101001889000042
:10800000208900001C8900000C8900005FF800F046
:10801000DD8420085FF800F0477F20085FF800F05B
:10802000F18620085FF800F0C98B20085FF800F0A7
:10803000457F20085FF800F0497F20085FF800F0D6
:10804000297D20085FF800F0218F20085FF800F0FC
:108050001FD020085FF800F0519520085FF800F06D
:108060002D2A20085FF800F089C120085FF800F091
:10807000098020085FF800F0E52920085FF800F08B
:10808000318F20085FF800F02D8B20085FF800F09A
:10809000A18020085FF800F0F59920085FF800F053
:1080A000ADC720085FF800F0ED7E20085FF800F013
:1080B0009D8B20085FF800F0ED2920085FF800F0A4
:1080C000458C20085FF800F03B7F20085FF800F047
:1080D000617F20085FF800F001D120085FF800F010
:1080E000492A20085FF800F0B58E20085FF800F0FC
:1080F000032A20085FF800F0E52B20085FF800F065
:10810000C57D20085FF800F0F72920085FF800F02F
:10811000898C20085FF800F0E17E20085FF800F00D
:10812000CBCF20085FF800F0B980200801000000E4
:1081300004A405240000004201000000ACA40524B2
:108140000000402901000000ACA4052401004029E2
:108150000100000004A505240000C020010000006B
:10816000C4A405241F000020010000009CA40524D5
:108170000100C049010000009CA4052400008062A9
:1081800001000000A4A40524000080A40100000058
:10819000A4A40524000080A4010000009CA40524E0
:1081A0000100C049010000009CA405240000806279
:1081B0000100000048870524000040830100000002
:1081C0007C8705240000001801000000408705247A
:1081D0000C0040A401000000CCA40524008000781D
:1081E00001000000C8A4052464000058010000003C
:1081F000C4A405240080007801000000C0A4052468
:108200006400005801000000E0A40524D9030050D8
:1082100001000000DCA40524BF0400580100000098
:10822000D8A405240E0100480100000038A405244C
:10823000000000280100000014A40524270080A3EA
:108240000100000038A40524030040830100000061
:1082500038A4052403004083030000000CA4052477
:108260005A0080A30CA40524020040100CA405248D
:1082700000000000030000000CA405245A0080A3A5
:108280000CA40524030040100CA4052400000000E9
:10829000030000000CA405245A0080A30CA40524AC
:1082A000000040100CA405240000000001000000A4
:1082B00008A40524150000A40100000008A405245A
:1082C000070000A40100000004A405242000C0A3AE
:1082D0000100000010A40524380080A30100000064
:1082E00010A405245A0080A30100000000A5052465
:1082F0000000805A020000009CA405240300C0ACCA
:10830000ACA40524100000200100000000A50524F5
:108310000300809C01000000D4A405240100007823
:1083200001000000D0A40524F2000080010000003C
:108330005887052403008059010000005887052450
:108340000C00002801000000408705240C0040A418
:108350000100000000A40524000000080100000046
:1083600000A40524560583A00100000038A40524BC
:10837000070040A40100000038A405240F0040A419
:108380000100000038A40524070040A401000000FB
:1083900038A405240F0040A4010000009CA405247B
:1083A00000000021010000009CA405240100002120
:1083B000010000009CA405240000C018010000007A
:1083C0009CA405240100C0180200000094A4052408
:1083D0000100009494A40524020000AD01000000F7
:1083E0009CA40524000000100100000000A5052445
:1083F0000300809C0100000000A505240000809C73
:1084000002000000A4A40524000080A4A4A4052464
:108410000000008402000000A4A40524000080A441
:10842000A4A405240100008401000000A4A40524E4
:10843000010080A401000000A4A40524020080A47F
:108440000300000098A40524F80040A3A0A405247C
:1084500010008051A0A40524010040AD01000000DF
:10846000A0A40524000040AD020000009CA4052447
:108470000000C049A0A40524000040AD0500000094
:10848000A0A40524000040AD9CA405240200806245
:1084900098A40524F80040A3A0A40524100080514E
:1084A000A0A40524010040AD0200000098A405240A
:1084B000F00040A3A0A40524010040AD020000008C
:1084C0009CA405240200C049A0A40524000040ADDE
:1084D0000200000098A405242F003EA8A0A40524B3
:1084E000200020A802000000548705240100C039A4
:1084F0005887052401000021010000005887052449
:10850000010080520300000060870524030080AC56
:10851000748705240600409C748705240400405A93
:108520000200000060870524030080AC70870524EA
:10853000010040AD01000000788705240900001803
:1085400001000000788705240800001805000000DD
:1085500074870524DA2422A8488705240000408374
:10856000408705240C004083708705240C00007BA5
:10857000708705240400001006000000748705249D
:10858000030080414887052400004083408705247C
:1085900003004083708705240200007B7087052458
:1085A0000700001074870524020000AD01000000E0
:1085B00040870524090040A40100000040870524ED
:1085C0000C0040A402000000548705240000002194
:1085D000448705240000408C0200000054870524D5
:1085E00001000021448705240100408C1300000095
:1085F000408705240C0040A440870524BF0000608C
:10860000488705242600006048870524030040941D
:108610004C87052420030070688705240300C020D0
:10862000448705240100C09C608705240100801058
:10863000788705240700404158870524CC0000585E
:10864000748705249A2412A87487052403008041A6
:108650004087052408004083708705240500007BBF
:10866000708705240400001074870524020000AD03
:1086700070870524010000847C8705240100408C5C
:108680003887052401008010090000009CA40524FF
:108690000100C049A4A405240100008400A505240C
:1086A0001900C09B94A405240100801014A4052483
:1086B0000100006394A405240100008C94A4052407
:1086C000020000ADACA405240000402910A505243B
:1086D0000100402919222008F12120080000000093
:1086E000000000000000000000000000000000008A
:1086F000000000000000000000000000000000007A
:108700000000000000000000000000000000000069
:108710000000000000000000000000000000000059
:108720000000000000000000000000000000000049
:108730000000000000000000000000000000000039
:108740000000000000000000000000000000000029
:108750000000000000000000000000000000000019
:108760000000000000000000000000000000000009
:1087700000000000000000000000000000000000F9
:1087800000000000000000000000000000000000E9
:1087900000000000000000000000000000000000D9
:1087A00000000000000000000000000000000000C9
:1087B00000000000000000000000000000000000B9
:1087C00000000000000000000000000000000000A9
:1087D0000000000000000000000000000000000099
:1087E0000000000000000000000000000000000089
:1087F0000000000000000000000000000000000079
:108800000000000000000000000000000000000068
:108810000000000000000000000000000000000058
:108820000000000000000000000000000000000048
:108830000000000000000000000000000000000038
:108840000000000000000000000000000000000028
:108850000000000000000000000000000000000018
:108860000000000000000000000000000000000008
:1088700000000000000000000000000000000000F8
:1088800000000000000000000000000000000000E8
:1088900000000000000000000000000000000000D8
:1088A00000000000000000000000000000000000C8
:1088B00000000000000000000000000000000000B8
:1088C00000000000000000000000000000000000A8
:1088D0000000000000000000000000000000000098
:1088E0000000000000000000000000000000000088
:1088F0000000000000000000000000000000000078
:108900000000000000000000000000000000000067
:108910000000000000000000000000000000000057
:108920000000000000000000000000000000000047
:108930000000000000000000000000000000000037
:108940000000000000000000000000000000000027
:108950000000000000000000000000000000000017
:108960000000000000000000000000000000000007
:1089700000000000000000000000000000000000F7
:1089800000000000000000000000000000000000E7
:1089900000000000000000000000000000000000D7
:1089A00000000000000000000000000000000000C7
:1089B00000000000000000000000000000000000B7
:1089C00000000000000000000000000000000000A7
:1089D0000000000000000000000000000000000097
:1089E0000000000000000000000000000000000087
:1089F0000000000000000000000000000000000077
:108A00000000000000000000000000000000000066
:108A10000000000000000000000000000000000056
:108A20000000000000000000000000000000000046
:108A30000000000000000000000000000000000036
:108A40000000000000000000000000000000000026
:108A50000000000000000000000000000000000016
:108A60000000000000000000000000000000000006
:108A700000000000000000000000000000000000F6
:108A800000000000000000000000000000000000E6
:108A900000000000000000000000000000000000D6
:108AA00000000000000000000000000000000000C6
:108AB00000000000000000000000000000000000B6
:108AC00000000000000000000000000000000000A6
:108AD0000000000000000000000000000000000096
:108AE0000000000000000000000000000000000086
:108AF0000000000000000000000000000000000076
:108B00000000000000000000000000000000000065
:108B10000000000000000000000000000000000055
:108B20000000000000000000000000000000000045
:108B30000000000000000000000000000000000035
:108B40000000000000000000000000000000000025
:108B50000000000000000000000000000000000015
:108B60000000000000000000000000000000000005
:108B700000000000000000000000000000000000F5
:108B800000000000000000000000000000000000E5
:108B900000000000000000000000000000000000D5
:108BA00000000000000000000000000000000000C5
:108BB00000000000000000000000000000000000B5
:108BC00000000000000000000000000000000000A5
:108BD0000000000000000000000000000000000095
:108BE0000000000000000000000000000000000085
:108BF0000000000000000000000000000000000075
:108C00000000000000000000000000000000000064
:108C10000000000000000000000000000000000054
:108C20000000000000000000000000000000000044
:108C30000000000000000000000000000000000034
:108C40000000000000000000000000000000000024
:0C8C500000000000000000000000000018
:00000001FF
